,Unnamed: 0,Time,Media file path,Total length,FPS,Subject,Behavior,Behavioral category,Comment,Status
0,0,313.664,"C:/Users/Kimberly/Desktop/Dyad Score Log Data for Editing 1-6,8-19/Dyad Videos/AVI Converted/2.avi",2109.103,59.94,Dominant,Chase,Aggressive,,POINT
1,1,320.439,"C:/Users/Kimberly/Desktop/Dyad Score Log Data for Editing 1-6,8-19/Dyad Videos/AVI Converted/2.avi",2109.103,59.94,Dominant,Chase,Aggressive,,POINT
2,2,324.589,"C:/Users/Kimberly/Desktop/Dyad Score Log Data for Editing 1-6,8-19/Dyad Videos/AVI Converted/2.avi",2109.103,59.94,Dominant,Charge,Aggressive,,POINT
3,3,327.864,"C:/Users/Kimberly/Desktop/Dyad Score Log Data for Editing 1-6,8-19/Dyad Videos/AVI Converted/2.avi",2109.103,59.94,Dominant,Charge,Aggressive,,POINT
4,4,330.014,"C:/Users/Kimberly/Desktop/Dyad Score Log Data for Editing 1-6,8-19/Dyad Videos/AVI Converted/2.avi",2109.103,59.94,Dominant,Charge,Aggressive,,POINT
5,5,330.014,"C:/Users/Kimberly/Desktop/Dyad Score Log Data for Editing 1-6,8-19/Dyad Videos/AVI Converted/2.avi",2109.103,59.94,Dominant,Lateral Side Display,Aggressive,,POINT
6,6,339.713,"C:/Users/Kimberly/Desktop/Dyad Score Log Data for Editing 1-6,8-19/Dyad Videos/AVI Converted/2.avi",2109.103,59.94,Dominant,Scrape,Aggressive,,POINT
7,7,340.313,"C:/Users/Kimberly/Desktop/Dyad Score Log Data for Editing 1-6,8-19/Dyad Videos/AVI Converted/2.avi",2109.103,59.94,Dominant,Charge,Aggressive,,POINT
8,8,340.313,"C:/Users/Kimberly/Desktop/Dyad Score Log Data for Editing 1-6,8-19/Dyad Videos/AVI Converted/2.avi",2109.103,59.94,Dominant,Lateral Side Display,Aggressive,,POINT
9,9,340.713,"C:/Users/Kimberly/Desktop/Dyad Score Log Data for Editing 1-6,8-19/Dyad Videos/AVI Converted/2.avi",2109.103,59.94,Dominant,Scrape,Aggressive,,POINT
10,10,341.739,"C:/Users/Kimberly/Desktop/Dyad Score Log Data for Editing 1-6,8-19/Dyad Videos/AVI Converted/2.avi",2109.103,59.94,Dominant,Charge,Aggressive,,POINT
11,11,345.414,"C:/Users/Kimberly/Desktop/Dyad Score Log Data for Editing 1-6,8-19/Dyad Videos/AVI Converted/2.avi",2109.103,59.94,Dominant,Charge,Aggressive,,POINT
12,12,374.664,"C:/Users/Kimberly/Desktop/Dyad Score Log Data for Editing 1-6,8-19/Dyad Videos/AVI Converted/2.avi",2109.103,59.94,Dominant,Dig Substrate,Reproductive,,POINT
13,13,377.964,"C:/Users/Kimberly/Desktop/Dyad Score Log Data for Editing 1-6,8-19/Dyad Videos/AVI Converted/2.avi",2109.103,59.94,Dominant,Lead,Reproductive,,POINT
14,14,379.214,"C:/Users/Kimberly/Desktop/Dyad Score Log Data for Editing 1-6,8-19/Dyad Videos/AVI Converted/2.avi",2109.103,59.94,Dominant,Charge,Aggressive,,POINT
15,15,379.489,"C:/Users/Kimberly/Desktop/Dyad Score Log Data for Editing 1-6,8-19/Dyad Videos/AVI Converted/2.avi",2109.103,59.94,Dominant,Chase,Aggressive,,POINT
16,16,385.864,"C:/Users/Kimberly/Desktop/Dyad Score Log Data for Editing 1-6,8-19/Dyad Videos/AVI Converted/2.avi",2109.103,59.94,Dominant,Foraging,Reproductive,,POINT
17,17,390.839,"C:/Users/Kimberly/Desktop/Dyad Score Log Data for Editing 1-6,8-19/Dyad Videos/AVI Converted/2.avi",2109.103,59.94,Dominant,Border Fight,Aggressive,,POINT
18,18,392.064,"C:/Users/Kimberly/Desktop/Dyad Score Log Data for Editing 1-6,8-19/Dyad Videos/AVI Converted/2.avi",2109.103,59.94,Dominant,Lead,Reproductive,,POINT
19,19,394.314,"C:/Users/Kimberly/Desktop/Dyad Score Log Data for Editing 1-6,8-19/Dyad Videos/AVI Converted/2.avi",2109.103,59.94,Dominant,Lead,Reproductive,,POINT
20,20,396.139,"C:/Users/Kimberly/Desktop/Dyad Score Log Data for Editing 1-6,8-19/Dyad Videos/AVI Converted/2.avi",2109.103,59.94,Dominant,Lead,Reproductive,,POINT
21,21,399.664,"C:/Users/Kimberly/Desktop/Dyad Score Log Data for Editing 1-6,8-19/Dyad Videos/AVI Converted/2.avi",2109.103,59.94,Dominant,Foraging,Reproductive,,POINT
22,22,404.739,"C:/Users/Kimberly/Desktop/Dyad Score Log Data for Editing 1-6,8-19/Dyad Videos/AVI Converted/2.avi",2109.103,59.94,Dominant,Foraging,Reproductive,,POINT
23,23,418.539,"C:/Users/Kimberly/Desktop/Dyad Score Log Data for Editing 1-6,8-19/Dyad Videos/AVI Converted/2.avi",2109.103,59.94,Dominant,Foraging,Reproductive,,POINT
24,24,419.689,"C:/Users/Kimberly/Desktop/Dyad Score Log Data for Editing 1-6,8-19/Dyad Videos/AVI Converted/2.avi",2109.103,59.94,Dominant,Scrape,Aggressive,,POINT
25,25,423.339,"C:/Users/Kimberly/Desktop/Dyad Score Log Data for Editing 1-6,8-19/Dyad Videos/AVI Converted/2.avi",2109.103,59.94,Dominant,Scrape,Aggressive,,POINT
26,26,424.864,"C:/Users/Kimberly/Desktop/Dyad Score Log Data for Editing 1-6,8-19/Dyad Videos/AVI Converted/2.avi",2109.103,59.94,Dominant,Scrape,Aggressive,,POINT
27,27,425.364,"C:/Users/Kimberly/Desktop/Dyad Score Log Data for Editing 1-6,8-19/Dyad Videos/AVI Converted/2.avi",2109.103,59.94,Dominant,Scrape,Aggressive,,POINT
28,28,425.864,"C:/Users/Kimberly/Desktop/Dyad Score Log Data for Editing 1-6,8-19/Dyad Videos/AVI Converted/2.avi",2109.103,59.94,Dominant,Scrape,Aggressive,,POINT
29,29,426.664,"C:/Users/Kimberly/Desktop/Dyad Score Log Data for Editing 1-6,8-19/Dyad Videos/AVI Converted/2.avi",2109.103,59.94,Dominant,Scrape,Aggressive,,POINT
30,30,432.439,"C:/Users/Kimberly/Desktop/Dyad Score Log Data for Editing 1-6,8-19/Dyad Videos/AVI Converted/2.avi",2109.103,59.94,Dominant,Foraging,Reproductive,,POINT
31,31,432.439,"C:/Users/Kimberly/Desktop/Dyad Score Log Data for Editing 1-6,8-19/Dyad Videos/AVI Converted/2.avi",2109.103,59.94,Dominant,Scrape,Aggressive,,POINT
32,32,435.089,"C:/Users/Kimberly/Desktop/Dyad Score Log Data for Editing 1-6,8-19/Dyad Videos/AVI Converted/2.avi",2109.103,59.94,Dominant,Scrape,Aggressive,,POINT
33,33,435.589,"C:/Users/Kimberly/Desktop/Dyad Score Log Data for Editing 1-6,8-19/Dyad Videos/AVI Converted/2.avi",2109.103,59.94,Dominant,Scrape,Aggressive,,POINT
34,34,436.864,"C:/Users/Kimberly/Desktop/Dyad Score Log Data for Editing 1-6,8-19/Dyad Videos/AVI Converted/2.avi",2109.103,59.94,Dominant,Scrape,Aggressive,,POINT
35,35,439.164,"C:/Users/Kimberly/Desktop/Dyad Score Log Data for Editing 1-6,8-19/Dyad Videos/AVI Converted/2.avi",2109.103,59.94,Dominant,Scrape,Aggressive,,POINT
36,36,440.414,"C:/Users/Kimberly/Desktop/Dyad Score Log Data for Editing 1-6,8-19/Dyad Videos/AVI Converted/2.avi",2109.103,59.94,Dominant,Scrape,Aggressive,,POINT
37,37,442.164,"C:/Users/Kimberly/Desktop/Dyad Score Log Data for Editing 1-6,8-19/Dyad Videos/AVI Converted/2.avi",2109.103,59.94,Dominant,Scrape,Aggressive,,POINT
38,38,444.164,"C:/Users/Kimberly/Desktop/Dyad Score Log Data for Editing 1-6,8-19/Dyad Videos/AVI Converted/2.avi",2109.103,59.94,Dominant,Scrape,Aggressive,,POINT
39,39,444.689,"C:/Users/Kimberly/Desktop/Dyad Score Log Data for Editing 1-6,8-19/Dyad Videos/AVI Converted/2.avi",2109.103,59.94,Dominant,Scrape,Aggressive,,POINT
40,40,445.714,"C:/Users/Kimberly/Desktop/Dyad Score Log Data for Editing 1-6,8-19/Dyad Videos/AVI Converted/2.avi",2109.103,59.94,Dominant,Scrape,Aggressive,,POINT
41,41,462.989,"C:/Users/Kimberly/Desktop/Dyad Score Log Data for Editing 1-6,8-19/Dyad Videos/AVI Converted/2.avi",2109.103,59.94,Dominant,Chase,Aggressive,,POINT
42,42,471.839,"C:/Users/Kimberly/Desktop/Dyad Score Log Data for Editing 1-6,8-19/Dyad Videos/AVI Converted/2.avi",2109.103,59.94,Dominant,Dig Substrate,Reproductive,,POINT
43,43,472.589,"C:/Users/Kimberly/Desktop/Dyad Score Log Data for Editing 1-6,8-19/Dyad Videos/AVI Converted/2.avi",2109.103,59.94,Dominant,Dig Substrate,Reproductive,,POINT
44,44,474.089,"C:/Users/Kimberly/Desktop/Dyad Score Log Data for Editing 1-6,8-19/Dyad Videos/AVI Converted/2.avi",2109.103,59.94,Dominant,Dig Substrate,Reproductive,,POINT
45,45,480.964,"C:/Users/Kimberly/Desktop/Dyad Score Log Data for Editing 1-6,8-19/Dyad Videos/AVI Converted/2.avi",2109.103,59.94,Dominant,Scrape,Aggressive,,POINT
46,46,484.014,"C:/Users/Kimberly/Desktop/Dyad Score Log Data for Editing 1-6,8-19/Dyad Videos/AVI Converted/2.avi",2109.103,59.94,Dominant,Chase,Aggressive,,POINT
47,47,491.514,"C:/Users/Kimberly/Desktop/Dyad Score Log Data for Editing 1-6,8-19/Dyad Videos/AVI Converted/2.avi",2109.103,59.94,Dominant,Foraging,Reproductive,,POINT
48,48,491.839,"C:/Users/Kimberly/Desktop/Dyad Score Log Data for Editing 1-6,8-19/Dyad Videos/AVI Converted/2.avi",2109.103,59.94,Dominant,Foraging,Reproductive,,POINT
49,49,492.114,"C:/Users/Kimberly/Desktop/Dyad Score Log Data for Editing 1-6,8-19/Dyad Videos/AVI Converted/2.avi",2109.103,59.94,Dominant,Foraging,Reproductive,,POINT
50,50,492.614,"C:/Users/Kimberly/Desktop/Dyad Score Log Data for Editing 1-6,8-19/Dyad Videos/AVI Converted/2.avi",2109.103,59.94,Dominant,Dig Substrate,Reproductive,,POINT
51,51,499.164,"C:/Users/Kimberly/Desktop/Dyad Score Log Data for Editing 1-6,8-19/Dyad Videos/AVI Converted/2.avi",2109.103,59.94,Dominant,Lead,Reproductive,,POINT
52,52,503.414,"C:/Users/Kimberly/Desktop/Dyad Score Log Data for Editing 1-6,8-19/Dyad Videos/AVI Converted/2.avi",2109.103,59.94,Dominant,Chase,Aggressive,,POINT
53,53,515.414,"C:/Users/Kimberly/Desktop/Dyad Score Log Data for Editing 1-6,8-19/Dyad Videos/AVI Converted/2.avi",2109.103,59.94,Dominant,Foraging,Reproductive,,POINT
54,54,515.664,"C:/Users/Kimberly/Desktop/Dyad Score Log Data for Editing 1-6,8-19/Dyad Videos/AVI Converted/2.avi",2109.103,59.94,Dominant,Foraging,Reproductive,,POINT
55,55,516.439,"C:/Users/Kimberly/Desktop/Dyad Score Log Data for Editing 1-6,8-19/Dyad Videos/AVI Converted/2.avi",2109.103,59.94,Dominant,Foraging,Reproductive,,POINT
56,56,517.189,"C:/Users/Kimberly/Desktop/Dyad Score Log Data for Editing 1-6,8-19/Dyad Videos/AVI Converted/2.avi",2109.103,59.94,Dominant,Foraging,Reproductive,,POINT
57,57,517.939,"C:/Users/Kimberly/Desktop/Dyad Score Log Data for Editing 1-6,8-19/Dyad Videos/AVI Converted/2.avi",2109.103,59.94,Dominant,Foraging,Reproductive,,POINT
58,58,518.939,"C:/Users/Kimberly/Desktop/Dyad Score Log Data for Editing 1-6,8-19/Dyad Videos/AVI Converted/2.avi",2109.103,59.94,Dominant,Foraging,Reproductive,,POINT
59,59,524.739,"C:/Users/Kimberly/Desktop/Dyad Score Log Data for Editing 1-6,8-19/Dyad Videos/AVI Converted/2.avi",2109.103,59.94,Dominant,Foraging,Reproductive,,POINT
60,60,526.014,"C:/Users/Kimberly/Desktop/Dyad Score Log Data for Editing 1-6,8-19/Dyad Videos/AVI Converted/2.avi",2109.103,59.94,Dominant,Foraging,Reproductive,,POINT
61,61,535.139,"C:/Users/Kimberly/Desktop/Dyad Score Log Data for Editing 1-6,8-19/Dyad Videos/AVI Converted/2.avi",2109.103,59.94,Dominant,Lead,Reproductive,,POINT
62,62,535.514,"C:/Users/Kimberly/Desktop/Dyad Score Log Data for Editing 1-6,8-19/Dyad Videos/AVI Converted/2.avi",2109.103,59.94,Dominant,Pot Entry,Reproductive,,POINT
63,63,541.764,"C:/Users/Kimberly/Desktop/Dyad Score Log Data for Editing 1-6,8-19/Dyad Videos/AVI Converted/2.avi",2109.103,59.94,Dominant,Pot Dig,Reproductive,,POINT
64,64,542.014,"C:/Users/Kimberly/Desktop/Dyad Score Log Data for Editing 1-6,8-19/Dyad Videos/AVI Converted/2.avi",2109.103,59.94,Dominant,Pot Exit,Reproductive,,POINT
65,65,543.814,"C:/Users/Kimberly/Desktop/Dyad Score Log Data for Editing 1-6,8-19/Dyad Videos/AVI Converted/2.avi",2109.103,59.94,Dominant,Lead,Reproductive,,POINT
66,66,543.839,"C:/Users/Kimberly/Desktop/Dyad Score Log Data for Editing 1-6,8-19/Dyad Videos/AVI Converted/2.avi",2109.103,59.94,Dominant,Lead,Reproductive,,POINT
67,67,545.589,"C:/Users/Kimberly/Desktop/Dyad Score Log Data for Editing 1-6,8-19/Dyad Videos/AVI Converted/2.avi",2109.103,59.94,Dominant,Chase,Aggressive,,POINT
68,68,546.989,"C:/Users/Kimberly/Desktop/Dyad Score Log Data for Editing 1-6,8-19/Dyad Videos/AVI Converted/2.avi",2109.103,59.94,Dominant,Chase,Aggressive,,POINT
69,69,557.114,"C:/Users/Kimberly/Desktop/Dyad Score Log Data for Editing 1-6,8-19/Dyad Videos/AVI Converted/2.avi",2109.103,59.94,Dominant,Foraging,Reproductive,,POINT
70,70,558.889,"C:/Users/Kimberly/Desktop/Dyad Score Log Data for Editing 1-6,8-19/Dyad Videos/AVI Converted/2.avi",2109.103,59.94,Dominant,Foraging,Reproductive,,POINT
71,71,560.139,"C:/Users/Kimberly/Desktop/Dyad Score Log Data for Editing 1-6,8-19/Dyad Videos/AVI Converted/2.avi",2109.103,59.94,Dominant,Lead,Reproductive,,POINT
72,72,561.964,"C:/Users/Kimberly/Desktop/Dyad Score Log Data for Editing 1-6,8-19/Dyad Videos/AVI Converted/2.avi",2109.103,59.94,Dominant,Foraging,Reproductive,,POINT
73,73,562.214,"C:/Users/Kimberly/Desktop/Dyad Score Log Data for Editing 1-6,8-19/Dyad Videos/AVI Converted/2.avi",2109.103,59.94,Dominant,Foraging,Reproductive,,POINT
74,74,565.989,"C:/Users/Kimberly/Desktop/Dyad Score Log Data for Editing 1-6,8-19/Dyad Videos/AVI Converted/2.avi",2109.103,59.94,Dominant,Foraging,Reproductive,,POINT
75,75,567.264,"C:/Users/Kimberly/Desktop/Dyad Score Log Data for Editing 1-6,8-19/Dyad Videos/AVI Converted/2.avi",2109.103,59.94,Dominant,Foraging,Reproductive,,POINT
76,76,572.789,"C:/Users/Kimberly/Desktop/Dyad Score Log Data for Editing 1-6,8-19/Dyad Videos/AVI Converted/2.avi",2109.103,59.94,Dominant,Dig Substrate,Reproductive,,POINT
77,77,574.264,"C:/Users/Kimberly/Desktop/Dyad Score Log Data for Editing 1-6,8-19/Dyad Videos/AVI Converted/2.avi",2109.103,59.94,Dominant,Dig Substrate,Reproductive,,POINT
78,78,576.764,"C:/Users/Kimberly/Desktop/Dyad Score Log Data for Editing 1-6,8-19/Dyad Videos/AVI Converted/2.avi",2109.103,59.94,Dominant,Dig Substrate,Reproductive,,POINT
79,79,579.289,"C:/Users/Kimberly/Desktop/Dyad Score Log Data for Editing 1-6,8-19/Dyad Videos/AVI Converted/2.avi",2109.103,59.94,Dominant,Lead,Reproductive,,POINT
80,80,580.764,"C:/Users/Kimberly/Desktop/Dyad Score Log Data for Editing 1-6,8-19/Dyad Videos/AVI Converted/2.avi",2109.103,59.94,Dominant,Border Fight,Aggressive,,POINT
81,81,581.989,"C:/Users/Kimberly/Desktop/Dyad Score Log Data for Editing 1-6,8-19/Dyad Videos/AVI Converted/2.avi",2109.103,59.94,Dominant,Chase,Aggressive,,POINT
82,82,589.164,"C:/Users/Kimberly/Desktop/Dyad Score Log Data for Editing 1-6,8-19/Dyad Videos/AVI Converted/2.avi",2109.103,59.94,Dominant,Chase,Aggressive,,POINT
83,83,590.639,"C:/Users/Kimberly/Desktop/Dyad Score Log Data for Editing 1-6,8-19/Dyad Videos/AVI Converted/2.avi",2109.103,59.94,Dominant,Chase,Aggressive,,POINT
84,84,595.189,"C:/Users/Kimberly/Desktop/Dyad Score Log Data for Editing 1-6,8-19/Dyad Videos/AVI Converted/2.avi",2109.103,59.94,Dominant,Chase,Aggressive,,POINT
85,85,596.364,"C:/Users/Kimberly/Desktop/Dyad Score Log Data for Editing 1-6,8-19/Dyad Videos/AVI Converted/2.avi",2109.103,59.94,Dominant,Border Fight,Aggressive,,POINT
86,86,602.789,"C:/Users/Kimberly/Desktop/Dyad Score Log Data for Editing 1-6,8-19/Dyad Videos/AVI Converted/2.avi",2109.103,59.94,Dominant,Lead,Reproductive,,POINT
87,87,606.664,"C:/Users/Kimberly/Desktop/Dyad Score Log Data for Editing 1-6,8-19/Dyad Videos/AVI Converted/2.avi",2109.103,59.94,Dominant,Foraging,Reproductive,,POINT
88,88,607.764,"C:/Users/Kimberly/Desktop/Dyad Score Log Data for Editing 1-6,8-19/Dyad Videos/AVI Converted/2.avi",2109.103,59.94,Dominant,Dig Substrate,Reproductive,,POINT
89,89,610.438,"C:/Users/Kimberly/Desktop/Dyad Score Log Data for Editing 1-6,8-19/Dyad Videos/AVI Converted/2.avi",2109.103,59.94,Dominant,Foraging,Reproductive,,POINT
90,90,611.638,"C:/Users/Kimberly/Desktop/Dyad Score Log Data for Editing 1-6,8-19/Dyad Videos/AVI Converted/2.avi",2109.103,59.94,Dominant,Foraging,Reproductive,,POINT
91,91,614.763,"C:/Users/Kimberly/Desktop/Dyad Score Log Data for Editing 1-6,8-19/Dyad Videos/AVI Converted/2.avi",2109.103,59.94,Dominant,Foraging,Reproductive,,POINT
92,92,616.289,"C:/Users/Kimberly/Desktop/Dyad Score Log Data for Editing 1-6,8-19/Dyad Videos/AVI Converted/2.avi",2109.103,59.94,Dominant,Dig Substrate,Reproductive,,POINT
93,93,617.788,"C:/Users/Kimberly/Desktop/Dyad Score Log Data for Editing 1-6,8-19/Dyad Videos/AVI Converted/2.avi",2109.103,59.94,Dominant,Dig Substrate,Reproductive,,POINT
94,94,621.964,"C:/Users/Kimberly/Desktop/Dyad Score Log Data for Editing 1-6,8-19/Dyad Videos/AVI Converted/2.avi",2109.103,59.94,Dominant,Foraging,Reproductive,,POINT
95,95,623.339,"C:/Users/Kimberly/Desktop/Dyad Score Log Data for Editing 1-6,8-19/Dyad Videos/AVI Converted/2.avi",2109.103,59.94,Dominant,Foraging,Reproductive,,POINT
96,96,625.639,"C:/Users/Kimberly/Desktop/Dyad Score Log Data for Editing 1-6,8-19/Dyad Videos/AVI Converted/2.avi",2109.103,59.94,Dominant,Lead,Reproductive,,POINT
97,97,626.714,"C:/Users/Kimberly/Desktop/Dyad Score Log Data for Editing 1-6,8-19/Dyad Videos/AVI Converted/2.avi",2109.103,59.94,Dominant,Quiver,Reproductive,,POINT
98,98,631.839,"C:/Users/Kimberly/Desktop/Dyad Score Log Data for Editing 1-6,8-19/Dyad Videos/AVI Converted/2.avi",2109.103,59.94,Dominant,Scrape,Aggressive,,POINT
99,99,639.889,"C:/Users/Kimberly/Desktop/Dyad Score Log Data for Editing 1-6,8-19/Dyad Videos/AVI Converted/2.avi",2109.103,59.94,Dominant,Chase,Aggressive,,POINT
100,100,642.689,"C:/Users/Kimberly/Desktop/Dyad Score Log Data for Editing 1-6,8-19/Dyad Videos/AVI Converted/2.avi",2109.103,59.94,Dominant,Border Fight,Aggressive,,POINT
101,101,647.364,"C:/Users/Kimberly/Desktop/Dyad Score Log Data for Editing 1-6,8-19/Dyad Videos/AVI Converted/2.avi",2109.103,59.94,Dominant,Chase,Aggressive,,POINT
102,102,654.664,"C:/Users/Kimberly/Desktop/Dyad Score Log Data for Editing 1-6,8-19/Dyad Videos/AVI Converted/2.avi",2109.103,59.94,Dominant,Foraging,Reproductive,,POINT
103,103,657.664,"C:/Users/Kimberly/Desktop/Dyad Score Log Data for Editing 1-6,8-19/Dyad Videos/AVI Converted/2.avi",2109.103,59.94,Dominant,Foraging,Reproductive,,POINT
104,104,662.714,"C:/Users/Kimberly/Desktop/Dyad Score Log Data for Editing 1-6,8-19/Dyad Videos/AVI Converted/2.avi",2109.103,59.94,Dominant,Foraging,Reproductive,,POINT
105,105,664.489,"C:/Users/Kimberly/Desktop/Dyad Score Log Data for Editing 1-6,8-19/Dyad Videos/AVI Converted/2.avi",2109.103,59.94,Dominant,Foraging,Reproductive,,POINT
106,106,666.789,"C:/Users/Kimberly/Desktop/Dyad Score Log Data for Editing 1-6,8-19/Dyad Videos/AVI Converted/2.avi",2109.103,59.94,Dominant,Foraging,Reproductive,,POINT
107,107,671.339,"C:/Users/Kimberly/Desktop/Dyad Score Log Data for Editing 1-6,8-19/Dyad Videos/AVI Converted/2.avi",2109.103,59.94,Dominant,Foraging,Reproductive,,POINT
108,108,682.214,"C:/Users/Kimberly/Desktop/Dyad Score Log Data for Editing 1-6,8-19/Dyad Videos/AVI Converted/2.avi",2109.103,59.94,Dominant,Dig Substrate,Reproductive,,POINT
109,109,682.914,"C:/Users/Kimberly/Desktop/Dyad Score Log Data for Editing 1-6,8-19/Dyad Videos/AVI Converted/2.avi",2109.103,59.94,Dominant,Dig Substrate,Reproductive,,POINT
110,110,684.164,"C:/Users/Kimberly/Desktop/Dyad Score Log Data for Editing 1-6,8-19/Dyad Videos/AVI Converted/2.avi",2109.103,59.94,Dominant,Dig Substrate,Reproductive,,POINT
111,111,684.914,"C:/Users/Kimberly/Desktop/Dyad Score Log Data for Editing 1-6,8-19/Dyad Videos/AVI Converted/2.avi",2109.103,59.94,Dominant,Dig Substrate,Reproductive,,POINT
112,112,685.664,"C:/Users/Kimberly/Desktop/Dyad Score Log Data for Editing 1-6,8-19/Dyad Videos/AVI Converted/2.avi",2109.103,59.94,Dominant,Foraging,Reproductive,,POINT
113,113,686.664,"C:/Users/Kimberly/Desktop/Dyad Score Log Data for Editing 1-6,8-19/Dyad Videos/AVI Converted/2.avi",2109.103,59.94,Dominant,Foraging,Reproductive,,POINT
114,114,690.739,"C:/Users/Kimberly/Desktop/Dyad Score Log Data for Editing 1-6,8-19/Dyad Videos/AVI Converted/2.avi",2109.103,59.94,Dominant,Chase,Aggressive,,POINT
115,115,693.089,"C:/Users/Kimberly/Desktop/Dyad Score Log Data for Editing 1-6,8-19/Dyad Videos/AVI Converted/2.avi",2109.103,59.94,Dominant,Chase,Aggressive,,POINT
116,116,696.939,"C:/Users/Kimberly/Desktop/Dyad Score Log Data for Editing 1-6,8-19/Dyad Videos/AVI Converted/2.avi",2109.103,59.94,Dominant,Scrape,Aggressive,,POINT
117,117,698.014,"C:/Users/Kimberly/Desktop/Dyad Score Log Data for Editing 1-6,8-19/Dyad Videos/AVI Converted/2.avi",2109.103,59.94,Dominant,Border Fight,Aggressive,,POINT
118,118,698.014,"C:/Users/Kimberly/Desktop/Dyad Score Log Data for Editing 1-6,8-19/Dyad Videos/AVI Converted/2.avi",2109.103,59.94,Dominant,Lead,Reproductive,,POINT
119,119,707.714,"C:/Users/Kimberly/Desktop/Dyad Score Log Data for Editing 1-6,8-19/Dyad Videos/AVI Converted/2.avi",2109.103,59.94,Dominant,Pot Entry,Reproductive,,POINT
120,120,710.789,"C:/Users/Kimberly/Desktop/Dyad Score Log Data for Editing 1-6,8-19/Dyad Videos/AVI Converted/2.avi",2109.103,59.94,Dominant,Pot Dig,Reproductive,,POINT
121,121,712.814,"C:/Users/Kimberly/Desktop/Dyad Score Log Data for Editing 1-6,8-19/Dyad Videos/AVI Converted/2.avi",2109.103,59.94,Dominant,Pot Dig,Reproductive,,POINT
122,122,713.314,"C:/Users/Kimberly/Desktop/Dyad Score Log Data for Editing 1-6,8-19/Dyad Videos/AVI Converted/2.avi",2109.103,59.94,Dominant,Pot Exit,Reproductive,,POINT
123,123,719.464,"C:/Users/Kimberly/Desktop/Dyad Score Log Data for Editing 1-6,8-19/Dyad Videos/AVI Converted/2.avi",2109.103,59.94,Dominant,Lead,Reproductive,,POINT
124,124,721.714,"C:/Users/Kimberly/Desktop/Dyad Score Log Data for Editing 1-6,8-19/Dyad Videos/AVI Converted/2.avi",2109.103,59.94,Dominant,Foraging,Reproductive,,POINT
125,125,722.214,"C:/Users/Kimberly/Desktop/Dyad Score Log Data for Editing 1-6,8-19/Dyad Videos/AVI Converted/2.avi",2109.103,59.94,Dominant,Foraging,Reproductive,,POINT
126,126,723.464,"C:/Users/Kimberly/Desktop/Dyad Score Log Data for Editing 1-6,8-19/Dyad Videos/AVI Converted/2.avi",2109.103,59.94,Dominant,Foraging,Reproductive,,POINT
127,127,724.964,"C:/Users/Kimberly/Desktop/Dyad Score Log Data for Editing 1-6,8-19/Dyad Videos/AVI Converted/2.avi",2109.103,59.94,Dominant,Foraging,Reproductive,,POINT
128,128,732.014,"C:/Users/Kimberly/Desktop/Dyad Score Log Data for Editing 1-6,8-19/Dyad Videos/AVI Converted/2.avi",2109.103,59.94,Dominant,Foraging,Reproductive,,POINT
129,129,736.039,"C:/Users/Kimberly/Desktop/Dyad Score Log Data for Editing 1-6,8-19/Dyad Videos/AVI Converted/2.avi",2109.103,59.94,Dominant,Foraging,Reproductive,,POINT
130,130,741.064,"C:/Users/Kimberly/Desktop/Dyad Score Log Data for Editing 1-6,8-19/Dyad Videos/AVI Converted/2.avi",2109.103,59.94,Dominant,Chase,Aggressive,,POINT
131,131,744.514,"C:/Users/Kimberly/Desktop/Dyad Score Log Data for Editing 1-6,8-19/Dyad Videos/AVI Converted/2.avi",2109.103,59.94,Dominant,Border Fight,Aggressive,,POINT
132,132,744.514,"C:/Users/Kimberly/Desktop/Dyad Score Log Data for Editing 1-6,8-19/Dyad Videos/AVI Converted/2.avi",2109.103,59.94,Dominant,Foraging,Reproductive,,POINT
133,133,744.641,"C:/Users/Kimberly/Desktop/Dyad Score Log Data for Editing 1-6,8-19/Dyad Videos/AVI Converted/2.avi",2109.103,59.94,Dominant,Chase,Aggressive,,POINT
134,134,747.964,"C:/Users/Kimberly/Desktop/Dyad Score Log Data for Editing 1-6,8-19/Dyad Videos/AVI Converted/2.avi",2109.103,59.94,Dominant,Chase,Aggressive,,POINT
135,135,749.089,"C:/Users/Kimberly/Desktop/Dyad Score Log Data for Editing 1-6,8-19/Dyad Videos/AVI Converted/2.avi",2109.103,59.94,Dominant,Scrape,Aggressive,,POINT
136,136,749.338,"C:/Users/Kimberly/Desktop/Dyad Score Log Data for Editing 1-6,8-19/Dyad Videos/AVI Converted/2.avi",2109.103,59.94,Dominant,Chase,Aggressive,,POINT
137,137,754.114,"C:/Users/Kimberly/Desktop/Dyad Score Log Data for Editing 1-6,8-19/Dyad Videos/AVI Converted/2.avi",2109.103,59.94,Dominant,Dig Substrate,Reproductive,,POINT
138,138,756.689,"C:/Users/Kimberly/Desktop/Dyad Score Log Data for Editing 1-6,8-19/Dyad Videos/AVI Converted/2.avi",2109.103,59.94,Dominant,Dig Substrate,Reproductive,,POINT
139,139,758.189,"C:/Users/Kimberly/Desktop/Dyad Score Log Data for Editing 1-6,8-19/Dyad Videos/AVI Converted/2.avi",2109.103,59.94,Dominant,Foraging,Reproductive,,POINT
140,140,759.489,"C:/Users/Kimberly/Desktop/Dyad Score Log Data for Editing 1-6,8-19/Dyad Videos/AVI Converted/2.avi",2109.103,59.94,Dominant,Foraging,Reproductive,,POINT
141,141,760.014,"C:/Users/Kimberly/Desktop/Dyad Score Log Data for Editing 1-6,8-19/Dyad Videos/AVI Converted/2.avi",2109.103,59.94,Dominant,Foraging,Reproductive,,POINT
142,142,762.039,"C:/Users/Kimberly/Desktop/Dyad Score Log Data for Editing 1-6,8-19/Dyad Videos/AVI Converted/2.avi",2109.103,59.94,Dominant,Foraging,Reproductive,,POINT
143,143,763.064,"C:/Users/Kimberly/Desktop/Dyad Score Log Data for Editing 1-6,8-19/Dyad Videos/AVI Converted/2.avi",2109.103,59.94,Dominant,Foraging,Reproductive,,POINT
144,144,765.089,"C:/Users/Kimberly/Desktop/Dyad Score Log Data for Editing 1-6,8-19/Dyad Videos/AVI Converted/2.avi",2109.103,59.94,Dominant,Chase,Aggressive,,POINT
145,145,766.464,"C:/Users/Kimberly/Desktop/Dyad Score Log Data for Editing 1-6,8-19/Dyad Videos/AVI Converted/2.avi",2109.103,59.94,Dominant,Chase,Aggressive,,POINT
146,146,766.565,"C:/Users/Kimberly/Desktop/Dyad Score Log Data for Editing 1-6,8-19/Dyad Videos/AVI Converted/2.avi",2109.103,59.94,Dominant,Scrape,Aggressive,,POINT
147,147,767.839,"C:/Users/Kimberly/Desktop/Dyad Score Log Data for Editing 1-6,8-19/Dyad Videos/AVI Converted/2.avi",2109.103,59.94,Dominant,Chase,Aggressive,,POINT
148,148,773.739,"C:/Users/Kimberly/Desktop/Dyad Score Log Data for Editing 1-6,8-19/Dyad Videos/AVI Converted/2.avi",2109.103,59.94,Dominant,Foraging,Reproductive,,POINT
149,149,774.789,"C:/Users/Kimberly/Desktop/Dyad Score Log Data for Editing 1-6,8-19/Dyad Videos/AVI Converted/2.avi",2109.103,59.94,Dominant,Foraging,Reproductive,,POINT
150,150,775.789,"C:/Users/Kimberly/Desktop/Dyad Score Log Data for Editing 1-6,8-19/Dyad Videos/AVI Converted/2.avi",2109.103,59.94,Dominant,Foraging,Reproductive,,POINT
151,151,777.289,"C:/Users/Kimberly/Desktop/Dyad Score Log Data for Editing 1-6,8-19/Dyad Videos/AVI Converted/2.avi",2109.103,59.94,Dominant,Foraging,Reproductive,,POINT
152,152,778.039,"C:/Users/Kimberly/Desktop/Dyad Score Log Data for Editing 1-6,8-19/Dyad Videos/AVI Converted/2.avi",2109.103,59.94,Dominant,Foraging,Reproductive,,POINT
153,153,781.564,"C:/Users/Kimberly/Desktop/Dyad Score Log Data for Editing 1-6,8-19/Dyad Videos/AVI Converted/2.avi",2109.103,59.94,Dominant,Foraging,Reproductive,,POINT
154,154,783.114,"C:/Users/Kimberly/Desktop/Dyad Score Log Data for Editing 1-6,8-19/Dyad Videos/AVI Converted/2.avi",2109.103,59.94,Dominant,Foraging,Reproductive,,POINT
155,155,786.164,"C:/Users/Kimberly/Desktop/Dyad Score Log Data for Editing 1-6,8-19/Dyad Videos/AVI Converted/2.avi",2109.103,59.94,Dominant,Foraging,Reproductive,,POINT
156,156,787.439,"C:/Users/Kimberly/Desktop/Dyad Score Log Data for Editing 1-6,8-19/Dyad Videos/AVI Converted/2.avi",2109.103,59.94,Dominant,Foraging,Reproductive,,POINT
157,157,788.939,"C:/Users/Kimberly/Desktop/Dyad Score Log Data for Editing 1-6,8-19/Dyad Videos/AVI Converted/2.avi",2109.103,59.94,Dominant,Foraging,Reproductive,,POINT
