,Unnamed: 0,Time,Media file path,Total length,FPS,Subject,Behavior,Behavioral category,Comment,Status
0,0,310.913,"C:/Users/Biolab/Desktop/Dyad Score Log Data for Editing 1-6,8-19/Dyad Videos/AVI Converted/18.avi",3672.67,29.97,Dominant,Scrape,Aggressive,,POINT
1,1,311.413,"C:/Users/Biolab/Desktop/Dyad Score Log Data for Editing 1-6,8-19/Dyad Videos/AVI Converted/18.avi",3672.67,29.97,Dominant,Dig Substrate,Reproductive,,POINT
2,2,313.916,"C:/Users/Biolab/Desktop/Dyad Score Log Data for Editing 1-6,8-19/Dyad Videos/AVI Converted/18.avi",3672.67,29.97,Dominant,Biting,Aggressive,,POINT
3,3,314.516,"C:/Users/Biolab/Desktop/Dyad Score Log Data for Editing 1-6,8-19/Dyad Videos/AVI Converted/18.avi",3672.67,29.97,Dominant,Biting,Aggressive,,POINT
4,4,314.617,"C:/Users/Biolab/Desktop/Dyad Score Log Data for Editing 1-6,8-19/Dyad Videos/AVI Converted/18.avi",3672.67,29.97,Dominant,Chase,Aggressive,,POINT
5,5,318.024,"C:/Users/Biolab/Desktop/Dyad Score Log Data for Editing 1-6,8-19/Dyad Videos/AVI Converted/18.avi",3672.67,29.97,Dominant,Chase,Aggressive,,POINT
6,6,319.022,"C:/Users/Biolab/Desktop/Dyad Score Log Data for Editing 1-6,8-19/Dyad Videos/AVI Converted/18.avi",3672.67,29.97,Dominant,Scrape,Aggressive,,POINT
7,7,319.424,"C:/Users/Biolab/Desktop/Dyad Score Log Data for Editing 1-6,8-19/Dyad Videos/AVI Converted/18.avi",3672.67,29.97,Dominant,Scrape,Aggressive,,POINT
8,8,328.333,"C:/Users/Biolab/Desktop/Dyad Score Log Data for Editing 1-6,8-19/Dyad Videos/AVI Converted/18.avi",3672.67,29.97,Dominant,Scrape,Aggressive,,POINT
9,9,331.736,"C:/Users/Biolab/Desktop/Dyad Score Log Data for Editing 1-6,8-19/Dyad Videos/AVI Converted/18.avi",3672.67,29.97,Dominant,Dig Substrate,Reproductive,,POINT
10,10,337.542,"C:/Users/Biolab/Desktop/Dyad Score Log Data for Editing 1-6,8-19/Dyad Videos/AVI Converted/18.avi",3672.67,29.97,Dominant,Scrape,Aggressive,,POINT
11,11,343.846,"C:/Users/Biolab/Desktop/Dyad Score Log Data for Editing 1-6,8-19/Dyad Videos/AVI Converted/18.avi",3672.67,29.97,Dominant,Foraging,Reproductive,,POINT
12,12,344.551,"C:/Users/Biolab/Desktop/Dyad Score Log Data for Editing 1-6,8-19/Dyad Videos/AVI Converted/18.avi",3672.67,29.97,Dominant,Foraging,Reproductive,,POINT
13,13,354.662,"C:/Users/Biolab/Desktop/Dyad Score Log Data for Editing 1-6,8-19/Dyad Videos/AVI Converted/18.avi",3672.67,29.97,Dominant,Dig Substrate,Reproductive,,POINT
14,14,367.67,"C:/Users/Biolab/Desktop/Dyad Score Log Data for Editing 1-6,8-19/Dyad Videos/AVI Converted/18.avi",3672.67,29.97,Dominant,Chase,Aggressive,,POINT
15,15,369.171,"C:/Users/Biolab/Desktop/Dyad Score Log Data for Editing 1-6,8-19/Dyad Videos/AVI Converted/18.avi",3672.67,29.97,Dominant,Scrape,Aggressive,,POINT
16,16,373.48,"C:/Users/Biolab/Desktop/Dyad Score Log Data for Editing 1-6,8-19/Dyad Videos/AVI Converted/18.avi",3672.67,29.97,Dominant,Dig Substrate,Reproductive,,POINT
17,17,374.78,"C:/Users/Biolab/Desktop/Dyad Score Log Data for Editing 1-6,8-19/Dyad Videos/AVI Converted/18.avi",3672.67,29.97,Dominant,Dig Substrate,Reproductive,,POINT
18,18,375.781,"C:/Users/Biolab/Desktop/Dyad Score Log Data for Editing 1-6,8-19/Dyad Videos/AVI Converted/18.avi",3672.67,29.97,Dominant,Scrape,Aggressive,,POINT
19,19,377.783,"C:/Users/Biolab/Desktop/Dyad Score Log Data for Editing 1-6,8-19/Dyad Videos/AVI Converted/18.avi",3672.67,29.97,Dominant,Dig Substrate,Reproductive,,POINT
20,20,379.983,"C:/Users/Biolab/Desktop/Dyad Score Log Data for Editing 1-6,8-19/Dyad Videos/AVI Converted/18.avi",3672.67,29.97,Dominant,Scrape,Aggressive,,POINT
21,21,380.682,"C:/Users/Biolab/Desktop/Dyad Score Log Data for Editing 1-6,8-19/Dyad Videos/AVI Converted/18.avi",3672.67,29.97,Dominant,Lead,Reproductive,,POINT
22,22,381.587,"C:/Users/Biolab/Desktop/Dyad Score Log Data for Editing 1-6,8-19/Dyad Videos/AVI Converted/18.avi",3672.67,29.97,Dominant,Quiver,Reproductive,,POINT
23,23,384.289,"C:/Users/Biolab/Desktop/Dyad Score Log Data for Editing 1-6,8-19/Dyad Videos/AVI Converted/18.avi",3672.67,29.97,Dominant,Lead,Reproductive,,POINT
24,24,384.289,"C:/Users/Biolab/Desktop/Dyad Score Log Data for Editing 1-6,8-19/Dyad Videos/AVI Converted/18.avi",3672.67,29.97,Dominant,Scrape,Aggressive,,POINT
25,25,385.69,"C:/Users/Biolab/Desktop/Dyad Score Log Data for Editing 1-6,8-19/Dyad Videos/AVI Converted/18.avi",3672.67,29.97,Dominant,Dig Substrate,Reproductive,,POINT
26,26,389.395,"C:/Users/Biolab/Desktop/Dyad Score Log Data for Editing 1-6,8-19/Dyad Videos/AVI Converted/18.avi",3672.67,29.97,Dominant,Quiver,Reproductive,,POINT
27,27,395.201,"C:/Users/Biolab/Desktop/Dyad Score Log Data for Editing 1-6,8-19/Dyad Videos/AVI Converted/18.avi",3672.67,29.97,Dominant,Lead,Reproductive,,POINT
28,28,396.198,"C:/Users/Biolab/Desktop/Dyad Score Log Data for Editing 1-6,8-19/Dyad Videos/AVI Converted/18.avi",3672.67,29.97,Dominant,Scrape,Aggressive,,POINT
29,29,398.004,"C:/Users/Biolab/Desktop/Dyad Score Log Data for Editing 1-6,8-19/Dyad Videos/AVI Converted/18.avi",3672.67,29.97,Dominant,Foraging,Reproductive,,POINT
30,30,402.205,"C:/Users/Biolab/Desktop/Dyad Score Log Data for Editing 1-6,8-19/Dyad Videos/AVI Converted/18.avi",3672.67,29.97,Dominant,Pot Entry,Reproductive,,POINT
31,31,404.006,"C:/Users/Biolab/Desktop/Dyad Score Log Data for Editing 1-6,8-19/Dyad Videos/AVI Converted/18.avi",3672.67,29.97,Dominant,Pot Exit,Reproductive,,POINT
32,32,404.008,"C:/Users/Biolab/Desktop/Dyad Score Log Data for Editing 1-6,8-19/Dyad Videos/AVI Converted/18.avi",3672.67,29.97,Dominant,Pot Dig,Reproductive,,POINT
33,33,405.407,"C:/Users/Biolab/Desktop/Dyad Score Log Data for Editing 1-6,8-19/Dyad Videos/AVI Converted/18.avi",3672.67,29.97,Dominant,Pot Entry,Reproductive,,POINT
34,34,407.71,"C:/Users/Biolab/Desktop/Dyad Score Log Data for Editing 1-6,8-19/Dyad Videos/AVI Converted/18.avi",3672.67,29.97,Dominant,Pot Exit,Reproductive,,POINT
35,35,408.01,"C:/Users/Biolab/Desktop/Dyad Score Log Data for Editing 1-6,8-19/Dyad Videos/AVI Converted/18.avi",3672.67,29.97,Dominant,Pot Dig,Reproductive,,POINT
36,36,410.212,"C:/Users/Biolab/Desktop/Dyad Score Log Data for Editing 1-6,8-19/Dyad Videos/AVI Converted/18.avi",3672.67,29.97,Dominant,Pot Entry,Reproductive,,POINT
37,37,411.717,"C:/Users/Biolab/Desktop/Dyad Score Log Data for Editing 1-6,8-19/Dyad Videos/AVI Converted/18.avi",3672.67,29.97,Dominant,Pot Dig,Reproductive,,POINT
38,38,412.415,"C:/Users/Biolab/Desktop/Dyad Score Log Data for Editing 1-6,8-19/Dyad Videos/AVI Converted/18.avi",3672.67,29.97,Dominant,Pot Exit,Reproductive,,POINT
39,39,415.22,"C:/Users/Biolab/Desktop/Dyad Score Log Data for Editing 1-6,8-19/Dyad Videos/AVI Converted/18.avi",3672.67,29.97,Dominant,Lead,Reproductive,,POINT
40,40,415.22,"C:/Users/Biolab/Desktop/Dyad Score Log Data for Editing 1-6,8-19/Dyad Videos/AVI Converted/18.avi",3672.67,29.97,Dominant,Scrape,Aggressive,,POINT
41,41,423.229,"C:/Users/Biolab/Desktop/Dyad Score Log Data for Editing 1-6,8-19/Dyad Videos/AVI Converted/18.avi",3672.67,29.97,Dominant,Dig Substrate,Reproductive,,POINT
42,42,425.03,"C:/Users/Biolab/Desktop/Dyad Score Log Data for Editing 1-6,8-19/Dyad Videos/AVI Converted/18.avi",3672.67,29.97,Dominant,Dig Substrate,Reproductive,,POINT
43,43,426.729,"C:/Users/Biolab/Desktop/Dyad Score Log Data for Editing 1-6,8-19/Dyad Videos/AVI Converted/18.avi",3672.67,29.97,Dominant,Biting,Aggressive,,POINT
44,44,428.934,"C:/Users/Biolab/Desktop/Dyad Score Log Data for Editing 1-6,8-19/Dyad Videos/AVI Converted/18.avi",3672.67,29.97,Dominant,Dig Substrate,Reproductive,,POINT
45,45,429.431,"C:/Users/Biolab/Desktop/Dyad Score Log Data for Editing 1-6,8-19/Dyad Videos/AVI Converted/18.avi",3672.67,29.97,Dominant,Biting,Aggressive,,POINT
46,46,430.335,"C:/Users/Biolab/Desktop/Dyad Score Log Data for Editing 1-6,8-19/Dyad Videos/AVI Converted/18.avi",3672.67,29.97,Dominant,Lead,Reproductive,,POINT
47,47,435.941,"C:/Users/Biolab/Desktop/Dyad Score Log Data for Editing 1-6,8-19/Dyad Videos/AVI Converted/18.avi",3672.67,29.97,Dominant,Dig Substrate,Reproductive,,POINT
48,48,437.141,"C:/Users/Biolab/Desktop/Dyad Score Log Data for Editing 1-6,8-19/Dyad Videos/AVI Converted/18.avi",3672.67,29.97,Dominant,Dig Substrate,Reproductive,,POINT
49,49,437.44,"C:/Users/Biolab/Desktop/Dyad Score Log Data for Editing 1-6,8-19/Dyad Videos/AVI Converted/18.avi",3672.67,29.97,Dominant,Biting,Aggressive,,POINT
50,50,437.939,"C:/Users/Biolab/Desktop/Dyad Score Log Data for Editing 1-6,8-19/Dyad Videos/AVI Converted/18.avi",3672.67,29.97,Dominant,Biting,Aggressive,,POINT
51,51,438.844,"C:/Users/Biolab/Desktop/Dyad Score Log Data for Editing 1-6,8-19/Dyad Videos/AVI Converted/18.avi",3672.67,29.97,Dominant,Lead,Reproductive,,POINT
52,52,439.742,"C:/Users/Biolab/Desktop/Dyad Score Log Data for Editing 1-6,8-19/Dyad Videos/AVI Converted/18.avi",3672.67,29.97,Dominant,Chase,Aggressive,,POINT
53,53,442.644,"C:/Users/Biolab/Desktop/Dyad Score Log Data for Editing 1-6,8-19/Dyad Videos/AVI Converted/18.avi",3672.67,29.97,Dominant,Biting,Aggressive,,POINT
54,54,442.844,"C:/Users/Biolab/Desktop/Dyad Score Log Data for Editing 1-6,8-19/Dyad Videos/AVI Converted/18.avi",3672.67,29.97,Dominant,Biting,Aggressive,,POINT
55,55,444.146,"C:/Users/Biolab/Desktop/Dyad Score Log Data for Editing 1-6,8-19/Dyad Videos/AVI Converted/18.avi",3672.67,29.97,Dominant,Quiver,Reproductive,,POINT
56,56,447.953,"C:/Users/Biolab/Desktop/Dyad Score Log Data for Editing 1-6,8-19/Dyad Videos/AVI Converted/18.avi",3672.67,29.97,Dominant,Foraging,Reproductive,,POINT
57,57,448.751,"C:/Users/Biolab/Desktop/Dyad Score Log Data for Editing 1-6,8-19/Dyad Videos/AVI Converted/18.avi",3672.67,29.97,Dominant,Foraging,Reproductive,,POINT
58,58,461.367,"C:/Users/Biolab/Desktop/Dyad Score Log Data for Editing 1-6,8-19/Dyad Videos/AVI Converted/18.avi",3672.67,29.97,Dominant,Lead,Reproductive,,POINT
59,59,461.464,"C:/Users/Biolab/Desktop/Dyad Score Log Data for Editing 1-6,8-19/Dyad Videos/AVI Converted/18.avi",3672.67,29.97,Dominant,Dig Substrate,Reproductive,,POINT
60,60,461.764,"C:/Users/Biolab/Desktop/Dyad Score Log Data for Editing 1-6,8-19/Dyad Videos/AVI Converted/18.avi",3672.67,29.97,Dominant,Scrape,Aggressive,,POINT
61,61,463.266,"C:/Users/Biolab/Desktop/Dyad Score Log Data for Editing 1-6,8-19/Dyad Videos/AVI Converted/18.avi",3672.67,29.97,Dominant,Dig Substrate,Reproductive,,POINT
62,62,463.565,"C:/Users/Biolab/Desktop/Dyad Score Log Data for Editing 1-6,8-19/Dyad Videos/AVI Converted/18.avi",3672.67,29.97,Dominant,Scrape,Aggressive,,POINT
63,63,464.971,"C:/Users/Biolab/Desktop/Dyad Score Log Data for Editing 1-6,8-19/Dyad Videos/AVI Converted/18.avi",3672.67,29.97,Dominant,Lead,Reproductive,,POINT
64,64,467.272,"C:/Users/Biolab/Desktop/Dyad Score Log Data for Editing 1-6,8-19/Dyad Videos/AVI Converted/18.avi",3672.67,29.97,Dominant,Lead,Reproductive,,POINT
65,65,467.569,"C:/Users/Biolab/Desktop/Dyad Score Log Data for Editing 1-6,8-19/Dyad Videos/AVI Converted/18.avi",3672.67,29.97,Dominant,Biting,Aggressive,,POINT
66,66,468.069,"C:/Users/Biolab/Desktop/Dyad Score Log Data for Editing 1-6,8-19/Dyad Videos/AVI Converted/18.avi",3672.67,29.97,Dominant,Scrape,Aggressive,,POINT
67,67,469.572,"C:/Users/Biolab/Desktop/Dyad Score Log Data for Editing 1-6,8-19/Dyad Videos/AVI Converted/18.avi",3672.67,29.97,Dominant,Biting,Aggressive,,POINT
68,68,493.295,"C:/Users/Biolab/Desktop/Dyad Score Log Data for Editing 1-6,8-19/Dyad Videos/AVI Converted/18.avi",3672.67,29.97,Dominant,Pot Entry,Reproductive,,POINT
69,69,495.402,"C:/Users/Biolab/Desktop/Dyad Score Log Data for Editing 1-6,8-19/Dyad Videos/AVI Converted/18.avi",3672.67,29.97,Dominant,Pot Dig,Reproductive,,POINT
70,70,498.2,"C:/Users/Biolab/Desktop/Dyad Score Log Data for Editing 1-6,8-19/Dyad Videos/AVI Converted/18.avi",3672.67,29.97,Dominant,Pot Dig,Reproductive,,POINT
71,71,499.702,"C:/Users/Biolab/Desktop/Dyad Score Log Data for Editing 1-6,8-19/Dyad Videos/AVI Converted/18.avi",3672.67,29.97,Dominant,Pot Exit,Reproductive,,POINT
72,72,504.008,"C:/Users/Biolab/Desktop/Dyad Score Log Data for Editing 1-6,8-19/Dyad Videos/AVI Converted/18.avi",3672.67,29.97,Dominant,Dig Substrate,Reproductive,,POINT
73,73,508.414,"C:/Users/Biolab/Desktop/Dyad Score Log Data for Editing 1-6,8-19/Dyad Videos/AVI Converted/18.avi",3672.67,29.97,Dominant,Dig Substrate,Reproductive,,POINT
74,74,509.614,"C:/Users/Biolab/Desktop/Dyad Score Log Data for Editing 1-6,8-19/Dyad Videos/AVI Converted/18.avi",3672.67,29.97,Dominant,Dig Substrate,Reproductive,,POINT
75,75,510.415,"C:/Users/Biolab/Desktop/Dyad Score Log Data for Editing 1-6,8-19/Dyad Videos/AVI Converted/18.avi",3672.67,29.97,Dominant,Dig Substrate,Reproductive,,POINT
76,76,512.417,"C:/Users/Biolab/Desktop/Dyad Score Log Data for Editing 1-6,8-19/Dyad Videos/AVI Converted/18.avi",3672.67,29.97,Dominant,Dig Substrate,Reproductive,,POINT
77,77,514.921,"C:/Users/Biolab/Desktop/Dyad Score Log Data for Editing 1-6,8-19/Dyad Videos/AVI Converted/18.avi",3672.67,29.97,Dominant,Dig Substrate,Reproductive,,POINT
78,78,519.93,"C:/Users/Biolab/Desktop/Dyad Score Log Data for Editing 1-6,8-19/Dyad Videos/AVI Converted/18.avi",3672.67,29.97,Dominant,Lead,Reproductive,,POINT
79,79,520.122,"C:/Users/Biolab/Desktop/Dyad Score Log Data for Editing 1-6,8-19/Dyad Videos/AVI Converted/18.avi",3672.67,29.97,Dominant,Biting,Aggressive,,POINT
80,80,520.322,"C:/Users/Biolab/Desktop/Dyad Score Log Data for Editing 1-6,8-19/Dyad Videos/AVI Converted/18.avi",3672.67,29.97,Dominant,Scrape,Aggressive,,POINT
81,81,521.526,"C:/Users/Biolab/Desktop/Dyad Score Log Data for Editing 1-6,8-19/Dyad Videos/AVI Converted/18.avi",3672.67,29.97,Dominant,Dig Substrate,Reproductive,,POINT
82,82,521.824,"C:/Users/Biolab/Desktop/Dyad Score Log Data for Editing 1-6,8-19/Dyad Videos/AVI Converted/18.avi",3672.67,29.97,Dominant,Biting,Aggressive,,POINT
83,83,522.725,"C:/Users/Biolab/Desktop/Dyad Score Log Data for Editing 1-6,8-19/Dyad Videos/AVI Converted/18.avi",3672.67,29.97,Dominant,Dig Substrate,Reproductive,,POINT
84,84,523.929,"C:/Users/Biolab/Desktop/Dyad Score Log Data for Editing 1-6,8-19/Dyad Videos/AVI Converted/18.avi",3672.67,29.97,Dominant,Dig Substrate,Reproductive,,POINT
85,85,530.135,"C:/Users/Biolab/Desktop/Dyad Score Log Data for Editing 1-6,8-19/Dyad Videos/AVI Converted/18.avi",3672.67,29.97,Dominant,Chase,Aggressive,,POINT
86,86,530.332,"C:/Users/Biolab/Desktop/Dyad Score Log Data for Editing 1-6,8-19/Dyad Videos/AVI Converted/18.avi",3672.67,29.97,Dominant,Scrape,Aggressive,,POINT
87,87,531.132,"C:/Users/Biolab/Desktop/Dyad Score Log Data for Editing 1-6,8-19/Dyad Videos/AVI Converted/18.avi",3672.67,29.97,Dominant,Dig Substrate,Reproductive,,POINT
88,88,531.934,"C:/Users/Biolab/Desktop/Dyad Score Log Data for Editing 1-6,8-19/Dyad Videos/AVI Converted/18.avi",3672.67,29.97,Dominant,Biting,Aggressive,,POINT
89,89,533.738,"C:/Users/Biolab/Desktop/Dyad Score Log Data for Editing 1-6,8-19/Dyad Videos/AVI Converted/18.avi",3672.67,29.97,Dominant,Lead,Reproductive,,POINT
90,90,534.137,"C:/Users/Biolab/Desktop/Dyad Score Log Data for Editing 1-6,8-19/Dyad Videos/AVI Converted/18.avi",3672.67,29.97,Dominant,Scrape,Aggressive,,POINT
91,91,534.435,"C:/Users/Biolab/Desktop/Dyad Score Log Data for Editing 1-6,8-19/Dyad Videos/AVI Converted/18.avi",3672.67,29.97,Dominant,Scrape,Aggressive,,POINT
92,92,534.637,"C:/Users/Biolab/Desktop/Dyad Score Log Data for Editing 1-6,8-19/Dyad Videos/AVI Converted/18.avi",3672.67,29.97,Dominant,Biting,Aggressive,,POINT
93,93,534.937,"C:/Users/Biolab/Desktop/Dyad Score Log Data for Editing 1-6,8-19/Dyad Videos/AVI Converted/18.avi",3672.67,29.97,Dominant,Biting,Aggressive,,POINT
94,94,536.742,"C:/Users/Biolab/Desktop/Dyad Score Log Data for Editing 1-6,8-19/Dyad Videos/AVI Converted/18.avi",3672.67,29.97,Dominant,Lead,Reproductive,,POINT
95,95,537.441,"C:/Users/Biolab/Desktop/Dyad Score Log Data for Editing 1-6,8-19/Dyad Videos/AVI Converted/18.avi",3672.67,29.97,Dominant,Charge,Aggressive,,POINT
96,96,537.64,"C:/Users/Biolab/Desktop/Dyad Score Log Data for Editing 1-6,8-19/Dyad Videos/AVI Converted/18.avi",3672.67,29.97,Dominant,Biting,Aggressive,,POINT
97,97,539.441,"C:/Users/Biolab/Desktop/Dyad Score Log Data for Editing 1-6,8-19/Dyad Videos/AVI Converted/18.avi",3672.67,29.97,Dominant,Dig Substrate,Reproductive,,POINT
98,98,539.642,"C:/Users/Biolab/Desktop/Dyad Score Log Data for Editing 1-6,8-19/Dyad Videos/AVI Converted/18.avi",3672.67,29.97,Dominant,Scrape,Aggressive,,POINT
99,99,540.843,"C:/Users/Biolab/Desktop/Dyad Score Log Data for Editing 1-6,8-19/Dyad Videos/AVI Converted/18.avi",3672.67,29.97,Dominant,Lead,Reproductive,,POINT
100,100,542.944,"C:/Users/Biolab/Desktop/Dyad Score Log Data for Editing 1-6,8-19/Dyad Videos/AVI Converted/18.avi",3672.67,29.97,Dominant,Chase,Aggressive,,POINT
101,101,543.047,"C:/Users/Biolab/Desktop/Dyad Score Log Data for Editing 1-6,8-19/Dyad Videos/AVI Converted/18.avi",3672.67,29.97,Dominant,Lead,Reproductive,,POINT
102,102,544.045,"C:/Users/Biolab/Desktop/Dyad Score Log Data for Editing 1-6,8-19/Dyad Videos/AVI Converted/18.avi",3672.67,29.97,Dominant,Biting,Aggressive,,POINT
103,103,545.347,"C:/Users/Biolab/Desktop/Dyad Score Log Data for Editing 1-6,8-19/Dyad Videos/AVI Converted/18.avi",3672.67,29.97,Dominant,Scrape,Aggressive,,POINT
104,104,562.064,"C:/Users/Biolab/Desktop/Dyad Score Log Data for Editing 1-6,8-19/Dyad Videos/AVI Converted/18.avi",3672.67,29.97,Dominant,Charge,Aggressive,,POINT
105,105,564.467,"C:/Users/Biolab/Desktop/Dyad Score Log Data for Editing 1-6,8-19/Dyad Videos/AVI Converted/18.avi",3672.67,29.97,Dominant,Scrape,Aggressive,,POINT
106,106,564.766,"C:/Users/Biolab/Desktop/Dyad Score Log Data for Editing 1-6,8-19/Dyad Videos/AVI Converted/18.avi",3672.67,29.97,Dominant,Dig Substrate,Reproductive,,POINT
107,107,565.173,"C:/Users/Biolab/Desktop/Dyad Score Log Data for Editing 1-6,8-19/Dyad Videos/AVI Converted/18.avi",3672.67,29.97,Dominant,Lead,Reproductive,,POINT
108,108,566.368,"C:/Users/Biolab/Desktop/Dyad Score Log Data for Editing 1-6,8-19/Dyad Videos/AVI Converted/18.avi",3672.67,29.97,Dominant,Quiver,Reproductive,,POINT
109,109,568.07,"C:/Users/Biolab/Desktop/Dyad Score Log Data for Editing 1-6,8-19/Dyad Videos/AVI Converted/18.avi",3672.67,29.97,Dominant,Dig Substrate,Reproductive,,POINT
110,110,568.471,"C:/Users/Biolab/Desktop/Dyad Score Log Data for Editing 1-6,8-19/Dyad Videos/AVI Converted/18.avi",3672.67,29.97,Dominant,Scrape,Aggressive,,POINT
111,111,568.476,"C:/Users/Biolab/Desktop/Dyad Score Log Data for Editing 1-6,8-19/Dyad Videos/AVI Converted/18.avi",3672.67,29.97,Dominant,Lead,Reproductive,,POINT
112,112,570.975,"C:/Users/Biolab/Desktop/Dyad Score Log Data for Editing 1-6,8-19/Dyad Videos/AVI Converted/18.avi",3672.67,29.97,Dominant,Quiver,Reproductive,,POINT
113,113,571.974,"C:/Users/Biolab/Desktop/Dyad Score Log Data for Editing 1-6,8-19/Dyad Videos/AVI Converted/18.avi",3672.67,29.97,Dominant,Biting,Aggressive,,POINT
114,114,572.076,"C:/Users/Biolab/Desktop/Dyad Score Log Data for Editing 1-6,8-19/Dyad Videos/AVI Converted/18.avi",3672.67,29.97,Dominant,Scrape,Aggressive,,POINT
115,115,573.275,"C:/Users/Biolab/Desktop/Dyad Score Log Data for Editing 1-6,8-19/Dyad Videos/AVI Converted/18.avi",3672.67,29.97,Dominant,Dig Substrate,Reproductive,,POINT
116,116,575.478,"C:/Users/Biolab/Desktop/Dyad Score Log Data for Editing 1-6,8-19/Dyad Videos/AVI Converted/18.avi",3672.67,29.97,Dominant,Biting,Aggressive,,POINT
117,117,576.181,"C:/Users/Biolab/Desktop/Dyad Score Log Data for Editing 1-6,8-19/Dyad Videos/AVI Converted/18.avi",3672.67,29.97,Dominant,Lead,Reproductive,,POINT
118,118,576.478,"C:/Users/Biolab/Desktop/Dyad Score Log Data for Editing 1-6,8-19/Dyad Videos/AVI Converted/18.avi",3672.67,29.97,Dominant,Scrape,Aggressive,,POINT
119,119,576.778,"C:/Users/Biolab/Desktop/Dyad Score Log Data for Editing 1-6,8-19/Dyad Videos/AVI Converted/18.avi",3672.67,29.97,Dominant,Biting,Aggressive,,POINT
120,120,578.78,"C:/Users/Biolab/Desktop/Dyad Score Log Data for Editing 1-6,8-19/Dyad Videos/AVI Converted/18.avi",3672.67,29.97,Dominant,Biting,Aggressive,,POINT
121,121,578.78,"C:/Users/Biolab/Desktop/Dyad Score Log Data for Editing 1-6,8-19/Dyad Videos/AVI Converted/18.avi",3672.67,29.97,Dominant,Dig Substrate,Reproductive,,POINT
122,122,578.78,"C:/Users/Biolab/Desktop/Dyad Score Log Data for Editing 1-6,8-19/Dyad Videos/AVI Converted/18.avi",3672.67,29.97,Dominant,Scrape,Aggressive,,POINT
123,123,579.082,"C:/Users/Biolab/Desktop/Dyad Score Log Data for Editing 1-6,8-19/Dyad Videos/AVI Converted/18.avi",3672.67,29.97,Dominant,Lead,Reproductive,,POINT
124,124,588.189,"C:/Users/Biolab/Desktop/Dyad Score Log Data for Editing 1-6,8-19/Dyad Videos/AVI Converted/18.avi",3672.67,29.97,Dominant,Scrape,Aggressive,,POINT
125,125,588.892,"C:/Users/Biolab/Desktop/Dyad Score Log Data for Editing 1-6,8-19/Dyad Videos/AVI Converted/18.avi",3672.67,29.97,Dominant,Quiver,Reproductive,,POINT
126,126,593.297,"C:/Users/Biolab/Desktop/Dyad Score Log Data for Editing 1-6,8-19/Dyad Videos/AVI Converted/18.avi",3672.67,29.97,Dominant,Lead,Reproductive,,POINT
127,127,593.297,"C:/Users/Biolab/Desktop/Dyad Score Log Data for Editing 1-6,8-19/Dyad Videos/AVI Converted/18.avi",3672.67,29.97,Dominant,Quiver,Reproductive,,POINT
128,128,594.896,"C:/Users/Biolab/Desktop/Dyad Score Log Data for Editing 1-6,8-19/Dyad Videos/AVI Converted/18.avi",3672.67,29.97,Dominant,Charge,Aggressive,,POINT
129,129,595.6,"C:/Users/Biolab/Desktop/Dyad Score Log Data for Editing 1-6,8-19/Dyad Videos/AVI Converted/18.avi",3672.67,29.97,Dominant,Chase,Aggressive,,POINT
130,130,597.9,"C:/Users/Biolab/Desktop/Dyad Score Log Data for Editing 1-6,8-19/Dyad Videos/AVI Converted/18.avi",3672.67,29.97,Dominant,Chase,Aggressive,,POINT
131,131,600.605,"C:/Users/Biolab/Desktop/Dyad Score Log Data for Editing 1-6,8-19/Dyad Videos/AVI Converted/18.avi",3672.67,29.97,Dominant,Chase,Aggressive,,POINT
132,132,601.907,"C:/Users/Biolab/Desktop/Dyad Score Log Data for Editing 1-6,8-19/Dyad Videos/AVI Converted/18.avi",3672.67,29.97,Dominant,Lead,Reproductive,,POINT
133,133,604.41,"C:/Users/Biolab/Desktop/Dyad Score Log Data for Editing 1-6,8-19/Dyad Videos/AVI Converted/18.avi",3672.67,29.97,Dominant,Lead,Reproductive,,POINT
134,134,609.416,"C:/Users/Biolab/Desktop/Dyad Score Log Data for Editing 1-6,8-19/Dyad Videos/AVI Converted/18.avi",3672.67,29.97,Dominant,Lead,Reproductive,,POINT
135,135,611.913,"C:/Users/Biolab/Desktop/Dyad Score Log Data for Editing 1-6,8-19/Dyad Videos/AVI Converted/18.avi",3672.67,29.97,Dominant,Dig Substrate,Reproductive,,POINT
136,136,611.913,"C:/Users/Biolab/Desktop/Dyad Score Log Data for Editing 1-6,8-19/Dyad Videos/AVI Converted/18.avi",3672.67,29.97,Dominant,Scrape,Aggressive,,POINT
137,137,611.919,"C:/Users/Biolab/Desktop/Dyad Score Log Data for Editing 1-6,8-19/Dyad Videos/AVI Converted/18.avi",3672.67,29.97,Dominant,Dig Substrate,Reproductive,,POINT
138,138,617.42,"C:/Users/Biolab/Desktop/Dyad Score Log Data for Editing 1-6,8-19/Dyad Videos/AVI Converted/18.avi",3672.67,29.97,Dominant,Biting,Aggressive,,POINT
139,139,617.82,"C:/Users/Biolab/Desktop/Dyad Score Log Data for Editing 1-6,8-19/Dyad Videos/AVI Converted/18.avi",3672.67,29.97,Dominant,Scrape,Aggressive,,POINT
140,140,626.131,"C:/Users/Biolab/Desktop/Dyad Score Log Data for Editing 1-6,8-19/Dyad Videos/AVI Converted/18.avi",3672.67,29.97,Dominant,Lead,Reproductive,,POINT
141,141,627.93,"C:/Users/Biolab/Desktop/Dyad Score Log Data for Editing 1-6,8-19/Dyad Videos/AVI Converted/18.avi",3672.67,29.97,Dominant,Biting,Aggressive,,POINT
142,142,629.135,"C:/Users/Biolab/Desktop/Dyad Score Log Data for Editing 1-6,8-19/Dyad Videos/AVI Converted/18.avi",3672.67,29.97,Dominant,Lead,Reproductive,,POINT
143,143,630.031,"C:/Users/Biolab/Desktop/Dyad Score Log Data for Editing 1-6,8-19/Dyad Videos/AVI Converted/18.avi",3672.67,29.97,Dominant,Biting,Aggressive,,POINT
144,144,630.735,"C:/Users/Biolab/Desktop/Dyad Score Log Data for Editing 1-6,8-19/Dyad Videos/AVI Converted/18.avi",3672.67,29.97,Dominant,Lead,Reproductive,,POINT
145,145,634.239,"C:/Users/Biolab/Desktop/Dyad Score Log Data for Editing 1-6,8-19/Dyad Videos/AVI Converted/18.avi",3672.67,29.97,Dominant,Chase,Aggressive,,POINT
146,146,637.042,"C:/Users/Biolab/Desktop/Dyad Score Log Data for Editing 1-6,8-19/Dyad Videos/AVI Converted/18.avi",3672.67,29.97,Dominant,Quiver,Reproductive,,POINT
147,147,638.843,"C:/Users/Biolab/Desktop/Dyad Score Log Data for Editing 1-6,8-19/Dyad Videos/AVI Converted/18.avi",3672.67,29.97,Dominant,Lead,Reproductive,,POINT
148,148,639.444,"C:/Users/Biolab/Desktop/Dyad Score Log Data for Editing 1-6,8-19/Dyad Videos/AVI Converted/18.avi",3672.67,29.97,Dominant,Quiver,Reproductive,,POINT
149,149,641.947,"C:/Users/Biolab/Desktop/Dyad Score Log Data for Editing 1-6,8-19/Dyad Videos/AVI Converted/18.avi",3672.67,29.97,Dominant,Lead,Reproductive,,POINT
150,150,643.949,"C:/Users/Biolab/Desktop/Dyad Score Log Data for Editing 1-6,8-19/Dyad Videos/AVI Converted/18.avi",3672.67,29.97,Dominant,Lead,Reproductive,,POINT
151,151,644.146,"C:/Users/Biolab/Desktop/Dyad Score Log Data for Editing 1-6,8-19/Dyad Videos/AVI Converted/18.avi",3672.67,29.97,Dominant,Biting,Aggressive,,POINT
152,152,646.652,"C:/Users/Biolab/Desktop/Dyad Score Log Data for Editing 1-6,8-19/Dyad Videos/AVI Converted/18.avi",3672.67,29.97,Dominant,Lead,Reproductive,,POINT
153,153,647.849,"C:/Users/Biolab/Desktop/Dyad Score Log Data for Editing 1-6,8-19/Dyad Videos/AVI Converted/18.avi",3672.67,29.97,Dominant,Biting,Aggressive,,POINT
154,154,650.856,"C:/Users/Biolab/Desktop/Dyad Score Log Data for Editing 1-6,8-19/Dyad Videos/AVI Converted/18.avi",3672.67,29.97,Dominant,Lead,Reproductive,,POINT
155,155,662.365,"C:/Users/Biolab/Desktop/Dyad Score Log Data for Editing 1-6,8-19/Dyad Videos/AVI Converted/18.avi",3672.67,29.97,Dominant,Charge,Aggressive,,POINT
156,156,662.467,"C:/Users/Biolab/Desktop/Dyad Score Log Data for Editing 1-6,8-19/Dyad Videos/AVI Converted/18.avi",3672.67,29.97,Dominant,Lead,Reproductive,,POINT
157,157,664.367,"C:/Users/Biolab/Desktop/Dyad Score Log Data for Editing 1-6,8-19/Dyad Videos/AVI Converted/18.avi",3672.67,29.97,Dominant,Biting,Aggressive,,POINT
158,158,665.07,"C:/Users/Biolab/Desktop/Dyad Score Log Data for Editing 1-6,8-19/Dyad Videos/AVI Converted/18.avi",3672.67,29.97,Dominant,Quiver,Reproductive,,POINT
159,159,666.271,"C:/Users/Biolab/Desktop/Dyad Score Log Data for Editing 1-6,8-19/Dyad Videos/AVI Converted/18.avi",3672.67,29.97,Dominant,Lead,Reproductive,,POINT
160,160,667.269,"C:/Users/Biolab/Desktop/Dyad Score Log Data for Editing 1-6,8-19/Dyad Videos/AVI Converted/18.avi",3672.67,29.97,Dominant,Scrape,Aggressive,,POINT
161,161,673.478,"C:/Users/Biolab/Desktop/Dyad Score Log Data for Editing 1-6,8-19/Dyad Videos/AVI Converted/18.avi",3672.67,29.97,Dominant,Quiver,Reproductive,,POINT
162,162,676.379,"C:/Users/Biolab/Desktop/Dyad Score Log Data for Editing 1-6,8-19/Dyad Videos/AVI Converted/18.avi",3672.67,29.97,Dominant,Dig Substrate,Reproductive,,POINT
163,163,676.477,"C:/Users/Biolab/Desktop/Dyad Score Log Data for Editing 1-6,8-19/Dyad Videos/AVI Converted/18.avi",3672.67,29.97,Dominant,Lead,Reproductive,,POINT
164,164,676.477,"C:/Users/Biolab/Desktop/Dyad Score Log Data for Editing 1-6,8-19/Dyad Videos/AVI Converted/18.avi",3672.67,29.97,Dominant,Quiver,Reproductive,,POINT
165,165,677.582,"C:/Users/Biolab/Desktop/Dyad Score Log Data for Editing 1-6,8-19/Dyad Videos/AVI Converted/18.avi",3672.67,29.97,Dominant,Quiver,Reproductive,,POINT
166,166,686.388,"C:/Users/Biolab/Desktop/Dyad Score Log Data for Editing 1-6,8-19/Dyad Videos/AVI Converted/18.avi",3672.67,29.97,Dominant,Lead,Reproductive,,POINT
167,167,707.412,"C:/Users/Biolab/Desktop/Dyad Score Log Data for Editing 1-6,8-19/Dyad Videos/AVI Converted/18.avi",3672.67,29.97,Dominant,Quiver,Reproductive,,POINT
168,168,707.614,"C:/Users/Biolab/Desktop/Dyad Score Log Data for Editing 1-6,8-19/Dyad Videos/AVI Converted/18.avi",3672.67,29.97,Dominant,Lead,Reproductive,,POINT
169,169,719.423,"C:/Users/Biolab/Desktop/Dyad Score Log Data for Editing 1-6,8-19/Dyad Videos/AVI Converted/18.avi",3672.67,29.97,Dominant,Quiver,Reproductive,,POINT
170,170,723.524,"C:/Users/Biolab/Desktop/Dyad Score Log Data for Editing 1-6,8-19/Dyad Videos/AVI Converted/18.avi",3672.67,29.97,Dominant,Charge,Aggressive,,POINT
171,171,723.729,"C:/Users/Biolab/Desktop/Dyad Score Log Data for Editing 1-6,8-19/Dyad Videos/AVI Converted/18.avi",3672.67,29.97,Dominant,Lead,Reproductive,,POINT
172,172,724.229,"C:/Users/Biolab/Desktop/Dyad Score Log Data for Editing 1-6,8-19/Dyad Videos/AVI Converted/18.avi",3672.67,29.97,Dominant,Quiver,Reproductive,,POINT
173,173,729.831,"C:/Users/Biolab/Desktop/Dyad Score Log Data for Editing 1-6,8-19/Dyad Videos/AVI Converted/18.avi",3672.67,29.97,Dominant,Quiver,Reproductive,,POINT
174,174,729.835,"C:/Users/Biolab/Desktop/Dyad Score Log Data for Editing 1-6,8-19/Dyad Videos/AVI Converted/18.avi",3672.67,29.97,Dominant,Lead,Reproductive,,POINT
175,175,735.139,"C:/Users/Biolab/Desktop/Dyad Score Log Data for Editing 1-6,8-19/Dyad Videos/AVI Converted/18.avi",3672.67,29.97,Dominant,Lead,Reproductive,,POINT
176,176,735.139,"C:/Users/Biolab/Desktop/Dyad Score Log Data for Editing 1-6,8-19/Dyad Videos/AVI Converted/18.avi",3672.67,29.97,Dominant,Quiver,Reproductive,,POINT
177,177,747.351,"C:/Users/Biolab/Desktop/Dyad Score Log Data for Editing 1-6,8-19/Dyad Videos/AVI Converted/18.avi",3672.67,29.97,Dominant,Quiver,Reproductive,,POINT
178,178,753.858,"C:/Users/Biolab/Desktop/Dyad Score Log Data for Editing 1-6,8-19/Dyad Videos/AVI Converted/18.avi",3672.67,29.97,Dominant,Foraging,Reproductive,,POINT
179,179,755.86,"C:/Users/Biolab/Desktop/Dyad Score Log Data for Editing 1-6,8-19/Dyad Videos/AVI Converted/18.avi",3672.67,29.97,Dominant,Quiver,Reproductive,,POINT
180,180,756.861,"C:/Users/Biolab/Desktop/Dyad Score Log Data for Editing 1-6,8-19/Dyad Videos/AVI Converted/18.avi",3672.67,29.97,Dominant,Foraging,Reproductive,,POINT
181,181,762.167,"C:/Users/Biolab/Desktop/Dyad Score Log Data for Editing 1-6,8-19/Dyad Videos/AVI Converted/18.avi",3672.67,29.97,Dominant,Lead,Reproductive,,POINT
182,182,762.167,"C:/Users/Biolab/Desktop/Dyad Score Log Data for Editing 1-6,8-19/Dyad Videos/AVI Converted/18.avi",3672.67,29.97,Dominant,Quiver,Reproductive,,POINT
183,183,775.882,"C:/Users/Biolab/Desktop/Dyad Score Log Data for Editing 1-6,8-19/Dyad Videos/AVI Converted/18.avi",3672.67,29.97,Dominant,Quiver,Reproductive,,POINT
184,184,794.599,"C:/Users/Biolab/Desktop/Dyad Score Log Data for Editing 1-6,8-19/Dyad Videos/AVI Converted/18.avi",3672.67,29.97,Dominant,Quiver,Reproductive,,POINT
185,185,796.7,"C:/Users/Biolab/Desktop/Dyad Score Log Data for Editing 1-6,8-19/Dyad Videos/AVI Converted/18.avi",3672.67,29.97,Dominant,Lead,Reproductive,,POINT
186,186,796.902,"C:/Users/Biolab/Desktop/Dyad Score Log Data for Editing 1-6,8-19/Dyad Videos/AVI Converted/18.avi",3672.67,29.97,Dominant,Foraging,Reproductive,,POINT
187,187,797.499,"C:/Users/Biolab/Desktop/Dyad Score Log Data for Editing 1-6,8-19/Dyad Videos/AVI Converted/18.avi",3672.67,29.97,Dominant,Foraging,Reproductive,,POINT
188,188,798.499,"C:/Users/Biolab/Desktop/Dyad Score Log Data for Editing 1-6,8-19/Dyad Videos/AVI Converted/18.avi",3672.67,29.97,Dominant,Foraging,Reproductive,,POINT
189,189,799.2,"C:/Users/Biolab/Desktop/Dyad Score Log Data for Editing 1-6,8-19/Dyad Videos/AVI Converted/18.avi",3672.67,29.97,Dominant,Charge,Aggressive,,POINT
190,190,900.704,"C:/Users/Biolab/Desktop/Dyad Score Log Data for Editing 1-6,8-19/Dyad Videos/AVI Converted/18.avi",3672.67,29.97,Dominant,Pot Entry,Reproductive,,POINT
191,191,903.309,"C:/Users/Biolab/Desktop/Dyad Score Log Data for Editing 1-6,8-19/Dyad Videos/AVI Converted/18.avi",3672.67,29.97,Dominant,Pot Dig,Reproductive,,POINT
192,192,903.907,"C:/Users/Biolab/Desktop/Dyad Score Log Data for Editing 1-6,8-19/Dyad Videos/AVI Converted/18.avi",3672.67,29.97,Dominant,Pot Exit,Reproductive,,POINT
193,193,918.523,"C:/Users/Biolab/Desktop/Dyad Score Log Data for Editing 1-6,8-19/Dyad Videos/AVI Converted/18.avi",3672.67,29.97,Dominant,Dig Substrate,Reproductive,,POINT
194,194,919.023,"C:/Users/Biolab/Desktop/Dyad Score Log Data for Editing 1-6,8-19/Dyad Videos/AVI Converted/18.avi",3672.67,29.97,Dominant,Dig Substrate,Reproductive,,POINT
195,195,921.122,"C:/Users/Biolab/Desktop/Dyad Score Log Data for Editing 1-6,8-19/Dyad Videos/AVI Converted/18.avi",3672.67,29.97,Dominant,Pot Entry,Reproductive,,POINT
196,196,922.525,"C:/Users/Biolab/Desktop/Dyad Score Log Data for Editing 1-6,8-19/Dyad Videos/AVI Converted/18.avi",3672.67,29.97,Dominant,Pot Exit,Reproductive,,POINT
197,197,923.127,"C:/Users/Biolab/Desktop/Dyad Score Log Data for Editing 1-6,8-19/Dyad Videos/AVI Converted/18.avi",3672.67,29.97,Dominant,Pot Dig,Reproductive,,POINT
198,198,925.832,"C:/Users/Biolab/Desktop/Dyad Score Log Data for Editing 1-6,8-19/Dyad Videos/AVI Converted/18.avi",3672.67,29.97,Dominant,Dig Substrate,Reproductive,,POINT
199,199,926.833,"C:/Users/Biolab/Desktop/Dyad Score Log Data for Editing 1-6,8-19/Dyad Videos/AVI Converted/18.avi",3672.67,29.97,Dominant,Dig Substrate,Reproductive,,POINT
200,200,927.829,"C:/Users/Biolab/Desktop/Dyad Score Log Data for Editing 1-6,8-19/Dyad Videos/AVI Converted/18.avi",3672.67,29.97,Dominant,Pot Entry,Reproductive,,POINT
201,201,930.335,"C:/Users/Biolab/Desktop/Dyad Score Log Data for Editing 1-6,8-19/Dyad Videos/AVI Converted/18.avi",3672.67,29.97,Dominant,Pot Dig,Reproductive,,POINT
202,202,930.632,"C:/Users/Biolab/Desktop/Dyad Score Log Data for Editing 1-6,8-19/Dyad Videos/AVI Converted/18.avi",3672.67,29.97,Dominant,Pot Exit,Reproductive,,POINT
203,203,934.138,"C:/Users/Biolab/Desktop/Dyad Score Log Data for Editing 1-6,8-19/Dyad Videos/AVI Converted/18.avi",3672.67,29.97,Dominant,Foraging,Reproductive,,POINT
204,204,936.64,"C:/Users/Biolab/Desktop/Dyad Score Log Data for Editing 1-6,8-19/Dyad Videos/AVI Converted/18.avi",3672.67,29.97,Dominant,Foraging,Reproductive,,POINT
205,205,941.147,"C:/Users/Biolab/Desktop/Dyad Score Log Data for Editing 1-6,8-19/Dyad Videos/AVI Converted/18.avi",3672.67,29.97,Dominant,Dig Substrate,Reproductive,,POINT
206,206,942.448,"C:/Users/Biolab/Desktop/Dyad Score Log Data for Editing 1-6,8-19/Dyad Videos/AVI Converted/18.avi",3672.67,29.97,Dominant,Dig Substrate,Reproductive,,POINT
207,207,956.762,"C:/Users/Biolab/Desktop/Dyad Score Log Data for Editing 1-6,8-19/Dyad Videos/AVI Converted/18.avi",3672.67,29.97,Dominant,Lead,Reproductive,,POINT
208,208,965.37,"C:/Users/Biolab/Desktop/Dyad Score Log Data for Editing 1-6,8-19/Dyad Videos/AVI Converted/18.avi",3672.67,29.97,Dominant,Dig Substrate,Reproductive,,POINT
209,209,966.17,"C:/Users/Biolab/Desktop/Dyad Score Log Data for Editing 1-6,8-19/Dyad Videos/AVI Converted/18.avi",3672.67,29.97,Dominant,Dig Substrate,Reproductive,,POINT
210,210,970.475,"C:/Users/Biolab/Desktop/Dyad Score Log Data for Editing 1-6,8-19/Dyad Videos/AVI Converted/18.avi",3672.67,29.97,Dominant,Dig Substrate,Reproductive,,POINT
211,211,973.277,"C:/Users/Biolab/Desktop/Dyad Score Log Data for Editing 1-6,8-19/Dyad Videos/AVI Converted/18.avi",3672.67,29.97,Dominant,Dig Substrate,Reproductive,,POINT
212,212,973.979,"C:/Users/Biolab/Desktop/Dyad Score Log Data for Editing 1-6,8-19/Dyad Videos/AVI Converted/18.avi",3672.67,29.97,Dominant,Dig Substrate,Reproductive,,POINT
213,213,974.98,"C:/Users/Biolab/Desktop/Dyad Score Log Data for Editing 1-6,8-19/Dyad Videos/AVI Converted/18.avi",3672.67,29.97,Dominant,Dig Substrate,Reproductive,,POINT
214,214,979.884,"C:/Users/Biolab/Desktop/Dyad Score Log Data for Editing 1-6,8-19/Dyad Videos/AVI Converted/18.avi",3672.67,29.97,Dominant,Foraging,Reproductive,,POINT
215,215,984.79,"C:/Users/Biolab/Desktop/Dyad Score Log Data for Editing 1-6,8-19/Dyad Videos/AVI Converted/18.avi",3672.67,29.97,Dominant,Dig Substrate,Reproductive,,POINT
216,216,985.29,"C:/Users/Biolab/Desktop/Dyad Score Log Data for Editing 1-6,8-19/Dyad Videos/AVI Converted/18.avi",3672.67,29.97,Dominant,Dig Substrate,Reproductive,,POINT
217,217,986.29,"C:/Users/Biolab/Desktop/Dyad Score Log Data for Editing 1-6,8-19/Dyad Videos/AVI Converted/18.avi",3672.67,29.97,Dominant,Dig Substrate,Reproductive,,POINT
218,218,987.092,"C:/Users/Biolab/Desktop/Dyad Score Log Data for Editing 1-6,8-19/Dyad Videos/AVI Converted/18.avi",3672.67,29.97,Dominant,Dig Substrate,Reproductive,,POINT
219,219,987.793,"C:/Users/Biolab/Desktop/Dyad Score Log Data for Editing 1-6,8-19/Dyad Videos/AVI Converted/18.avi",3672.67,29.97,Dominant,Dig Substrate,Reproductive,,POINT
220,220,988.39,"C:/Users/Biolab/Desktop/Dyad Score Log Data for Editing 1-6,8-19/Dyad Videos/AVI Converted/18.avi",3672.67,29.97,Dominant,Pot Entry,Reproductive,,POINT
221,221,991.393,"C:/Users/Biolab/Desktop/Dyad Score Log Data for Editing 1-6,8-19/Dyad Videos/AVI Converted/18.avi",3672.67,29.97,Dominant,Pot Exit,Reproductive,,POINT
222,222,991.399,"C:/Users/Biolab/Desktop/Dyad Score Log Data for Editing 1-6,8-19/Dyad Videos/AVI Converted/18.avi",3672.67,29.97,Dominant,Pot Dig,Reproductive,,POINT
223,223,997.198,"C:/Users/Biolab/Desktop/Dyad Score Log Data for Editing 1-6,8-19/Dyad Videos/AVI Converted/18.avi",3672.67,29.97,Dominant,Dig Substrate,Reproductive,,POINT
224,224,1010.412,"C:/Users/Biolab/Desktop/Dyad Score Log Data for Editing 1-6,8-19/Dyad Videos/AVI Converted/18.avi",3672.67,29.97,Dominant,Foraging,Reproductive,,POINT
225,225,1011.116,"C:/Users/Biolab/Desktop/Dyad Score Log Data for Editing 1-6,8-19/Dyad Videos/AVI Converted/18.avi",3672.67,29.97,Dominant,Foraging,Reproductive,,POINT
226,226,1017.721,"C:/Users/Biolab/Desktop/Dyad Score Log Data for Editing 1-6,8-19/Dyad Videos/AVI Converted/18.avi",3672.67,29.97,Dominant,Dig Substrate,Reproductive,,POINT
227,227,1018.422,"C:/Users/Biolab/Desktop/Dyad Score Log Data for Editing 1-6,8-19/Dyad Videos/AVI Converted/18.avi",3672.67,29.97,Dominant,Dig Substrate,Reproductive,,POINT
228,228,1058.263,"C:/Users/Biolab/Desktop/Dyad Score Log Data for Editing 1-6,8-19/Dyad Videos/AVI Converted/18.avi",3672.67,29.97,Dominant,Dig Substrate,Reproductive,,POINT
229,229,1060.262,"C:/Users/Biolab/Desktop/Dyad Score Log Data for Editing 1-6,8-19/Dyad Videos/AVI Converted/18.avi",3672.67,29.97,Dominant,Dig Substrate,Reproductive,,POINT
230,230,1068.572,"C:/Users/Biolab/Desktop/Dyad Score Log Data for Editing 1-6,8-19/Dyad Videos/AVI Converted/18.avi",3672.67,29.97,Dominant,Dig Substrate,Reproductive,,POINT
231,231,1085.391,"C:/Users/Biolab/Desktop/Dyad Score Log Data for Editing 1-6,8-19/Dyad Videos/AVI Converted/18.avi",3672.67,29.97,Dominant,Foraging,Reproductive,,POINT
232,232,1086.697,"C:/Users/Biolab/Desktop/Dyad Score Log Data for Editing 1-6,8-19/Dyad Videos/AVI Converted/18.avi",3672.67,29.97,Dominant,Foraging,Reproductive,,POINT
233,233,1090.193,"C:/Users/Biolab/Desktop/Dyad Score Log Data for Editing 1-6,8-19/Dyad Videos/AVI Converted/18.avi",3672.67,29.97,Dominant,Foraging,Reproductive,,POINT
234,234,1102.807,"C:/Users/Biolab/Desktop/Dyad Score Log Data for Editing 1-6,8-19/Dyad Videos/AVI Converted/18.avi",3672.67,29.97,Dominant,Dig Substrate,Reproductive,,POINT
235,235,1103.308,"C:/Users/Biolab/Desktop/Dyad Score Log Data for Editing 1-6,8-19/Dyad Videos/AVI Converted/18.avi",3672.67,29.97,Dominant,Dig Substrate,Reproductive,,POINT
236,236,1104.705,"C:/Users/Biolab/Desktop/Dyad Score Log Data for Editing 1-6,8-19/Dyad Videos/AVI Converted/18.avi",3672.67,29.97,Dominant,Pot Entry,Reproductive,,POINT
237,237,1106.308,"C:/Users/Biolab/Desktop/Dyad Score Log Data for Editing 1-6,8-19/Dyad Videos/AVI Converted/18.avi",3672.67,29.97,Dominant,Pot Dig,Reproductive,,POINT
238,238,1106.508,"C:/Users/Biolab/Desktop/Dyad Score Log Data for Editing 1-6,8-19/Dyad Videos/AVI Converted/18.avi",3672.67,29.97,Dominant,Pot Exit,Reproductive,,POINT
239,239,1107.508,"C:/Users/Biolab/Desktop/Dyad Score Log Data for Editing 1-6,8-19/Dyad Videos/AVI Converted/18.avi",3672.67,29.97,Dominant,Pot Entry,Reproductive,,POINT
240,240,1108.113,"C:/Users/Biolab/Desktop/Dyad Score Log Data for Editing 1-6,8-19/Dyad Videos/AVI Converted/18.avi",3672.67,29.97,Dominant,Pot Dig,Reproductive,,POINT
241,241,1109.81,"C:/Users/Biolab/Desktop/Dyad Score Log Data for Editing 1-6,8-19/Dyad Videos/AVI Converted/18.avi",3672.67,29.97,Dominant,Pot Exit,Reproductive,,POINT
242,242,1111.513,"C:/Users/Biolab/Desktop/Dyad Score Log Data for Editing 1-6,8-19/Dyad Videos/AVI Converted/18.avi",3672.67,29.97,Dominant,Pot Entry,Reproductive,,POINT
243,243,1111.916,"C:/Users/Biolab/Desktop/Dyad Score Log Data for Editing 1-6,8-19/Dyad Videos/AVI Converted/18.avi",3672.67,29.97,Dominant,Pot Dig,Reproductive,,POINT
244,244,1113.015,"C:/Users/Biolab/Desktop/Dyad Score Log Data for Editing 1-6,8-19/Dyad Videos/AVI Converted/18.avi",3672.67,29.97,Dominant,Pot Exit,Reproductive,,POINT
245,245,1119.924,"C:/Users/Biolab/Desktop/Dyad Score Log Data for Editing 1-6,8-19/Dyad Videos/AVI Converted/18.avi",3672.67,29.97,Dominant,Dig Substrate,Reproductive,,POINT
246,246,1120.425,"C:/Users/Biolab/Desktop/Dyad Score Log Data for Editing 1-6,8-19/Dyad Videos/AVI Converted/18.avi",3672.67,29.97,Dominant,Dig Substrate,Reproductive,,POINT
247,247,1123.928,"C:/Users/Biolab/Desktop/Dyad Score Log Data for Editing 1-6,8-19/Dyad Videos/AVI Converted/18.avi",3672.67,29.97,Dominant,Dig Substrate,Reproductive,,POINT
248,248,1125.73,"C:/Users/Biolab/Desktop/Dyad Score Log Data for Editing 1-6,8-19/Dyad Videos/AVI Converted/18.avi",3672.67,29.97,Dominant,Dig Substrate,Reproductive,,POINT
249,249,1128.733,"C:/Users/Biolab/Desktop/Dyad Score Log Data for Editing 1-6,8-19/Dyad Videos/AVI Converted/18.avi",3672.67,29.97,Dominant,Dig Substrate,Reproductive,,POINT
250,250,1133.034,"C:/Users/Biolab/Desktop/Dyad Score Log Data for Editing 1-6,8-19/Dyad Videos/AVI Converted/18.avi",3672.67,29.97,Dominant,Pot Entry,Reproductive,,POINT
251,251,1134.839,"C:/Users/Biolab/Desktop/Dyad Score Log Data for Editing 1-6,8-19/Dyad Videos/AVI Converted/18.avi",3672.67,29.97,Dominant,Pot Dig,Reproductive,,POINT
252,252,1135.337,"C:/Users/Biolab/Desktop/Dyad Score Log Data for Editing 1-6,8-19/Dyad Videos/AVI Converted/18.avi",3672.67,29.97,Dominant,Pot Exit,Reproductive,,POINT
253,253,1139.744,"C:/Users/Biolab/Desktop/Dyad Score Log Data for Editing 1-6,8-19/Dyad Videos/AVI Converted/18.avi",3672.67,29.97,Dominant,Lead,Reproductive,,POINT
254,254,1140.041,"C:/Users/Biolab/Desktop/Dyad Score Log Data for Editing 1-6,8-19/Dyad Videos/AVI Converted/18.avi",3672.67,29.97,Dominant,Dig Substrate,Reproductive,,POINT
255,255,1141.844,"C:/Users/Biolab/Desktop/Dyad Score Log Data for Editing 1-6,8-19/Dyad Videos/AVI Converted/18.avi",3672.67,29.97,Dominant,Scrape,Aggressive,,POINT
256,256,1142.947,"C:/Users/Biolab/Desktop/Dyad Score Log Data for Editing 1-6,8-19/Dyad Videos/AVI Converted/18.avi",3672.67,29.97,Dominant,Scrape,Aggressive,,POINT
257,257,1145.548,"C:/Users/Biolab/Desktop/Dyad Score Log Data for Editing 1-6,8-19/Dyad Videos/AVI Converted/18.avi",3672.67,29.97,Dominant,Scrape,Aggressive,,POINT
258,258,1149.153,"C:/Users/Biolab/Desktop/Dyad Score Log Data for Editing 1-6,8-19/Dyad Videos/AVI Converted/18.avi",3672.67,29.97,Dominant,Lead,Reproductive,,POINT
259,259,1150.351,"C:/Users/Biolab/Desktop/Dyad Score Log Data for Editing 1-6,8-19/Dyad Videos/AVI Converted/18.avi",3672.67,29.97,Dominant,Biting,Aggressive,,POINT
260,260,1160.867,"C:/Users/Biolab/Desktop/Dyad Score Log Data for Editing 1-6,8-19/Dyad Videos/AVI Converted/18.avi",3672.67,29.97,Dominant,Quiver,Reproductive,,POINT
261,261,1185.789,"C:/Users/Biolab/Desktop/Dyad Score Log Data for Editing 1-6,8-19/Dyad Videos/AVI Converted/18.avi",3672.67,29.97,Dominant,Quiver,Reproductive,,POINT
262,262,1188.192,"C:/Users/Biolab/Desktop/Dyad Score Log Data for Editing 1-6,8-19/Dyad Videos/AVI Converted/18.avi",3672.67,29.97,Dominant,Lead,Reproductive,,POINT
263,263,1188.29,"C:/Users/Biolab/Desktop/Dyad Score Log Data for Editing 1-6,8-19/Dyad Videos/AVI Converted/18.avi",3672.67,29.97,Dominant,Charge,Aggressive,,POINT
264,264,1188.29,"C:/Users/Biolab/Desktop/Dyad Score Log Data for Editing 1-6,8-19/Dyad Videos/AVI Converted/18.avi",3672.67,29.97,Dominant,Biting,Aggressive,,POINT
265,265,1191.393,"C:/Users/Biolab/Desktop/Dyad Score Log Data for Editing 1-6,8-19/Dyad Videos/AVI Converted/18.avi",3672.67,29.97,Dominant,Biting,Aggressive,,POINT
266,266,1191.396,"C:/Users/Biolab/Desktop/Dyad Score Log Data for Editing 1-6,8-19/Dyad Videos/AVI Converted/18.avi",3672.67,29.97,Dominant,Lead,Reproductive,,POINT
267,267,1194.298,"C:/Users/Biolab/Desktop/Dyad Score Log Data for Editing 1-6,8-19/Dyad Videos/AVI Converted/18.avi",3672.67,29.97,Dominant,Foraging,Reproductive,,POINT
268,268,1194.396,"C:/Users/Biolab/Desktop/Dyad Score Log Data for Editing 1-6,8-19/Dyad Videos/AVI Converted/18.avi",3672.67,29.97,Dominant,Biting,Aggressive,,POINT
269,269,1195.096,"C:/Users/Biolab/Desktop/Dyad Score Log Data for Editing 1-6,8-19/Dyad Videos/AVI Converted/18.avi",3672.67,29.97,Dominant,Dig Substrate,Reproductive,,POINT
270,270,1195.397,"C:/Users/Biolab/Desktop/Dyad Score Log Data for Editing 1-6,8-19/Dyad Videos/AVI Converted/18.avi",3672.67,29.97,Dominant,Scrape,Aggressive,,POINT
271,271,1197.904,"C:/Users/Biolab/Desktop/Dyad Score Log Data for Editing 1-6,8-19/Dyad Videos/AVI Converted/18.avi",3672.67,29.97,Dominant,Lead,Reproductive,,POINT
272,272,1198.4,"C:/Users/Biolab/Desktop/Dyad Score Log Data for Editing 1-6,8-19/Dyad Videos/AVI Converted/18.avi",3672.67,29.97,Dominant,Charge,Aggressive,,POINT
273,273,1199.1,"C:/Users/Biolab/Desktop/Dyad Score Log Data for Editing 1-6,8-19/Dyad Videos/AVI Converted/18.avi",3672.67,29.97,Dominant,Biting,Aggressive,,POINT
274,274,1199.104,"C:/Users/Biolab/Desktop/Dyad Score Log Data for Editing 1-6,8-19/Dyad Videos/AVI Converted/18.avi",3672.67,29.97,Dominant,Lead,Reproductive,,POINT
275,275,1200.605,"C:/Users/Biolab/Desktop/Dyad Score Log Data for Editing 1-6,8-19/Dyad Videos/AVI Converted/18.avi",3672.67,29.97,Dominant,Chase,Aggressive,,POINT
276,276,1201.606,"C:/Users/Biolab/Desktop/Dyad Score Log Data for Editing 1-6,8-19/Dyad Videos/AVI Converted/18.avi",3672.67,29.97,Dominant,Lead,Reproductive,,POINT
277,277,1203.103,"C:/Users/Biolab/Desktop/Dyad Score Log Data for Editing 1-6,8-19/Dyad Videos/AVI Converted/18.avi",3672.67,29.97,Dominant,Biting,Aggressive,,POINT
278,278,1203.108,"C:/Users/Biolab/Desktop/Dyad Score Log Data for Editing 1-6,8-19/Dyad Videos/AVI Converted/18.avi",3672.67,29.97,Dominant,Lead,Reproductive,,POINT
279,279,1204.609,"C:/Users/Biolab/Desktop/Dyad Score Log Data for Editing 1-6,8-19/Dyad Videos/AVI Converted/18.avi",3672.67,29.97,Dominant,Lead,Reproductive,,POINT
280,280,1205.406,"C:/Users/Biolab/Desktop/Dyad Score Log Data for Editing 1-6,8-19/Dyad Videos/AVI Converted/18.avi",3672.67,29.97,Dominant,Biting,Aggressive,,POINT
281,281,1206.108,"C:/Users/Biolab/Desktop/Dyad Score Log Data for Editing 1-6,8-19/Dyad Videos/AVI Converted/18.avi",3672.67,29.97,Dominant,Biting,Aggressive,,POINT
282,282,1206.11,"C:/Users/Biolab/Desktop/Dyad Score Log Data for Editing 1-6,8-19/Dyad Videos/AVI Converted/18.avi",3672.67,29.97,Dominant,Lead,Reproductive,,POINT
283,283,1209.113,"C:/Users/Biolab/Desktop/Dyad Score Log Data for Editing 1-6,8-19/Dyad Videos/AVI Converted/18.avi",3672.67,29.97,Dominant,Lead,Reproductive,,POINT
284,284,1211.116,"C:/Users/Biolab/Desktop/Dyad Score Log Data for Editing 1-6,8-19/Dyad Videos/AVI Converted/18.avi",3672.67,29.97,Dominant,Lead,Reproductive,,POINT
285,285,1213.115,"C:/Users/Biolab/Desktop/Dyad Score Log Data for Editing 1-6,8-19/Dyad Videos/AVI Converted/18.avi",3672.67,29.97,Dominant,Biting,Aggressive,,POINT
286,286,1214.418,"C:/Users/Biolab/Desktop/Dyad Score Log Data for Editing 1-6,8-19/Dyad Videos/AVI Converted/18.avi",3672.67,29.97,Dominant,Lead,Reproductive,,POINT
287,287,1226.029,"C:/Users/Biolab/Desktop/Dyad Score Log Data for Editing 1-6,8-19/Dyad Videos/AVI Converted/18.avi",3672.67,29.97,Dominant,Foraging,Reproductive,,POINT
288,288,1228.031,"C:/Users/Biolab/Desktop/Dyad Score Log Data for Editing 1-6,8-19/Dyad Videos/AVI Converted/18.avi",3672.67,29.97,Dominant,Lead,Reproductive,,POINT
289,289,1230.936,"C:/Users/Biolab/Desktop/Dyad Score Log Data for Editing 1-6,8-19/Dyad Videos/AVI Converted/18.avi",3672.67,29.97,Dominant,Dig Substrate,Reproductive,,POINT
290,290,1244.75,"C:/Users/Biolab/Desktop/Dyad Score Log Data for Editing 1-6,8-19/Dyad Videos/AVI Converted/18.avi",3672.67,29.97,Dominant,Dig Substrate,Reproductive,,POINT
291,291,1247.85,"C:/Users/Biolab/Desktop/Dyad Score Log Data for Editing 1-6,8-19/Dyad Videos/AVI Converted/18.avi",3672.67,29.97,Dominant,Lead,Reproductive,,POINT
292,292,1261.466,"C:/Users/Biolab/Desktop/Dyad Score Log Data for Editing 1-6,8-19/Dyad Videos/AVI Converted/18.avi",3672.67,29.97,Dominant,Dig Substrate,Reproductive,,POINT
293,293,1271.28,"C:/Users/Biolab/Desktop/Dyad Score Log Data for Editing 1-6,8-19/Dyad Videos/AVI Converted/18.avi",3672.67,29.97,Dominant,Lead,Reproductive,,POINT
294,294,1272.376,"C:/Users/Biolab/Desktop/Dyad Score Log Data for Editing 1-6,8-19/Dyad Videos/AVI Converted/18.avi",3672.67,29.97,Dominant,Dig Substrate,Reproductive,,POINT
295,295,1276.48,"C:/Users/Biolab/Desktop/Dyad Score Log Data for Editing 1-6,8-19/Dyad Videos/AVI Converted/18.avi",3672.67,29.97,Dominant,Quiver,Reproductive,,POINT
296,296,1278.481,"C:/Users/Biolab/Desktop/Dyad Score Log Data for Editing 1-6,8-19/Dyad Videos/AVI Converted/18.avi",3672.67,29.97,Dominant,Lead,Reproductive,,POINT
297,297,1280.183,"C:/Users/Biolab/Desktop/Dyad Score Log Data for Editing 1-6,8-19/Dyad Videos/AVI Converted/18.avi",3672.67,29.97,Dominant,Lead,Reproductive,,POINT
298,298,1282.987,"C:/Users/Biolab/Desktop/Dyad Score Log Data for Editing 1-6,8-19/Dyad Videos/AVI Converted/18.avi",3672.67,29.97,Dominant,Lead,Reproductive,,POINT
299,299,1283.485,"C:/Users/Biolab/Desktop/Dyad Score Log Data for Editing 1-6,8-19/Dyad Videos/AVI Converted/18.avi",3672.67,29.97,Dominant,Biting,Aggressive,,POINT
300,300,1308.913,"C:/Users/Biolab/Desktop/Dyad Score Log Data for Editing 1-6,8-19/Dyad Videos/AVI Converted/18.avi",3672.67,29.97,Dominant,Lead,Reproductive,,POINT
301,301,1320.224,"C:/Users/Biolab/Desktop/Dyad Score Log Data for Editing 1-6,8-19/Dyad Videos/AVI Converted/18.avi",3672.67,29.97,Dominant,Lead,Reproductive,,POINT
302,302,1321.723,"C:/Users/Biolab/Desktop/Dyad Score Log Data for Editing 1-6,8-19/Dyad Videos/AVI Converted/18.avi",3672.67,29.97,Dominant,Dig Substrate,Reproductive,,POINT
303,303,1349.253,"C:/Users/Biolab/Desktop/Dyad Score Log Data for Editing 1-6,8-19/Dyad Videos/AVI Converted/18.avi",3672.67,29.97,Dominant,Foraging,Reproductive,,POINT
304,304,1349.953,"C:/Users/Biolab/Desktop/Dyad Score Log Data for Editing 1-6,8-19/Dyad Videos/AVI Converted/18.avi",3672.67,29.97,Dominant,Foraging,Reproductive,,POINT
305,305,1351.055,"C:/Users/Biolab/Desktop/Dyad Score Log Data for Editing 1-6,8-19/Dyad Videos/AVI Converted/18.avi",3672.67,29.97,Dominant,Foraging,Reproductive,,POINT
306,306,1360.162,"C:/Users/Biolab/Desktop/Dyad Score Log Data for Editing 1-6,8-19/Dyad Videos/AVI Converted/18.avi",3672.67,29.97,Dominant,Biting,Aggressive,,POINT
307,307,1360.162,"C:/Users/Biolab/Desktop/Dyad Score Log Data for Editing 1-6,8-19/Dyad Videos/AVI Converted/18.avi",3672.67,29.97,Dominant,Scrape,Aggressive,,POINT
308,308,1361.163,"C:/Users/Biolab/Desktop/Dyad Score Log Data for Editing 1-6,8-19/Dyad Videos/AVI Converted/18.avi",3672.67,29.97,Dominant,Lead,Reproductive,,POINT
309,309,1362.767,"C:/Users/Biolab/Desktop/Dyad Score Log Data for Editing 1-6,8-19/Dyad Videos/AVI Converted/18.avi",3672.67,29.97,Dominant,Lead,Reproductive,,POINT
310,310,1363.564,"C:/Users/Biolab/Desktop/Dyad Score Log Data for Editing 1-6,8-19/Dyad Videos/AVI Converted/18.avi",3672.67,29.97,Dominant,Charge,Aggressive,,POINT
311,311,1363.564,"C:/Users/Biolab/Desktop/Dyad Score Log Data for Editing 1-6,8-19/Dyad Videos/AVI Converted/18.avi",3672.67,29.97,Dominant,Biting,Aggressive,,POINT
312,312,1363.969,"C:/Users/Biolab/Desktop/Dyad Score Log Data for Editing 1-6,8-19/Dyad Videos/AVI Converted/18.avi",3672.67,29.97,Dominant,Lead,Reproductive,,POINT
313,313,1364.766,"C:/Users/Biolab/Desktop/Dyad Score Log Data for Editing 1-6,8-19/Dyad Videos/AVI Converted/18.avi",3672.67,29.97,Dominant,Biting,Aggressive,,POINT
314,314,1365.47,"C:/Users/Biolab/Desktop/Dyad Score Log Data for Editing 1-6,8-19/Dyad Videos/AVI Converted/18.avi",3672.67,29.97,Dominant,Quiver,Reproductive,,POINT
315,315,1368.573,"C:/Users/Biolab/Desktop/Dyad Score Log Data for Editing 1-6,8-19/Dyad Videos/AVI Converted/18.avi",3672.67,29.97,Dominant,Foraging,Reproductive,,POINT
316,316,1369.373,"C:/Users/Biolab/Desktop/Dyad Score Log Data for Editing 1-6,8-19/Dyad Videos/AVI Converted/18.avi",3672.67,29.97,Dominant,Foraging,Reproductive,,POINT
317,317,1371.572,"C:/Users/Biolab/Desktop/Dyad Score Log Data for Editing 1-6,8-19/Dyad Videos/AVI Converted/18.avi",3672.67,29.97,Dominant,Foraging,Reproductive,,POINT
318,318,1389.79,"C:/Users/Biolab/Desktop/Dyad Score Log Data for Editing 1-6,8-19/Dyad Videos/AVI Converted/18.avi",3672.67,29.97,Dominant,Pot Entry,Reproductive,,POINT
319,319,1392.997,"C:/Users/Biolab/Desktop/Dyad Score Log Data for Editing 1-6,8-19/Dyad Videos/AVI Converted/18.avi",3672.67,29.97,Dominant,Pot Dig,Reproductive,,POINT
320,320,1393.594,"C:/Users/Biolab/Desktop/Dyad Score Log Data for Editing 1-6,8-19/Dyad Videos/AVI Converted/18.avi",3672.67,29.97,Dominant,Pot Exit,Reproductive,,POINT
321,321,1393.895,"C:/Users/Biolab/Desktop/Dyad Score Log Data for Editing 1-6,8-19/Dyad Videos/AVI Converted/18.avi",3672.67,29.97,Dominant,Pot Entry,Reproductive,,POINT
322,322,1394.696,"C:/Users/Biolab/Desktop/Dyad Score Log Data for Editing 1-6,8-19/Dyad Videos/AVI Converted/18.avi",3672.67,29.97,Dominant,Pot Exit,Reproductive,,POINT
323,323,1396.898,"C:/Users/Biolab/Desktop/Dyad Score Log Data for Editing 1-6,8-19/Dyad Videos/AVI Converted/18.avi",3672.67,29.97,Dominant,Pot Entry,Reproductive,,POINT
324,324,1399.104,"C:/Users/Biolab/Desktop/Dyad Score Log Data for Editing 1-6,8-19/Dyad Videos/AVI Converted/18.avi",3672.67,29.97,Dominant,Pot Dig,Reproductive,,POINT
325,325,1399.199,"C:/Users/Biolab/Desktop/Dyad Score Log Data for Editing 1-6,8-19/Dyad Videos/AVI Converted/18.avi",3672.67,29.97,Dominant,Pot Exit,Reproductive,,POINT
326,326,1427.131,"C:/Users/Biolab/Desktop/Dyad Score Log Data for Editing 1-6,8-19/Dyad Videos/AVI Converted/18.avi",3672.67,29.97,Dominant,Dig Substrate,Reproductive,,POINT
327,327,1427.631,"C:/Users/Biolab/Desktop/Dyad Score Log Data for Editing 1-6,8-19/Dyad Videos/AVI Converted/18.avi",3672.67,29.97,Dominant,Lead,Reproductive,,POINT
328,328,1429.633,"C:/Users/Biolab/Desktop/Dyad Score Log Data for Editing 1-6,8-19/Dyad Videos/AVI Converted/18.avi",3672.67,29.97,Dominant,Lead,Reproductive,,POINT
329,329,1436.24,"C:/Users/Biolab/Desktop/Dyad Score Log Data for Editing 1-6,8-19/Dyad Videos/AVI Converted/18.avi",3672.67,29.97,Dominant,Dig Substrate,Reproductive,,POINT
330,330,1445.546,"C:/Users/Biolab/Desktop/Dyad Score Log Data for Editing 1-6,8-19/Dyad Videos/AVI Converted/18.avi",3672.67,29.97,Dominant,Dig Substrate,Reproductive,,POINT
331,331,1446.551,"C:/Users/Biolab/Desktop/Dyad Score Log Data for Editing 1-6,8-19/Dyad Videos/AVI Converted/18.avi",3672.67,29.97,Dominant,Dig Substrate,Reproductive,,POINT
332,332,1449.35,"C:/Users/Biolab/Desktop/Dyad Score Log Data for Editing 1-6,8-19/Dyad Videos/AVI Converted/18.avi",3672.67,29.97,Dominant,Pot Entry,Reproductive,,POINT
333,333,1450.555,"C:/Users/Biolab/Desktop/Dyad Score Log Data for Editing 1-6,8-19/Dyad Videos/AVI Converted/18.avi",3672.67,29.97,Dominant,Pot Dig,Reproductive,,POINT
334,334,1452.454,"C:/Users/Biolab/Desktop/Dyad Score Log Data for Editing 1-6,8-19/Dyad Videos/AVI Converted/18.avi",3672.67,29.97,Dominant,Pot Exit,Reproductive,,POINT
335,335,1453.755,"C:/Users/Biolab/Desktop/Dyad Score Log Data for Editing 1-6,8-19/Dyad Videos/AVI Converted/18.avi",3672.67,29.97,Dominant,Pot Entry,Reproductive,,POINT
336,336,1455.158,"C:/Users/Biolab/Desktop/Dyad Score Log Data for Editing 1-6,8-19/Dyad Videos/AVI Converted/18.avi",3672.67,29.97,Dominant,Pot Dig,Reproductive,,POINT
337,337,1456.361,"C:/Users/Biolab/Desktop/Dyad Score Log Data for Editing 1-6,8-19/Dyad Videos/AVI Converted/18.avi",3672.67,29.97,Dominant,Pot Dig,Reproductive,,POINT
338,338,1456.457,"C:/Users/Biolab/Desktop/Dyad Score Log Data for Editing 1-6,8-19/Dyad Videos/AVI Converted/18.avi",3672.67,29.97,Dominant,Pot Exit,Reproductive,,POINT
339,339,1457.659,"C:/Users/Biolab/Desktop/Dyad Score Log Data for Editing 1-6,8-19/Dyad Videos/AVI Converted/18.avi",3672.67,29.97,Dominant,Pot Entry,Reproductive,,POINT
340,340,1459.864,"C:/Users/Biolab/Desktop/Dyad Score Log Data for Editing 1-6,8-19/Dyad Videos/AVI Converted/18.avi",3672.67,29.97,Dominant,Pot Dig,Reproductive,,POINT
341,341,1460.261,"C:/Users/Biolab/Desktop/Dyad Score Log Data for Editing 1-6,8-19/Dyad Videos/AVI Converted/18.avi",3672.67,29.97,Dominant,Pot Exit,Reproductive,,POINT
342,342,1460.365,"C:/Users/Biolab/Desktop/Dyad Score Log Data for Editing 1-6,8-19/Dyad Videos/AVI Converted/18.avi",3672.67,29.97,Dominant,Pot Dig,Reproductive,,POINT
343,343,1475.779,"C:/Users/Biolab/Desktop/Dyad Score Log Data for Editing 1-6,8-19/Dyad Videos/AVI Converted/18.avi",3672.67,29.97,Dominant,Dig Substrate,Reproductive,,POINT
344,344,1479.08,"C:/Users/Biolab/Desktop/Dyad Score Log Data for Editing 1-6,8-19/Dyad Videos/AVI Converted/18.avi",3672.67,29.97,Dominant,Scrape,Aggressive,,POINT
345,345,1480.582,"C:/Users/Biolab/Desktop/Dyad Score Log Data for Editing 1-6,8-19/Dyad Videos/AVI Converted/18.avi",3672.67,29.97,Dominant,Lead,Reproductive,,POINT
346,346,1485.487,"C:/Users/Biolab/Desktop/Dyad Score Log Data for Editing 1-6,8-19/Dyad Videos/AVI Converted/18.avi",3672.67,29.97,Dominant,Dig Substrate,Reproductive,,POINT
347,347,1486.59,"C:/Users/Biolab/Desktop/Dyad Score Log Data for Editing 1-6,8-19/Dyad Videos/AVI Converted/18.avi",3672.67,29.97,Dominant,Lead,Reproductive,,POINT
348,348,1486.988,"C:/Users/Biolab/Desktop/Dyad Score Log Data for Editing 1-6,8-19/Dyad Videos/AVI Converted/18.avi",3672.67,29.97,Dominant,Scrape,Aggressive,,POINT
349,349,1487.188,"C:/Users/Biolab/Desktop/Dyad Score Log Data for Editing 1-6,8-19/Dyad Videos/AVI Converted/18.avi",3672.67,29.97,Dominant,Biting,Aggressive,,POINT
350,350,1488.591,"C:/Users/Biolab/Desktop/Dyad Score Log Data for Editing 1-6,8-19/Dyad Videos/AVI Converted/18.avi",3672.67,29.97,Dominant,Dig Substrate,Reproductive,,POINT
351,351,1491.193,"C:/Users/Biolab/Desktop/Dyad Score Log Data for Editing 1-6,8-19/Dyad Videos/AVI Converted/18.avi",3672.67,29.97,Dominant,Scrape,Aggressive,,POINT
352,352,1492.493,"C:/Users/Biolab/Desktop/Dyad Score Log Data for Editing 1-6,8-19/Dyad Videos/AVI Converted/18.avi",3672.67,29.97,Dominant,Biting,Aggressive,,POINT
353,353,1493.898,"C:/Users/Biolab/Desktop/Dyad Score Log Data for Editing 1-6,8-19/Dyad Videos/AVI Converted/18.avi",3672.67,29.97,Dominant,Dig Substrate,Reproductive,,POINT
354,354,1494.898,"C:/Users/Biolab/Desktop/Dyad Score Log Data for Editing 1-6,8-19/Dyad Videos/AVI Converted/18.avi",3672.67,29.97,Dominant,Foraging,Reproductive,,POINT
355,355,1494.997,"C:/Users/Biolab/Desktop/Dyad Score Log Data for Editing 1-6,8-19/Dyad Videos/AVI Converted/18.avi",3672.67,29.97,Dominant,Scrape,Aggressive,,POINT
356,356,1495.296,"C:/Users/Biolab/Desktop/Dyad Score Log Data for Editing 1-6,8-19/Dyad Videos/AVI Converted/18.avi",3672.67,29.97,Dominant,Dig Substrate,Reproductive,,POINT
357,357,1503.305,"C:/Users/Biolab/Desktop/Dyad Score Log Data for Editing 1-6,8-19/Dyad Videos/AVI Converted/18.avi",3672.67,29.97,Dominant,Dig Substrate,Reproductive,,POINT
358,358,1503.505,"C:/Users/Biolab/Desktop/Dyad Score Log Data for Editing 1-6,8-19/Dyad Videos/AVI Converted/18.avi",3672.67,29.97,Dominant,Scrape,Aggressive,,POINT
359,359,1503.71,"C:/Users/Biolab/Desktop/Dyad Score Log Data for Editing 1-6,8-19/Dyad Videos/AVI Converted/18.avi",3672.67,29.97,Dominant,Dig Substrate,Reproductive,,POINT
360,360,1504.206,"C:/Users/Biolab/Desktop/Dyad Score Log Data for Editing 1-6,8-19/Dyad Videos/AVI Converted/18.avi",3672.67,29.97,Dominant,Lead,Reproductive,,POINT
361,361,1504.806,"C:/Users/Biolab/Desktop/Dyad Score Log Data for Editing 1-6,8-19/Dyad Videos/AVI Converted/18.avi",3672.67,29.97,Dominant,Dig Substrate,Reproductive,,POINT
362,362,1505.507,"C:/Users/Biolab/Desktop/Dyad Score Log Data for Editing 1-6,8-19/Dyad Videos/AVI Converted/18.avi",3672.67,29.97,Dominant,Biting,Aggressive,,POINT
363,363,1506.006,"C:/Users/Biolab/Desktop/Dyad Score Log Data for Editing 1-6,8-19/Dyad Videos/AVI Converted/18.avi",3672.67,29.97,Dominant,Biting,Aggressive,,POINT
364,364,1506.01,"C:/Users/Biolab/Desktop/Dyad Score Log Data for Editing 1-6,8-19/Dyad Videos/AVI Converted/18.avi",3672.67,29.97,Dominant,Lead,Reproductive,,POINT
365,365,1507.008,"C:/Users/Biolab/Desktop/Dyad Score Log Data for Editing 1-6,8-19/Dyad Videos/AVI Converted/18.avi",3672.67,29.97,Dominant,Scrape,Aggressive,,POINT
366,366,1507.211,"C:/Users/Biolab/Desktop/Dyad Score Log Data for Editing 1-6,8-19/Dyad Videos/AVI Converted/18.avi",3672.67,29.97,Dominant,Lead,Reproductive,,POINT
367,367,1517.82,"C:/Users/Biolab/Desktop/Dyad Score Log Data for Editing 1-6,8-19/Dyad Videos/AVI Converted/18.avi",3672.67,29.97,Dominant,Dig Substrate,Reproductive,,POINT
368,368,1517.82,"C:/Users/Biolab/Desktop/Dyad Score Log Data for Editing 1-6,8-19/Dyad Videos/AVI Converted/18.avi",3672.67,29.97,Dominant,Scrape,Aggressive,,POINT
369,369,1518.019,"C:/Users/Biolab/Desktop/Dyad Score Log Data for Editing 1-6,8-19/Dyad Videos/AVI Converted/18.avi",3672.67,29.97,Dominant,Biting,Aggressive,,POINT
370,370,1518.821,"C:/Users/Biolab/Desktop/Dyad Score Log Data for Editing 1-6,8-19/Dyad Videos/AVI Converted/18.avi",3672.67,29.97,Dominant,Lead,Reproductive,,POINT
371,371,1519.521,"C:/Users/Biolab/Desktop/Dyad Score Log Data for Editing 1-6,8-19/Dyad Videos/AVI Converted/18.avi",3672.67,29.97,Dominant,Biting,Aggressive,,POINT
372,372,1519.62,"C:/Users/Biolab/Desktop/Dyad Score Log Data for Editing 1-6,8-19/Dyad Videos/AVI Converted/18.avi",3672.67,29.97,Dominant,Lead,Reproductive,,POINT
373,373,1519.82,"C:/Users/Biolab/Desktop/Dyad Score Log Data for Editing 1-6,8-19/Dyad Videos/AVI Converted/18.avi",3672.67,29.97,Dominant,Biting,Aggressive,,POINT
374,374,1520.822,"C:/Users/Biolab/Desktop/Dyad Score Log Data for Editing 1-6,8-19/Dyad Videos/AVI Converted/18.avi",3672.67,29.97,Dominant,Biting,Aggressive,,POINT
375,375,1521.125,"C:/Users/Biolab/Desktop/Dyad Score Log Data for Editing 1-6,8-19/Dyad Videos/AVI Converted/18.avi",3672.67,29.97,Dominant,Lead,Reproductive,,POINT
376,376,1521.823,"C:/Users/Biolab/Desktop/Dyad Score Log Data for Editing 1-6,8-19/Dyad Videos/AVI Converted/18.avi",3672.67,29.97,Dominant,Charge,Aggressive,,POINT
377,377,1522.126,"C:/Users/Biolab/Desktop/Dyad Score Log Data for Editing 1-6,8-19/Dyad Videos/AVI Converted/18.avi",3672.67,29.97,Dominant,Lead,Reproductive,,POINT
378,378,1533.634,"C:/Users/Biolab/Desktop/Dyad Score Log Data for Editing 1-6,8-19/Dyad Videos/AVI Converted/18.avi",3672.67,29.97,Dominant,Biting,Aggressive,,POINT
379,379,1534.136,"C:/Users/Biolab/Desktop/Dyad Score Log Data for Editing 1-6,8-19/Dyad Videos/AVI Converted/18.avi",3672.67,29.97,Dominant,Scrape,Aggressive,,POINT
380,380,1535.138,"C:/Users/Biolab/Desktop/Dyad Score Log Data for Editing 1-6,8-19/Dyad Videos/AVI Converted/18.avi",3672.67,29.97,Dominant,Lead,Reproductive,,POINT
381,381,1535.336,"C:/Users/Biolab/Desktop/Dyad Score Log Data for Editing 1-6,8-19/Dyad Videos/AVI Converted/18.avi",3672.67,29.97,Dominant,Lateral Side Display,Aggressive,,POINT
382,382,1536.136,"C:/Users/Biolab/Desktop/Dyad Score Log Data for Editing 1-6,8-19/Dyad Videos/AVI Converted/18.avi",3672.67,29.97,Dominant,Scrape,Aggressive,,POINT
383,383,1538.442,"C:/Users/Biolab/Desktop/Dyad Score Log Data for Editing 1-6,8-19/Dyad Videos/AVI Converted/18.avi",3672.67,29.97,Dominant,Lead,Reproductive,,POINT
384,384,1538.639,"C:/Users/Biolab/Desktop/Dyad Score Log Data for Editing 1-6,8-19/Dyad Videos/AVI Converted/18.avi",3672.67,29.97,Dominant,Scrape,Aggressive,,POINT
385,385,1539.641,"C:/Users/Biolab/Desktop/Dyad Score Log Data for Editing 1-6,8-19/Dyad Videos/AVI Converted/18.avi",3672.67,29.97,Dominant,Biting,Aggressive,,POINT
386,386,1539.84,"C:/Users/Biolab/Desktop/Dyad Score Log Data for Editing 1-6,8-19/Dyad Videos/AVI Converted/18.avi",3672.67,29.97,Dominant,Dig Substrate,Reproductive,,POINT
387,387,1540.342,"C:/Users/Biolab/Desktop/Dyad Score Log Data for Editing 1-6,8-19/Dyad Videos/AVI Converted/18.avi",3672.67,29.97,Dominant,Dig Substrate,Reproductive,,POINT
388,388,1548.952,"C:/Users/Biolab/Desktop/Dyad Score Log Data for Editing 1-6,8-19/Dyad Videos/AVI Converted/18.avi",3672.67,29.97,Dominant,Dig Substrate,Reproductive,,POINT
389,389,1550.755,"C:/Users/Biolab/Desktop/Dyad Score Log Data for Editing 1-6,8-19/Dyad Videos/AVI Converted/18.avi",3672.67,29.97,Dominant,Lead,Reproductive,,POINT
390,390,1564.668,"C:/Users/Biolab/Desktop/Dyad Score Log Data for Editing 1-6,8-19/Dyad Videos/AVI Converted/18.avi",3672.67,29.97,Dominant,Dig Substrate,Reproductive,,POINT
391,391,1564.668,"C:/Users/Biolab/Desktop/Dyad Score Log Data for Editing 1-6,8-19/Dyad Videos/AVI Converted/18.avi",3672.67,29.97,Dominant,Foraging,Reproductive,,POINT
392,392,1565.67,"C:/Users/Biolab/Desktop/Dyad Score Log Data for Editing 1-6,8-19/Dyad Videos/AVI Converted/18.avi",3672.67,29.97,Dominant,Dig Substrate,Reproductive,,POINT
393,393,1567.169,"C:/Users/Biolab/Desktop/Dyad Score Log Data for Editing 1-6,8-19/Dyad Videos/AVI Converted/18.avi",3672.67,29.97,Dominant,Lead,Reproductive,,POINT
394,394,1569.474,"C:/Users/Biolab/Desktop/Dyad Score Log Data for Editing 1-6,8-19/Dyad Videos/AVI Converted/18.avi",3672.67,29.97,Dominant,Dig Substrate,Reproductive,,POINT
395,395,1570.475,"C:/Users/Biolab/Desktop/Dyad Score Log Data for Editing 1-6,8-19/Dyad Videos/AVI Converted/18.avi",3672.67,29.97,Dominant,Dig Substrate,Reproductive,,POINT
396,396,1575.478,"C:/Users/Biolab/Desktop/Dyad Score Log Data for Editing 1-6,8-19/Dyad Videos/AVI Converted/18.avi",3672.67,29.97,Dominant,Lead,Reproductive,,POINT
397,397,1597.101,"C:/Users/Biolab/Desktop/Dyad Score Log Data for Editing 1-6,8-19/Dyad Videos/AVI Converted/18.avi",3672.67,29.97,Dominant,Lead,Reproductive,,POINT
398,398,1599.203,"C:/Users/Biolab/Desktop/Dyad Score Log Data for Editing 1-6,8-19/Dyad Videos/AVI Converted/18.avi",3672.67,29.97,Dominant,Dig Substrate,Reproductive,,POINT
399,399,1600.405,"C:/Users/Biolab/Desktop/Dyad Score Log Data for Editing 1-6,8-19/Dyad Videos/AVI Converted/18.avi",3672.67,29.97,Dominant,Dig Substrate,Reproductive,,POINT
400,400,1609.513,"C:/Users/Biolab/Desktop/Dyad Score Log Data for Editing 1-6,8-19/Dyad Videos/AVI Converted/18.avi",3672.67,29.97,Dominant,Lead,Reproductive,,POINT
401,401,1616.822,"C:/Users/Biolab/Desktop/Dyad Score Log Data for Editing 1-6,8-19/Dyad Videos/AVI Converted/18.avi",3672.67,29.97,Dominant,Dig Substrate,Reproductive,,POINT
402,402,1617.822,"C:/Users/Biolab/Desktop/Dyad Score Log Data for Editing 1-6,8-19/Dyad Videos/AVI Converted/18.avi",3672.67,29.97,Dominant,Dig Substrate,Reproductive,,POINT
403,403,1620.522,"C:/Users/Biolab/Desktop/Dyad Score Log Data for Editing 1-6,8-19/Dyad Videos/AVI Converted/18.avi",3672.67,29.97,Dominant,Pot Entry,Reproductive,,POINT
404,404,1622.526,"C:/Users/Biolab/Desktop/Dyad Score Log Data for Editing 1-6,8-19/Dyad Videos/AVI Converted/18.avi",3672.67,29.97,Dominant,Pot Dig,Reproductive,,POINT
405,405,1624.03,"C:/Users/Biolab/Desktop/Dyad Score Log Data for Editing 1-6,8-19/Dyad Videos/AVI Converted/18.avi",3672.67,29.97,Dominant,Pot Dig,Reproductive,,POINT
406,406,1624.525,"C:/Users/Biolab/Desktop/Dyad Score Log Data for Editing 1-6,8-19/Dyad Videos/AVI Converted/18.avi",3672.67,29.97,Dominant,Pot Exit,Reproductive,,POINT
407,407,1628.433,"C:/Users/Biolab/Desktop/Dyad Score Log Data for Editing 1-6,8-19/Dyad Videos/AVI Converted/18.avi",3672.67,29.97,Dominant,Dig Substrate,Reproductive,,POINT
408,408,1628.934,"C:/Users/Biolab/Desktop/Dyad Score Log Data for Editing 1-6,8-19/Dyad Videos/AVI Converted/18.avi",3672.67,29.97,Dominant,Dig Substrate,Reproductive,,POINT
409,409,1629.633,"C:/Users/Biolab/Desktop/Dyad Score Log Data for Editing 1-6,8-19/Dyad Videos/AVI Converted/18.avi",3672.67,29.97,Dominant,Dig Substrate,Reproductive,,POINT
410,410,1630.635,"C:/Users/Biolab/Desktop/Dyad Score Log Data for Editing 1-6,8-19/Dyad Videos/AVI Converted/18.avi",3672.67,29.97,Dominant,Dig Substrate,Reproductive,,POINT
411,411,1632.934,"C:/Users/Biolab/Desktop/Dyad Score Log Data for Editing 1-6,8-19/Dyad Videos/AVI Converted/18.avi",3672.67,29.97,Dominant,Dig Substrate,Reproductive,,POINT
412,412,1636.14,"C:/Users/Biolab/Desktop/Dyad Score Log Data for Editing 1-6,8-19/Dyad Videos/AVI Converted/18.avi",3672.67,29.97,Dominant,Dig Substrate,Reproductive,,POINT
413,413,1636.941,"C:/Users/Biolab/Desktop/Dyad Score Log Data for Editing 1-6,8-19/Dyad Videos/AVI Converted/18.avi",3672.67,29.97,Dominant,Dig Substrate,Reproductive,,POINT
414,414,1642.246,"C:/Users/Biolab/Desktop/Dyad Score Log Data for Editing 1-6,8-19/Dyad Videos/AVI Converted/18.avi",3672.67,29.97,Dominant,Lead,Reproductive,,POINT
415,415,1649.052,"C:/Users/Biolab/Desktop/Dyad Score Log Data for Editing 1-6,8-19/Dyad Videos/AVI Converted/18.avi",3672.67,29.97,Dominant,Foraging,Reproductive,,POINT
416,416,1658.76,"C:/Users/Biolab/Desktop/Dyad Score Log Data for Editing 1-6,8-19/Dyad Videos/AVI Converted/18.avi",3672.67,29.97,Dominant,Dig Substrate,Reproductive,,POINT
417,417,1659.562,"C:/Users/Biolab/Desktop/Dyad Score Log Data for Editing 1-6,8-19/Dyad Videos/AVI Converted/18.avi",3672.67,29.97,Dominant,Lead,Reproductive,,POINT
418,418,1664.866,"C:/Users/Biolab/Desktop/Dyad Score Log Data for Editing 1-6,8-19/Dyad Videos/AVI Converted/18.avi",3672.67,29.97,Dominant,Dig Substrate,Reproductive,,POINT
419,419,1665.365,"C:/Users/Biolab/Desktop/Dyad Score Log Data for Editing 1-6,8-19/Dyad Videos/AVI Converted/18.avi",3672.67,29.97,Dominant,Scrape,Aggressive,,POINT
420,420,1665.671,"C:/Users/Biolab/Desktop/Dyad Score Log Data for Editing 1-6,8-19/Dyad Videos/AVI Converted/18.avi",3672.67,29.97,Dominant,Lead,Reproductive,,POINT
421,421,1675.181,"C:/Users/Biolab/Desktop/Dyad Score Log Data for Editing 1-6,8-19/Dyad Videos/AVI Converted/18.avi",3672.67,29.97,Dominant,Lead,Reproductive,,POINT
422,422,1701.803,"C:/Users/Biolab/Desktop/Dyad Score Log Data for Editing 1-6,8-19/Dyad Videos/AVI Converted/18.avi",3672.67,29.97,Dominant,Pot Entry,Reproductive,,POINT
423,423,1705.406,"C:/Users/Biolab/Desktop/Dyad Score Log Data for Editing 1-6,8-19/Dyad Videos/AVI Converted/18.avi",3672.67,29.97,Dominant,Pot Exit,Reproductive,,POINT
424,424,1705.909,"C:/Users/Biolab/Desktop/Dyad Score Log Data for Editing 1-6,8-19/Dyad Videos/AVI Converted/18.avi",3672.67,29.97,Dominant,Pot Dig,Reproductive,,POINT
425,425,1712.215,"C:/Users/Biolab/Desktop/Dyad Score Log Data for Editing 1-6,8-19/Dyad Videos/AVI Converted/18.avi",3672.67,29.97,Dominant,Lead,Reproductive,,POINT
426,426,1722.325,"C:/Users/Biolab/Desktop/Dyad Score Log Data for Editing 1-6,8-19/Dyad Videos/AVI Converted/18.avi",3672.67,29.97,Dominant,Dig Substrate,Reproductive,,POINT
427,427,1723.524,"C:/Users/Biolab/Desktop/Dyad Score Log Data for Editing 1-6,8-19/Dyad Videos/AVI Converted/18.avi",3672.67,29.97,Dominant,Dig Substrate,Reproductive,,POINT
428,428,1727.03,"C:/Users/Biolab/Desktop/Dyad Score Log Data for Editing 1-6,8-19/Dyad Videos/AVI Converted/18.avi",3672.67,29.97,Dominant,Dig Substrate,Reproductive,,POINT
429,429,1768.672,"C:/Users/Biolab/Desktop/Dyad Score Log Data for Editing 1-6,8-19/Dyad Videos/AVI Converted/18.avi",3672.67,29.97,Dominant,Dig Substrate,Reproductive,,POINT
430,430,1769.874,"C:/Users/Biolab/Desktop/Dyad Score Log Data for Editing 1-6,8-19/Dyad Videos/AVI Converted/18.avi",3672.67,29.97,Dominant,Lead,Reproductive,,POINT
431,431,1790.595,"C:/Users/Biolab/Desktop/Dyad Score Log Data for Editing 1-6,8-19/Dyad Videos/AVI Converted/18.avi",3672.67,29.97,Dominant,Dig Substrate,Reproductive,,POINT
432,432,1791.095,"C:/Users/Biolab/Desktop/Dyad Score Log Data for Editing 1-6,8-19/Dyad Videos/AVI Converted/18.avi",3672.67,29.97,Dominant,Dig Substrate,Reproductive,,POINT
433,433,1791.595,"C:/Users/Biolab/Desktop/Dyad Score Log Data for Editing 1-6,8-19/Dyad Videos/AVI Converted/18.avi",3672.67,29.97,Dominant,Dig Substrate,Reproductive,,POINT
434,434,1792.595,"C:/Users/Biolab/Desktop/Dyad Score Log Data for Editing 1-6,8-19/Dyad Videos/AVI Converted/18.avi",3672.67,29.97,Dominant,Dig Substrate,Reproductive,,POINT
435,435,1801.105,"C:/Users/Biolab/Desktop/Dyad Score Log Data for Editing 1-6,8-19/Dyad Videos/AVI Converted/18.avi",3672.67,29.97,Dominant,Dig Substrate,Reproductive,,POINT
436,436,1801.903,"C:/Users/Biolab/Desktop/Dyad Score Log Data for Editing 1-6,8-19/Dyad Videos/AVI Converted/18.avi",3672.67,29.97,Dominant,Pot Entry,Reproductive,,POINT
437,437,1803.908,"C:/Users/Biolab/Desktop/Dyad Score Log Data for Editing 1-6,8-19/Dyad Videos/AVI Converted/18.avi",3672.67,29.97,Dominant,Pot Dig,Reproductive,,POINT
438,438,1804.405,"C:/Users/Biolab/Desktop/Dyad Score Log Data for Editing 1-6,8-19/Dyad Videos/AVI Converted/18.avi",3672.67,29.97,Dominant,Pot Exit,Reproductive,,POINT
439,439,1825.827,"C:/Users/Biolab/Desktop/Dyad Score Log Data for Editing 1-6,8-19/Dyad Videos/AVI Converted/18.avi",3672.67,29.97,Dominant,Dig Substrate,Reproductive,,POINT
440,440,1829.632,"C:/Users/Biolab/Desktop/Dyad Score Log Data for Editing 1-6,8-19/Dyad Videos/AVI Converted/18.avi",3672.67,29.97,Dominant,Dig Substrate,Reproductive,,POINT
441,441,1831.732,"C:/Users/Biolab/Desktop/Dyad Score Log Data for Editing 1-6,8-19/Dyad Videos/AVI Converted/18.avi",3672.67,29.97,Dominant,Pot Entry,Reproductive,,POINT
442,442,1833.838,"C:/Users/Biolab/Desktop/Dyad Score Log Data for Editing 1-6,8-19/Dyad Videos/AVI Converted/18.avi",3672.67,29.97,Dominant,Pot Dig,Reproductive,,POINT
443,443,1834.936,"C:/Users/Biolab/Desktop/Dyad Score Log Data for Editing 1-6,8-19/Dyad Videos/AVI Converted/18.avi",3672.67,29.97,Dominant,Pot Exit,Reproductive,,POINT
444,444,1836.436,"C:/Users/Biolab/Desktop/Dyad Score Log Data for Editing 1-6,8-19/Dyad Videos/AVI Converted/18.avi",3672.67,29.97,Dominant,Pot Entry,Reproductive,,POINT
445,445,1838.443,"C:/Users/Biolab/Desktop/Dyad Score Log Data for Editing 1-6,8-19/Dyad Videos/AVI Converted/18.avi",3672.67,29.97,Dominant,Pot Dig,Reproductive,,POINT
446,446,1838.639,"C:/Users/Biolab/Desktop/Dyad Score Log Data for Editing 1-6,8-19/Dyad Videos/AVI Converted/18.avi",3672.67,29.97,Dominant,Pot Exit,Reproductive,,POINT
447,447,1848.251,"C:/Users/Biolab/Desktop/Dyad Score Log Data for Editing 1-6,8-19/Dyad Videos/AVI Converted/18.avi",3672.67,29.97,Dominant,Dig Substrate,Reproductive,,POINT
448,448,1848.953,"C:/Users/Biolab/Desktop/Dyad Score Log Data for Editing 1-6,8-19/Dyad Videos/AVI Converted/18.avi",3672.67,29.97,Dominant,Dig Substrate,Reproductive,,POINT
449,449,1849.953,"C:/Users/Biolab/Desktop/Dyad Score Log Data for Editing 1-6,8-19/Dyad Videos/AVI Converted/18.avi",3672.67,29.97,Dominant,Dig Substrate,Reproductive,,POINT
450,450,1852.052,"C:/Users/Biolab/Desktop/Dyad Score Log Data for Editing 1-6,8-19/Dyad Videos/AVI Converted/18.avi",3672.67,29.97,Dominant,Pot Entry,Reproductive,,POINT
451,451,1854.054,"C:/Users/Biolab/Desktop/Dyad Score Log Data for Editing 1-6,8-19/Dyad Videos/AVI Converted/18.avi",3672.67,29.97,Dominant,Pot Exit,Reproductive,,POINT
452,452,1854.057,"C:/Users/Biolab/Desktop/Dyad Score Log Data for Editing 1-6,8-19/Dyad Videos/AVI Converted/18.avi",3672.67,29.97,Dominant,Pot Dig,Reproductive,,POINT
453,453,1879.484,"C:/Users/Biolab/Desktop/Dyad Score Log Data for Editing 1-6,8-19/Dyad Videos/AVI Converted/18.avi",3672.67,29.97,Dominant,Dig Substrate,Reproductive,,POINT
454,454,1903.905,"C:/Users/Biolab/Desktop/Dyad Score Log Data for Editing 1-6,8-19/Dyad Videos/AVI Converted/18.avi",3672.67,29.97,Dominant,Dig Substrate,Reproductive,,POINT
455,455,1903.905,"C:/Users/Biolab/Desktop/Dyad Score Log Data for Editing 1-6,8-19/Dyad Videos/AVI Converted/18.avi",3672.67,29.97,Dominant,Scrape,Aggressive,,POINT
456,456,1903.908,"C:/Users/Biolab/Desktop/Dyad Score Log Data for Editing 1-6,8-19/Dyad Videos/AVI Converted/18.avi",3672.67,29.97,Dominant,Dig Substrate,Reproductive,,POINT
457,457,1905.406,"C:/Users/Biolab/Desktop/Dyad Score Log Data for Editing 1-6,8-19/Dyad Videos/AVI Converted/18.avi",3672.67,29.97,Dominant,Scrape,Aggressive,,POINT
458,458,1905.906,"C:/Users/Biolab/Desktop/Dyad Score Log Data for Editing 1-6,8-19/Dyad Videos/AVI Converted/18.avi",3672.67,29.97,Dominant,Dig Substrate,Reproductive,,POINT
459,459,1906.21,"C:/Users/Biolab/Desktop/Dyad Score Log Data for Editing 1-6,8-19/Dyad Videos/AVI Converted/18.avi",3672.67,29.97,Dominant,Lead,Reproductive,,POINT
460,460,1922.727,"C:/Users/Biolab/Desktop/Dyad Score Log Data for Editing 1-6,8-19/Dyad Videos/AVI Converted/18.avi",3672.67,29.97,Dominant,Lead,Reproductive,,POINT
461,461,1951.554,"C:/Users/Biolab/Desktop/Dyad Score Log Data for Editing 1-6,8-19/Dyad Videos/AVI Converted/18.avi",3672.67,29.97,Dominant,Dig Substrate,Reproductive,,POINT
462,462,1956.262,"C:/Users/Biolab/Desktop/Dyad Score Log Data for Editing 1-6,8-19/Dyad Videos/AVI Converted/18.avi",3672.67,29.97,Dominant,Dig Substrate,Reproductive,,POINT
463,463,1963.567,"C:/Users/Biolab/Desktop/Dyad Score Log Data for Editing 1-6,8-19/Dyad Videos/AVI Converted/18.avi",3672.67,29.97,Dominant,Dig Substrate,Reproductive,,POINT
464,464,1964.067,"C:/Users/Biolab/Desktop/Dyad Score Log Data for Editing 1-6,8-19/Dyad Videos/AVI Converted/18.avi",3672.67,29.97,Dominant,Lead,Reproductive,,POINT
465,465,1977.779,"C:/Users/Biolab/Desktop/Dyad Score Log Data for Editing 1-6,8-19/Dyad Videos/AVI Converted/18.avi",3672.67,29.97,Dominant,Pot Entry,Reproductive,,POINT
466,466,1980.182,"C:/Users/Biolab/Desktop/Dyad Score Log Data for Editing 1-6,8-19/Dyad Videos/AVI Converted/18.avi",3672.67,29.97,Dominant,Pot Dig,Reproductive,,POINT
467,467,1980.481,"C:/Users/Biolab/Desktop/Dyad Score Log Data for Editing 1-6,8-19/Dyad Videos/AVI Converted/18.avi",3672.67,29.97,Dominant,Pot Exit,Reproductive,,POINT
468,468,1986.289,"C:/Users/Biolab/Desktop/Dyad Score Log Data for Editing 1-6,8-19/Dyad Videos/AVI Converted/18.avi",3672.67,29.97,Dominant,Dig Substrate,Reproductive,,POINT
469,469,1986.99,"C:/Users/Biolab/Desktop/Dyad Score Log Data for Editing 1-6,8-19/Dyad Videos/AVI Converted/18.avi",3672.67,29.97,Dominant,Dig Substrate,Reproductive,,POINT
470,470,1997.103,"C:/Users/Biolab/Desktop/Dyad Score Log Data for Editing 1-6,8-19/Dyad Videos/AVI Converted/18.avi",3672.67,29.97,Dominant,Dig Substrate,Reproductive,,POINT
471,471,1999.603,"C:/Users/Biolab/Desktop/Dyad Score Log Data for Editing 1-6,8-19/Dyad Videos/AVI Converted/18.avi",3672.67,29.97,Dominant,Dig Substrate,Reproductive,,POINT
472,472,2057.06,"C:/Users/Biolab/Desktop/Dyad Score Log Data for Editing 1-6,8-19/Dyad Videos/AVI Converted/18.avi",3672.67,29.97,Dominant,Dig Substrate,Reproductive,,POINT
473,473,2066.369,"C:/Users/Biolab/Desktop/Dyad Score Log Data for Editing 1-6,8-19/Dyad Videos/AVI Converted/18.avi",3672.67,29.97,Dominant,Dig Substrate,Reproductive,,POINT
474,474,2067.075,"C:/Users/Biolab/Desktop/Dyad Score Log Data for Editing 1-6,8-19/Dyad Videos/AVI Converted/18.avi",3672.67,29.97,Dominant,Dig Substrate,Reproductive,,POINT
475,475,2068.371,"C:/Users/Biolab/Desktop/Dyad Score Log Data for Editing 1-6,8-19/Dyad Videos/AVI Converted/18.avi",3672.67,29.97,Dominant,Dig Substrate,Reproductive,,POINT
476,476,2069.576,"C:/Users/Biolab/Desktop/Dyad Score Log Data for Editing 1-6,8-19/Dyad Videos/AVI Converted/18.avi",3672.67,29.97,Dominant,Dig Substrate,Reproductive,,POINT
477,477,2071.173,"C:/Users/Biolab/Desktop/Dyad Score Log Data for Editing 1-6,8-19/Dyad Videos/AVI Converted/18.avi",3672.67,29.97,Dominant,Dig Substrate,Reproductive,,POINT
478,478,2072.177,"C:/Users/Biolab/Desktop/Dyad Score Log Data for Editing 1-6,8-19/Dyad Videos/AVI Converted/18.avi",3672.67,29.97,Dominant,Dig Substrate,Reproductive,,POINT
479,479,2073.676,"C:/Users/Biolab/Desktop/Dyad Score Log Data for Editing 1-6,8-19/Dyad Videos/AVI Converted/18.avi",3672.67,29.97,Dominant,Dig Substrate,Reproductive,,POINT
480,480,2074.575,"C:/Users/Biolab/Desktop/Dyad Score Log Data for Editing 1-6,8-19/Dyad Videos/AVI Converted/18.avi",3672.67,29.97,Dominant,Pot Entry,Reproductive,,POINT
481,481,2076.679,"C:/Users/Biolab/Desktop/Dyad Score Log Data for Editing 1-6,8-19/Dyad Videos/AVI Converted/18.avi",3672.67,29.97,Dominant,Pot Dig,Reproductive,,POINT
482,482,2076.978,"C:/Users/Biolab/Desktop/Dyad Score Log Data for Editing 1-6,8-19/Dyad Videos/AVI Converted/18.avi",3672.67,29.97,Dominant,Pot Exit,Reproductive,,POINT
483,483,2078.479,"C:/Users/Biolab/Desktop/Dyad Score Log Data for Editing 1-6,8-19/Dyad Videos/AVI Converted/18.avi",3672.67,29.97,Dominant,Pot Entry,Reproductive,,POINT
484,484,2080.481,"C:/Users/Biolab/Desktop/Dyad Score Log Data for Editing 1-6,8-19/Dyad Videos/AVI Converted/18.avi",3672.67,29.97,Dominant,Pot Exit,Reproductive,,POINT
485,485,2080.887,"C:/Users/Biolab/Desktop/Dyad Score Log Data for Editing 1-6,8-19/Dyad Videos/AVI Converted/18.avi",3672.67,29.97,Dominant,Pot Dig,Reproductive,,POINT
486,486,2085.987,"C:/Users/Biolab/Desktop/Dyad Score Log Data for Editing 1-6,8-19/Dyad Videos/AVI Converted/18.avi",3672.67,29.97,Dominant,Biting,Aggressive,,POINT
487,487,2085.987,"C:/Users/Biolab/Desktop/Dyad Score Log Data for Editing 1-6,8-19/Dyad Videos/AVI Converted/18.avi",3672.67,29.97,Dominant,Scrape,Aggressive,,POINT
488,488,2087.49,"C:/Users/Biolab/Desktop/Dyad Score Log Data for Editing 1-6,8-19/Dyad Videos/AVI Converted/18.avi",3672.67,29.97,Dominant,Dig Substrate,Reproductive,,POINT
489,489,2088.588,"C:/Users/Biolab/Desktop/Dyad Score Log Data for Editing 1-6,8-19/Dyad Videos/AVI Converted/18.avi",3672.67,29.97,Dominant,Dig Substrate,Reproductive,,POINT
490,490,2088.788,"C:/Users/Biolab/Desktop/Dyad Score Log Data for Editing 1-6,8-19/Dyad Videos/AVI Converted/18.avi",3672.67,29.97,Dominant,Lead,Reproductive,,POINT
491,491,2111.615,"C:/Users/Biolab/Desktop/Dyad Score Log Data for Editing 1-6,8-19/Dyad Videos/AVI Converted/18.avi",3672.67,29.97,Dominant,Lead,Reproductive,,POINT
