,Unnamed: 0,Time,Media file path,Total length,FPS,Subject,Behavior,Behavioral category,Comment,Status
0,0,306.965,"C:/Users/Biolab/Desktop/Dyad Score Log Data for Editing 1-6,8-19/Dyad Videos/AVI Converted/12.avi",1691.22,59.94,Dominant,Pot Exit,Reproductive,,POINT
1,1,308.815,"C:/Users/Biolab/Desktop/Dyad Score Log Data for Editing 1-6,8-19/Dyad Videos/AVI Converted/12.avi",1691.22,59.94,Dominant,Charge,Aggressive,,POINT
2,2,310.124,"C:/Users/Biolab/Desktop/Dyad Score Log Data for Editing 1-6,8-19/Dyad Videos/AVI Converted/12.avi",1691.22,59.94,Dominant,Chase,Aggressive,,POINT
3,3,313.454,"C:/Users/Biolab/Desktop/Dyad Score Log Data for Editing 1-6,8-19/Dyad Videos/AVI Converted/12.avi",1691.22,59.94,Dominant,Quiver,Reproductive,,POINT
4,4,314.34,"C:/Users/Biolab/Desktop/Dyad Score Log Data for Editing 1-6,8-19/Dyad Videos/AVI Converted/12.avi",1691.22,59.94,Dominant,Charge,Aggressive,,POINT
5,5,314.34,"C:/Users/Biolab/Desktop/Dyad Score Log Data for Editing 1-6,8-19/Dyad Videos/AVI Converted/12.avi",1691.22,59.94,Dominant,Lead,Reproductive,,POINT
6,6,315.791,"C:/Users/Biolab/Desktop/Dyad Score Log Data for Editing 1-6,8-19/Dyad Videos/AVI Converted/12.avi",1691.22,59.94,Dominant,Lead,Reproductive,,POINT
7,7,316.331,"C:/Users/Biolab/Desktop/Dyad Score Log Data for Editing 1-6,8-19/Dyad Videos/AVI Converted/12.avi",1691.22,59.94,Dominant,Lead,Reproductive,,POINT
8,8,320.654,"C:/Users/Biolab/Desktop/Dyad Score Log Data for Editing 1-6,8-19/Dyad Videos/AVI Converted/12.avi",1691.22,59.94,Dominant,Lead,Reproductive,,POINT
9,9,323.624,"C:/Users/Biolab/Desktop/Dyad Score Log Data for Editing 1-6,8-19/Dyad Videos/AVI Converted/12.avi",1691.22,59.94,Dominant,Chase,Aggressive,,POINT
10,10,332.262,"C:/Users/Biolab/Desktop/Dyad Score Log Data for Editing 1-6,8-19/Dyad Videos/AVI Converted/12.avi",1691.22,59.94,Dominant,Foraging,Reproductive,,POINT
11,11,332.808,"C:/Users/Biolab/Desktop/Dyad Score Log Data for Editing 1-6,8-19/Dyad Videos/AVI Converted/12.avi",1691.22,59.94,Dominant,Foraging,Reproductive,,POINT
12,12,339.646,"C:/Users/Biolab/Desktop/Dyad Score Log Data for Editing 1-6,8-19/Dyad Videos/AVI Converted/12.avi",1691.22,59.94,Dominant,Chase,Aggressive,,POINT
13,13,343.153,"C:/Users/Biolab/Desktop/Dyad Score Log Data for Editing 1-6,8-19/Dyad Videos/AVI Converted/12.avi",1691.22,59.94,Dominant,Chase,Aggressive,,POINT
14,14,346.391,"C:/Users/Biolab/Desktop/Dyad Score Log Data for Editing 1-6,8-19/Dyad Videos/AVI Converted/12.avi",1691.22,59.94,Dominant,Chase,Aggressive,,POINT
15,15,358.634,"C:/Users/Biolab/Desktop/Dyad Score Log Data for Editing 1-6,8-19/Dyad Videos/AVI Converted/12.avi",1691.22,59.94,Dominant,Foraging,Reproductive,,POINT
16,16,359.714,"C:/Users/Biolab/Desktop/Dyad Score Log Data for Editing 1-6,8-19/Dyad Videos/AVI Converted/12.avi",1691.22,59.94,Dominant,Foraging,Reproductive,,POINT
17,17,361.874,"C:/Users/Biolab/Desktop/Dyad Score Log Data for Editing 1-6,8-19/Dyad Videos/AVI Converted/12.avi",1691.22,59.94,Dominant,Dig Substrate,Reproductive,,POINT
18,18,366.282,"C:/Users/Biolab/Desktop/Dyad Score Log Data for Editing 1-6,8-19/Dyad Videos/AVI Converted/12.avi",1691.22,59.94,Dominant,Dig Substrate,Reproductive,,POINT
19,19,369.253,"C:/Users/Biolab/Desktop/Dyad Score Log Data for Editing 1-6,8-19/Dyad Videos/AVI Converted/12.avi",1691.22,59.94,Dominant,Lead,Reproductive,,POINT
20,20,372.001,"C:/Users/Biolab/Desktop/Dyad Score Log Data for Editing 1-6,8-19/Dyad Videos/AVI Converted/12.avi",1691.22,59.94,Dominant,Scrape,Aggressive,,POINT
21,21,372.221,"C:/Users/Biolab/Desktop/Dyad Score Log Data for Editing 1-6,8-19/Dyad Videos/AVI Converted/12.avi",1691.22,59.94,Dominant,Chase,Aggressive,,POINT
22,22,373.426,"C:/Users/Biolab/Desktop/Dyad Score Log Data for Editing 1-6,8-19/Dyad Videos/AVI Converted/12.avi",1691.22,59.94,Dominant,Scrape,Aggressive,,POINT
23,23,373.572,"C:/Users/Biolab/Desktop/Dyad Score Log Data for Editing 1-6,8-19/Dyad Videos/AVI Converted/12.avi",1691.22,59.94,Dominant,Chase,Aggressive,,POINT
24,24,374.951,"C:/Users/Biolab/Desktop/Dyad Score Log Data for Editing 1-6,8-19/Dyad Videos/AVI Converted/12.avi",1691.22,59.94,Dominant,Scrape,Aggressive,,POINT
25,25,375.732,"C:/Users/Biolab/Desktop/Dyad Score Log Data for Editing 1-6,8-19/Dyad Videos/AVI Converted/12.avi",1691.22,59.94,Dominant,Chase,Aggressive,,POINT
26,26,376.277,"C:/Users/Biolab/Desktop/Dyad Score Log Data for Editing 1-6,8-19/Dyad Videos/AVI Converted/12.avi",1691.22,59.94,Dominant,Lead,Reproductive,,POINT
27,27,382.951,"C:/Users/Biolab/Desktop/Dyad Score Log Data for Editing 1-6,8-19/Dyad Videos/AVI Converted/12.avi",1691.22,59.94,Dominant,Chase,Aggressive,,POINT
28,28,383.563,"C:/Users/Biolab/Desktop/Dyad Score Log Data for Editing 1-6,8-19/Dyad Videos/AVI Converted/12.avi",1691.22,59.94,Dominant,Chase,Aggressive,,POINT
29,29,383.95,"C:/Users/Biolab/Desktop/Dyad Score Log Data for Editing 1-6,8-19/Dyad Videos/AVI Converted/12.avi",1691.22,59.94,Dominant,Scrape,Aggressive,,POINT
30,30,384.552,"C:/Users/Biolab/Desktop/Dyad Score Log Data for Editing 1-6,8-19/Dyad Videos/AVI Converted/12.avi",1691.22,59.94,Dominant,Foraging,Reproductive,,POINT
31,31,390.674,"C:/Users/Biolab/Desktop/Dyad Score Log Data for Editing 1-6,8-19/Dyad Videos/AVI Converted/12.avi",1691.22,59.94,Dominant,Lead,Reproductive,,POINT
32,32,392.833,"C:/Users/Biolab/Desktop/Dyad Score Log Data for Editing 1-6,8-19/Dyad Videos/AVI Converted/12.avi",1691.22,59.94,Dominant,Dig Substrate,Reproductive,,POINT
33,33,395.352,"C:/Users/Biolab/Desktop/Dyad Score Log Data for Editing 1-6,8-19/Dyad Videos/AVI Converted/12.avi",1691.22,59.94,Dominant,Dig Substrate,Reproductive,,POINT
34,34,395.624,"C:/Users/Biolab/Desktop/Dyad Score Log Data for Editing 1-6,8-19/Dyad Videos/AVI Converted/12.avi",1691.22,59.94,Dominant,Foraging,Reproductive,,POINT
35,35,397.695,"C:/Users/Biolab/Desktop/Dyad Score Log Data for Editing 1-6,8-19/Dyad Videos/AVI Converted/12.avi",1691.22,59.94,Dominant,Dig Substrate,Reproductive,,POINT
36,36,400.393,"C:/Users/Biolab/Desktop/Dyad Score Log Data for Editing 1-6,8-19/Dyad Videos/AVI Converted/12.avi",1691.22,59.94,Dominant,Dig Substrate,Reproductive,,POINT
37,37,403.092,"C:/Users/Biolab/Desktop/Dyad Score Log Data for Editing 1-6,8-19/Dyad Videos/AVI Converted/12.avi",1691.22,59.94,Dominant,Dig Substrate,Reproductive,,POINT
38,38,407.682,"C:/Users/Biolab/Desktop/Dyad Score Log Data for Editing 1-6,8-19/Dyad Videos/AVI Converted/12.avi",1691.22,59.94,Dominant,Dig Substrate,Reproductive,,POINT
39,39,410.113,"C:/Users/Biolab/Desktop/Dyad Score Log Data for Editing 1-6,8-19/Dyad Videos/AVI Converted/12.avi",1691.22,59.94,Dominant,Dig Substrate,Reproductive,,POINT
40,40,411.73,"C:/Users/Biolab/Desktop/Dyad Score Log Data for Editing 1-6,8-19/Dyad Videos/AVI Converted/12.avi",1691.22,59.94,Dominant,Dig Substrate,Reproductive,,POINT
41,41,419.29,"C:/Users/Biolab/Desktop/Dyad Score Log Data for Editing 1-6,8-19/Dyad Videos/AVI Converted/12.avi",1691.22,59.94,Dominant,Foraging,Reproductive,,POINT
42,42,419.833,"C:/Users/Biolab/Desktop/Dyad Score Log Data for Editing 1-6,8-19/Dyad Videos/AVI Converted/12.avi",1691.22,59.94,Dominant,Foraging,Reproductive,,POINT
43,43,420.912,"C:/Users/Biolab/Desktop/Dyad Score Log Data for Editing 1-6,8-19/Dyad Videos/AVI Converted/12.avi",1691.22,59.94,Dominant,Foraging,Reproductive,,POINT
44,44,427.932,"C:/Users/Biolab/Desktop/Dyad Score Log Data for Editing 1-6,8-19/Dyad Videos/AVI Converted/12.avi",1691.22,59.94,Dominant,Chase,Aggressive,,POINT
45,45,429.825,"C:/Users/Biolab/Desktop/Dyad Score Log Data for Editing 1-6,8-19/Dyad Videos/AVI Converted/12.avi",1691.22,59.94,Dominant,Chase,Aggressive,,POINT
46,46,430.111,"C:/Users/Biolab/Desktop/Dyad Score Log Data for Editing 1-6,8-19/Dyad Videos/AVI Converted/12.avi",1691.22,59.94,Dominant,Scrape,Aggressive,,POINT
47,47,436.572,"C:/Users/Biolab/Desktop/Dyad Score Log Data for Editing 1-6,8-19/Dyad Videos/AVI Converted/12.avi",1691.22,59.94,Dominant,Foraging,Reproductive,,POINT
48,48,437.112,"C:/Users/Biolab/Desktop/Dyad Score Log Data for Editing 1-6,8-19/Dyad Videos/AVI Converted/12.avi",1691.22,59.94,Dominant,Foraging,Reproductive,,POINT
49,49,443.311,"C:/Users/Biolab/Desktop/Dyad Score Log Data for Editing 1-6,8-19/Dyad Videos/AVI Converted/12.avi",1691.22,59.94,Dominant,Charge,Aggressive,,POINT
50,50,443.311,"C:/Users/Biolab/Desktop/Dyad Score Log Data for Editing 1-6,8-19/Dyad Videos/AVI Converted/12.avi",1691.22,59.94,Dominant,Biting,Aggressive,,POINT
51,51,448.724,"C:/Users/Biolab/Desktop/Dyad Score Log Data for Editing 1-6,8-19/Dyad Videos/AVI Converted/12.avi",1691.22,59.94,Dominant,Foraging,Reproductive,,POINT
52,52,448.994,"C:/Users/Biolab/Desktop/Dyad Score Log Data for Editing 1-6,8-19/Dyad Videos/AVI Converted/12.avi",1691.22,59.94,Dominant,Foraging,Reproductive,,POINT
53,53,454.395,"C:/Users/Biolab/Desktop/Dyad Score Log Data for Editing 1-6,8-19/Dyad Videos/AVI Converted/12.avi",1691.22,59.94,Dominant,Foraging,Reproductive,,POINT
54,54,454.663,"C:/Users/Biolab/Desktop/Dyad Score Log Data for Editing 1-6,8-19/Dyad Videos/AVI Converted/12.avi",1691.22,59.94,Dominant,Foraging,Reproductive,,POINT
55,55,458.713,"C:/Users/Biolab/Desktop/Dyad Score Log Data for Editing 1-6,8-19/Dyad Videos/AVI Converted/12.avi",1691.22,59.94,Dominant,Foraging,Reproductive,,POINT
56,56,458.983,"C:/Users/Biolab/Desktop/Dyad Score Log Data for Editing 1-6,8-19/Dyad Videos/AVI Converted/12.avi",1691.22,59.94,Dominant,Foraging,Reproductive,,POINT
57,57,460.335,"C:/Users/Biolab/Desktop/Dyad Score Log Data for Editing 1-6,8-19/Dyad Videos/AVI Converted/12.avi",1691.22,59.94,Dominant,Foraging,Reproductive,,POINT
58,58,469.242,"C:/Users/Biolab/Desktop/Dyad Score Log Data for Editing 1-6,8-19/Dyad Videos/AVI Converted/12.avi",1691.22,59.94,Dominant,Foraging,Reproductive,,POINT
59,59,472.755,"C:/Users/Biolab/Desktop/Dyad Score Log Data for Editing 1-6,8-19/Dyad Videos/AVI Converted/12.avi",1691.22,59.94,Dominant,Foraging,Reproductive,,POINT
60,60,473.294,"C:/Users/Biolab/Desktop/Dyad Score Log Data for Editing 1-6,8-19/Dyad Videos/AVI Converted/12.avi",1691.22,59.94,Dominant,Foraging,Reproductive,,POINT
61,61,475.722,"C:/Users/Biolab/Desktop/Dyad Score Log Data for Editing 1-6,8-19/Dyad Videos/AVI Converted/12.avi",1691.22,59.94,Dominant,Foraging,Reproductive,,POINT
62,62,477.072,"C:/Users/Biolab/Desktop/Dyad Score Log Data for Editing 1-6,8-19/Dyad Videos/AVI Converted/12.avi",1691.22,59.94,Dominant,Scrape,Aggressive,,POINT
63,63,479.142,"C:/Users/Biolab/Desktop/Dyad Score Log Data for Editing 1-6,8-19/Dyad Videos/AVI Converted/12.avi",1691.22,59.94,Dominant,Lead,Reproductive,,POINT
64,64,480.491,"C:/Users/Biolab/Desktop/Dyad Score Log Data for Editing 1-6,8-19/Dyad Videos/AVI Converted/12.avi",1691.22,59.94,Dominant,Chase,Aggressive,,POINT
65,65,482.114,"C:/Users/Biolab/Desktop/Dyad Score Log Data for Editing 1-6,8-19/Dyad Videos/AVI Converted/12.avi",1691.22,59.94,Dominant,Chase,Aggressive,,POINT
66,66,483.463,"C:/Users/Biolab/Desktop/Dyad Score Log Data for Editing 1-6,8-19/Dyad Videos/AVI Converted/12.avi",1691.22,59.94,Dominant,Scrape,Aggressive,,POINT
67,67,483.552,"C:/Users/Biolab/Desktop/Dyad Score Log Data for Editing 1-6,8-19/Dyad Videos/AVI Converted/12.avi",1691.22,59.94,Dominant,Chase,Aggressive,,POINT
68,68,485.712,"C:/Users/Biolab/Desktop/Dyad Score Log Data for Editing 1-6,8-19/Dyad Videos/AVI Converted/12.avi",1691.22,59.94,Dominant,Lead,Reproductive,,POINT
69,69,489.225,"C:/Users/Biolab/Desktop/Dyad Score Log Data for Editing 1-6,8-19/Dyad Videos/AVI Converted/12.avi",1691.22,59.94,Dominant,Lead,Reproductive,,POINT
70,70,490.84,"C:/Users/Biolab/Desktop/Dyad Score Log Data for Editing 1-6,8-19/Dyad Videos/AVI Converted/12.avi",1691.22,59.94,Dominant,Lead,Reproductive,,POINT
71,71,493.541,"C:/Users/Biolab/Desktop/Dyad Score Log Data for Editing 1-6,8-19/Dyad Videos/AVI Converted/12.avi",1691.22,59.94,Dominant,Chase,Aggressive,,POINT
72,72,493.814,"C:/Users/Biolab/Desktop/Dyad Score Log Data for Editing 1-6,8-19/Dyad Videos/AVI Converted/12.avi",1691.22,59.94,Dominant,Scrape,Aggressive,,POINT
73,73,494.62,"C:/Users/Biolab/Desktop/Dyad Score Log Data for Editing 1-6,8-19/Dyad Videos/AVI Converted/12.avi",1691.22,59.94,Dominant,Lead,Reproductive,,POINT
74,74,497.053,"C:/Users/Biolab/Desktop/Dyad Score Log Data for Editing 1-6,8-19/Dyad Videos/AVI Converted/12.avi",1691.22,59.94,Dominant,Foraging,Reproductive,,POINT
75,75,497.593,"C:/Users/Biolab/Desktop/Dyad Score Log Data for Editing 1-6,8-19/Dyad Videos/AVI Converted/12.avi",1691.22,59.94,Dominant,Foraging,Reproductive,,POINT
76,76,499.752,"C:/Users/Biolab/Desktop/Dyad Score Log Data for Editing 1-6,8-19/Dyad Videos/AVI Converted/12.avi",1691.22,59.94,Dominant,Foraging,Reproductive,,POINT
77,77,505.692,"C:/Users/Biolab/Desktop/Dyad Score Log Data for Editing 1-6,8-19/Dyad Videos/AVI Converted/12.avi",1691.22,59.94,Dominant,Lead,Reproductive,,POINT
78,78,507.04,"C:/Users/Biolab/Desktop/Dyad Score Log Data for Editing 1-6,8-19/Dyad Videos/AVI Converted/12.avi",1691.22,59.94,Dominant,Chase,Aggressive,,POINT
79,79,511.392,"C:/Users/Biolab/Desktop/Dyad Score Log Data for Editing 1-6,8-19/Dyad Videos/AVI Converted/12.avi",1691.22,59.94,Dominant,Scrape,Aggressive,,POINT
80,80,512.179,"C:/Users/Biolab/Desktop/Dyad Score Log Data for Editing 1-6,8-19/Dyad Videos/AVI Converted/12.avi",1691.22,59.94,Dominant,Lead,Reproductive,,POINT
81,81,513.343,"C:/Users/Biolab/Desktop/Dyad Score Log Data for Editing 1-6,8-19/Dyad Videos/AVI Converted/12.avi",1691.22,59.94,Dominant,Dig Substrate,Reproductive,,POINT
82,82,515.23,"C:/Users/Biolab/Desktop/Dyad Score Log Data for Editing 1-6,8-19/Dyad Videos/AVI Converted/12.avi",1691.22,59.94,Dominant,Dig Substrate,Reproductive,,POINT
83,83,518.207,"C:/Users/Biolab/Desktop/Dyad Score Log Data for Editing 1-6,8-19/Dyad Videos/AVI Converted/12.avi",1691.22,59.94,Dominant,Dig Substrate,Reproductive,,POINT
84,84,521.085,"C:/Users/Biolab/Desktop/Dyad Score Log Data for Editing 1-6,8-19/Dyad Videos/AVI Converted/12.avi",1691.22,59.94,Dominant,Lead,Reproductive,,POINT
85,85,522.343,"C:/Users/Biolab/Desktop/Dyad Score Log Data for Editing 1-6,8-19/Dyad Videos/AVI Converted/12.avi",1691.22,59.94,Dominant,Foraging,Reproductive,,POINT
86,86,523.691,"C:/Users/Biolab/Desktop/Dyad Score Log Data for Editing 1-6,8-19/Dyad Videos/AVI Converted/12.avi",1691.22,59.94,Dominant,Foraging,Reproductive,,POINT
87,87,526.935,"C:/Users/Biolab/Desktop/Dyad Score Log Data for Editing 1-6,8-19/Dyad Videos/AVI Converted/12.avi",1691.22,59.94,Dominant,Dig Substrate,Reproductive,,POINT
88,88,528.284,"C:/Users/Biolab/Desktop/Dyad Score Log Data for Editing 1-6,8-19/Dyad Videos/AVI Converted/12.avi",1691.22,59.94,Dominant,Lead,Reproductive,,POINT
89,89,530.173,"C:/Users/Biolab/Desktop/Dyad Score Log Data for Editing 1-6,8-19/Dyad Videos/AVI Converted/12.avi",1691.22,59.94,Dominant,Lead,Reproductive,,POINT
90,90,533.141,"C:/Users/Biolab/Desktop/Dyad Score Log Data for Editing 1-6,8-19/Dyad Videos/AVI Converted/12.avi",1691.22,59.94,Dominant,Dig Substrate,Reproductive,,POINT
91,91,534.676,"C:/Users/Biolab/Desktop/Dyad Score Log Data for Editing 1-6,8-19/Dyad Videos/AVI Converted/12.avi",1691.22,59.94,Dominant,Dig Substrate,Reproductive,,POINT
92,92,539.266,"C:/Users/Biolab/Desktop/Dyad Score Log Data for Editing 1-6,8-19/Dyad Videos/AVI Converted/12.avi",1691.22,59.94,Dominant,Lead,Reproductive,,POINT
93,93,546.285,"C:/Users/Biolab/Desktop/Dyad Score Log Data for Editing 1-6,8-19/Dyad Videos/AVI Converted/12.avi",1691.22,59.94,Dominant,Foraging,Reproductive,,POINT
94,94,546.732,"C:/Users/Biolab/Desktop/Dyad Score Log Data for Editing 1-6,8-19/Dyad Videos/AVI Converted/12.avi",1691.22,59.94,Dominant,Foraging,Reproductive,,POINT
95,95,547.273,"C:/Users/Biolab/Desktop/Dyad Score Log Data for Editing 1-6,8-19/Dyad Videos/AVI Converted/12.avi",1691.22,59.94,Dominant,Foraging,Reproductive,,POINT
96,96,548.897,"C:/Users/Biolab/Desktop/Dyad Score Log Data for Editing 1-6,8-19/Dyad Videos/AVI Converted/12.avi",1691.22,59.94,Dominant,Foraging,Reproductive,,POINT
97,97,554.561,"C:/Users/Biolab/Desktop/Dyad Score Log Data for Editing 1-6,8-19/Dyad Videos/AVI Converted/12.avi",1691.22,59.94,Dominant,Lead,Reproductive,,POINT
98,98,556.992,"C:/Users/Biolab/Desktop/Dyad Score Log Data for Editing 1-6,8-19/Dyad Videos/AVI Converted/12.avi",1691.22,59.94,Dominant,Chase,Aggressive,,POINT
99,99,558.059,"C:/Users/Biolab/Desktop/Dyad Score Log Data for Editing 1-6,8-19/Dyad Videos/AVI Converted/12.avi",1691.22,59.94,Dominant,Scrape,Aggressive,,POINT
100,100,558.344,"C:/Users/Biolab/Desktop/Dyad Score Log Data for Editing 1-6,8-19/Dyad Videos/AVI Converted/12.avi",1691.22,59.94,Dominant,Chase,Aggressive,,POINT
101,101,559.783,"C:/Users/Biolab/Desktop/Dyad Score Log Data for Editing 1-6,8-19/Dyad Videos/AVI Converted/12.avi",1691.22,59.94,Dominant,Biting,Aggressive,,POINT
102,102,561.314,"C:/Users/Biolab/Desktop/Dyad Score Log Data for Editing 1-6,8-19/Dyad Videos/AVI Converted/12.avi",1691.22,59.94,Dominant,Lead,Reproductive,,POINT
103,103,563.023,"C:/Users/Biolab/Desktop/Dyad Score Log Data for Editing 1-6,8-19/Dyad Videos/AVI Converted/12.avi",1691.22,59.94,Dominant,Foraging,Reproductive,,POINT
104,104,567.684,"C:/Users/Biolab/Desktop/Dyad Score Log Data for Editing 1-6,8-19/Dyad Videos/AVI Converted/12.avi",1691.22,59.94,Dominant,Pot Entry,Reproductive,,POINT
105,105,569.773,"C:/Users/Biolab/Desktop/Dyad Score Log Data for Editing 1-6,8-19/Dyad Videos/AVI Converted/12.avi",1691.22,59.94,Dominant,Pot Dig,Reproductive,,POINT
106,106,576.972,"C:/Users/Biolab/Desktop/Dyad Score Log Data for Editing 1-6,8-19/Dyad Videos/AVI Converted/12.avi",1691.22,59.94,Dominant,Pot Dig,Reproductive,,POINT
107,107,578.183,"C:/Users/Biolab/Desktop/Dyad Score Log Data for Editing 1-6,8-19/Dyad Videos/AVI Converted/12.avi",1691.22,59.94,Dominant,Pot Exit,Reproductive,,POINT
108,108,579.483,"C:/Users/Biolab/Desktop/Dyad Score Log Data for Editing 1-6,8-19/Dyad Videos/AVI Converted/12.avi",1691.22,59.94,Dominant,Biting,Aggressive,,POINT
109,109,580.661,"C:/Users/Biolab/Desktop/Dyad Score Log Data for Editing 1-6,8-19/Dyad Videos/AVI Converted/12.avi",1691.22,59.94,Dominant,Lead,Reproductive,,POINT
110,110,582.282,"C:/Users/Biolab/Desktop/Dyad Score Log Data for Editing 1-6,8-19/Dyad Videos/AVI Converted/12.avi",1691.22,59.94,Dominant,Chase,Aggressive,,POINT
111,111,584.716,"C:/Users/Biolab/Desktop/Dyad Score Log Data for Editing 1-6,8-19/Dyad Videos/AVI Converted/12.avi",1691.22,59.94,Dominant,Scrape,Aggressive,,POINT
112,112,585.759,"C:/Users/Biolab/Desktop/Dyad Score Log Data for Editing 1-6,8-19/Dyad Videos/AVI Converted/12.avi",1691.22,59.94,Dominant,Biting,Aggressive,,POINT
113,113,585.759,"C:/Users/Biolab/Desktop/Dyad Score Log Data for Editing 1-6,8-19/Dyad Videos/AVI Converted/12.avi",1691.22,59.94,Dominant,Frontal Side Display,Aggressive,,POINT
114,114,587.534,"C:/Users/Biolab/Desktop/Dyad Score Log Data for Editing 1-6,8-19/Dyad Videos/AVI Converted/12.avi",1691.22,59.94,Dominant,Charge,Aggressive,,POINT
115,115,587.534,"C:/Users/Biolab/Desktop/Dyad Score Log Data for Editing 1-6,8-19/Dyad Videos/AVI Converted/12.avi",1691.22,59.94,Dominant,Biting,Aggressive,,POINT
116,116,587.534,"C:/Users/Biolab/Desktop/Dyad Score Log Data for Editing 1-6,8-19/Dyad Videos/AVI Converted/12.avi",1691.22,59.94,Dominant,Frontal Side Display,Aggressive,,POINT
117,117,588.496,"C:/Users/Biolab/Desktop/Dyad Score Log Data for Editing 1-6,8-19/Dyad Videos/AVI Converted/12.avi",1691.22,59.94,Dominant,Chase,Aggressive,,POINT
118,118,588.851,"C:/Users/Biolab/Desktop/Dyad Score Log Data for Editing 1-6,8-19/Dyad Videos/AVI Converted/12.avi",1691.22,59.94,Dominant,Lead,Reproductive,,POINT
119,119,591.012,"C:/Users/Biolab/Desktop/Dyad Score Log Data for Editing 1-6,8-19/Dyad Videos/AVI Converted/12.avi",1691.22,59.94,Dominant,Lead,Reproductive,,POINT
120,120,596.144,"C:/Users/Biolab/Desktop/Dyad Score Log Data for Editing 1-6,8-19/Dyad Videos/AVI Converted/12.avi",1691.22,59.94,Dominant,Foraging,Reproductive,,POINT
121,121,601.002,"C:/Users/Biolab/Desktop/Dyad Score Log Data for Editing 1-6,8-19/Dyad Videos/AVI Converted/12.avi",1691.22,59.94,Dominant,Lead,Reproductive,,POINT
122,122,604.244,"C:/Users/Biolab/Desktop/Dyad Score Log Data for Editing 1-6,8-19/Dyad Videos/AVI Converted/12.avi",1691.22,59.94,Dominant,Lead,Reproductive,,POINT
123,123,607.828,"C:/Users/Biolab/Desktop/Dyad Score Log Data for Editing 1-6,8-19/Dyad Videos/AVI Converted/12.avi",1691.22,59.94,Dominant,Scrape,Aggressive,,POINT
124,124,608.381,"C:/Users/Biolab/Desktop/Dyad Score Log Data for Editing 1-6,8-19/Dyad Videos/AVI Converted/12.avi",1691.22,59.94,Dominant,Chase,Aggressive,,POINT
125,125,612.432,"C:/Users/Biolab/Desktop/Dyad Score Log Data for Editing 1-6,8-19/Dyad Videos/AVI Converted/12.avi",1691.22,59.94,Dominant,Chase,Aggressive,,POINT
126,126,614.324,"C:/Users/Biolab/Desktop/Dyad Score Log Data for Editing 1-6,8-19/Dyad Videos/AVI Converted/12.avi",1691.22,59.94,Dominant,Chase,Aggressive,,POINT
127,127,617.293,"C:/Users/Biolab/Desktop/Dyad Score Log Data for Editing 1-6,8-19/Dyad Videos/AVI Converted/12.avi",1691.22,59.94,Dominant,Chase,Aggressive,,POINT
128,128,622.962,"C:/Users/Biolab/Desktop/Dyad Score Log Data for Editing 1-6,8-19/Dyad Videos/AVI Converted/12.avi",1691.22,59.94,Dominant,Lead,Reproductive,,POINT
129,129,629.441,"C:/Users/Biolab/Desktop/Dyad Score Log Data for Editing 1-6,8-19/Dyad Videos/AVI Converted/12.avi",1691.22,59.94,Dominant,Lead,Reproductive,,POINT
130,130,638.622,"C:/Users/Biolab/Desktop/Dyad Score Log Data for Editing 1-6,8-19/Dyad Videos/AVI Converted/12.avi",1691.22,59.94,Dominant,Chase,Aggressive,,POINT
131,131,643.572,"C:/Users/Biolab/Desktop/Dyad Score Log Data for Editing 1-6,8-19/Dyad Videos/AVI Converted/12.avi",1691.22,59.94,Dominant,Lead,Reproductive,,POINT
132,132,645.553,"C:/Users/Biolab/Desktop/Dyad Score Log Data for Editing 1-6,8-19/Dyad Videos/AVI Converted/12.avi",1691.22,59.94,Dominant,Scrape,Aggressive,,POINT
133,133,645.735,"C:/Users/Biolab/Desktop/Dyad Score Log Data for Editing 1-6,8-19/Dyad Videos/AVI Converted/12.avi",1691.22,59.94,Dominant,Chase,Aggressive,,POINT
134,134,645.735,"C:/Users/Biolab/Desktop/Dyad Score Log Data for Editing 1-6,8-19/Dyad Videos/AVI Converted/12.avi",1691.22,59.94,Dominant,Scrape,Aggressive,,POINT
135,135,665.805,"C:/Users/Biolab/Desktop/Dyad Score Log Data for Editing 1-6,8-19/Dyad Videos/AVI Converted/12.avi",1691.22,59.94,Dominant,Chase,Aggressive,,POINT
136,136,666.61,"C:/Users/Biolab/Desktop/Dyad Score Log Data for Editing 1-6,8-19/Dyad Videos/AVI Converted/12.avi",1691.22,59.94,Dominant,Chase,Aggressive,,POINT
137,137,683.358,"C:/Users/Biolab/Desktop/Dyad Score Log Data for Editing 1-6,8-19/Dyad Videos/AVI Converted/12.avi",1691.22,59.94,Dominant,Foraging,Reproductive,,POINT
138,138,683.984,"C:/Users/Biolab/Desktop/Dyad Score Log Data for Editing 1-6,8-19/Dyad Videos/AVI Converted/12.avi",1691.22,59.94,Dominant,Dig Substrate,Reproductive,,POINT
139,139,686.414,"C:/Users/Biolab/Desktop/Dyad Score Log Data for Editing 1-6,8-19/Dyad Videos/AVI Converted/12.avi",1691.22,59.94,Dominant,Dig Substrate,Reproductive,,POINT
140,140,688.034,"C:/Users/Biolab/Desktop/Dyad Score Log Data for Editing 1-6,8-19/Dyad Videos/AVI Converted/12.avi",1691.22,59.94,Dominant,Dig Substrate,Reproductive,,POINT
141,141,690.731,"C:/Users/Biolab/Desktop/Dyad Score Log Data for Editing 1-6,8-19/Dyad Videos/AVI Converted/12.avi",1691.22,59.94,Dominant,Dig Substrate,Reproductive,,POINT
142,142,697.214,"C:/Users/Biolab/Desktop/Dyad Score Log Data for Editing 1-6,8-19/Dyad Videos/AVI Converted/12.avi",1691.22,59.94,Dominant,Lead,Reproductive,,POINT
143,143,698.207,"C:/Users/Biolab/Desktop/Dyad Score Log Data for Editing 1-6,8-19/Dyad Videos/AVI Converted/12.avi",1691.22,59.94,Dominant,Quiver,Reproductive,,POINT
144,144,702.074,"C:/Users/Biolab/Desktop/Dyad Score Log Data for Editing 1-6,8-19/Dyad Videos/AVI Converted/12.avi",1691.22,59.94,Dominant,Lead,Reproductive,,POINT
145,145,719.351,"C:/Users/Biolab/Desktop/Dyad Score Log Data for Editing 1-6,8-19/Dyad Videos/AVI Converted/12.avi",1691.22,59.94,Dominant,Foraging,Reproductive,,POINT
146,146,719.892,"C:/Users/Biolab/Desktop/Dyad Score Log Data for Editing 1-6,8-19/Dyad Videos/AVI Converted/12.avi",1691.22,59.94,Dominant,Foraging,Reproductive,,POINT
147,147,720.432,"C:/Users/Biolab/Desktop/Dyad Score Log Data for Editing 1-6,8-19/Dyad Videos/AVI Converted/12.avi",1691.22,59.94,Dominant,Foraging,Reproductive,,POINT
148,148,725.021,"C:/Users/Biolab/Desktop/Dyad Score Log Data for Editing 1-6,8-19/Dyad Videos/AVI Converted/12.avi",1691.22,59.94,Dominant,Foraging,Reproductive,,POINT
149,149,725.294,"C:/Users/Biolab/Desktop/Dyad Score Log Data for Editing 1-6,8-19/Dyad Videos/AVI Converted/12.avi",1691.22,59.94,Dominant,Foraging,Reproductive,,POINT
150,150,725.833,"C:/Users/Biolab/Desktop/Dyad Score Log Data for Editing 1-6,8-19/Dyad Videos/AVI Converted/12.avi",1691.22,59.94,Dominant,Foraging,Reproductive,,POINT
151,151,728.532,"C:/Users/Biolab/Desktop/Dyad Score Log Data for Editing 1-6,8-19/Dyad Videos/AVI Converted/12.avi",1691.22,59.94,Dominant,Foraging,Reproductive,,POINT
152,152,729.074,"C:/Users/Biolab/Desktop/Dyad Score Log Data for Editing 1-6,8-19/Dyad Videos/AVI Converted/12.avi",1691.22,59.94,Dominant,Foraging,Reproductive,,POINT
153,153,735.014,"C:/Users/Biolab/Desktop/Dyad Score Log Data for Editing 1-6,8-19/Dyad Videos/AVI Converted/12.avi",1691.22,59.94,Dominant,Foraging,Reproductive,,POINT
154,154,735.555,"C:/Users/Biolab/Desktop/Dyad Score Log Data for Editing 1-6,8-19/Dyad Videos/AVI Converted/12.avi",1691.22,59.94,Dominant,Foraging,Reproductive,,POINT
155,155,744.192,"C:/Users/Biolab/Desktop/Dyad Score Log Data for Editing 1-6,8-19/Dyad Videos/AVI Converted/12.avi",1691.22,59.94,Dominant,Lead,Reproductive,,POINT
156,156,746.621,"C:/Users/Biolab/Desktop/Dyad Score Log Data for Editing 1-6,8-19/Dyad Videos/AVI Converted/12.avi",1691.22,59.94,Dominant,Chase,Aggressive,,POINT
157,157,753.912,"C:/Users/Biolab/Desktop/Dyad Score Log Data for Editing 1-6,8-19/Dyad Videos/AVI Converted/12.avi",1691.22,59.94,Dominant,Chase,Aggressive,,POINT
158,158,757.332,"C:/Users/Biolab/Desktop/Dyad Score Log Data for Editing 1-6,8-19/Dyad Videos/AVI Converted/12.avi",1691.22,59.94,Dominant,Dig Substrate,Reproductive,,POINT
159,159,760.484,"C:/Users/Biolab/Desktop/Dyad Score Log Data for Editing 1-6,8-19/Dyad Videos/AVI Converted/12.avi",1691.22,59.94,Dominant,Dig Substrate,Reproductive,,POINT
160,160,764.262,"C:/Users/Biolab/Desktop/Dyad Score Log Data for Editing 1-6,8-19/Dyad Videos/AVI Converted/12.avi",1691.22,59.94,Dominant,Lead,Reproductive,,POINT
161,161,768.044,"C:/Users/Biolab/Desktop/Dyad Score Log Data for Editing 1-6,8-19/Dyad Videos/AVI Converted/12.avi",1691.22,59.94,Dominant,Chase,Aggressive,,POINT
162,162,773.981,"C:/Users/Biolab/Desktop/Dyad Score Log Data for Editing 1-6,8-19/Dyad Videos/AVI Converted/12.avi",1691.22,59.94,Dominant,Chase,Aggressive,,POINT
163,163,785.051,"C:/Users/Biolab/Desktop/Dyad Score Log Data for Editing 1-6,8-19/Dyad Videos/AVI Converted/12.avi",1691.22,59.94,Dominant,Chase,Aggressive,,POINT
164,164,793.691,"C:/Users/Biolab/Desktop/Dyad Score Log Data for Editing 1-6,8-19/Dyad Videos/AVI Converted/12.avi",1691.22,59.94,Dominant,Dig Substrate,Reproductive,,POINT
165,165,794.777,"C:/Users/Biolab/Desktop/Dyad Score Log Data for Editing 1-6,8-19/Dyad Videos/AVI Converted/12.avi",1691.22,59.94,Dominant,Dig Substrate,Reproductive,,POINT
166,166,796.122,"C:/Users/Biolab/Desktop/Dyad Score Log Data for Editing 1-6,8-19/Dyad Videos/AVI Converted/12.avi",1691.22,59.94,Dominant,Dig Substrate,Reproductive,,POINT
167,167,799.636,"C:/Users/Biolab/Desktop/Dyad Score Log Data for Editing 1-6,8-19/Dyad Videos/AVI Converted/12.avi",1691.22,59.94,Dominant,Dig Substrate,Reproductive,,POINT
168,168,808.272,"C:/Users/Biolab/Desktop/Dyad Score Log Data for Editing 1-6,8-19/Dyad Videos/AVI Converted/12.avi",1691.22,59.94,Dominant,Foraging,Reproductive,,POINT
169,169,814.213,"C:/Users/Biolab/Desktop/Dyad Score Log Data for Editing 1-6,8-19/Dyad Videos/AVI Converted/12.avi",1691.22,59.94,Dominant,Foraging,Reproductive,,POINT
170,170,816.644,"C:/Users/Biolab/Desktop/Dyad Score Log Data for Editing 1-6,8-19/Dyad Videos/AVI Converted/12.avi",1691.22,59.94,Dominant,Scrape,Aggressive,,POINT
171,171,818.262,"C:/Users/Biolab/Desktop/Dyad Score Log Data for Editing 1-6,8-19/Dyad Videos/AVI Converted/12.avi",1691.22,59.94,Dominant,Dig Substrate,Reproductive,,POINT
172,172,821.774,"C:/Users/Biolab/Desktop/Dyad Score Log Data for Editing 1-6,8-19/Dyad Videos/AVI Converted/12.avi",1691.22,59.94,Dominant,Foraging,Reproductive,,POINT
173,173,822.854,"C:/Users/Biolab/Desktop/Dyad Score Log Data for Editing 1-6,8-19/Dyad Videos/AVI Converted/12.avi",1691.22,59.94,Dominant,Dig Substrate,Reproductive,,POINT
174,174,824.204,"C:/Users/Biolab/Desktop/Dyad Score Log Data for Editing 1-6,8-19/Dyad Videos/AVI Converted/12.avi",1691.22,59.94,Dominant,Dig Substrate,Reproductive,,POINT
175,175,826.361,"C:/Users/Biolab/Desktop/Dyad Score Log Data for Editing 1-6,8-19/Dyad Videos/AVI Converted/12.avi",1691.22,59.94,Dominant,Dig Substrate,Reproductive,,POINT
176,176,828.251,"C:/Users/Biolab/Desktop/Dyad Score Log Data for Editing 1-6,8-19/Dyad Videos/AVI Converted/12.avi",1691.22,59.94,Dominant,Dig Substrate,Reproductive,,POINT
177,177,829.602,"C:/Users/Biolab/Desktop/Dyad Score Log Data for Editing 1-6,8-19/Dyad Videos/AVI Converted/12.avi",1691.22,59.94,Dominant,Dig Substrate,Reproductive,,POINT
178,178,832.301,"C:/Users/Biolab/Desktop/Dyad Score Log Data for Editing 1-6,8-19/Dyad Videos/AVI Converted/12.avi",1691.22,59.94,Dominant,Dig Substrate,Reproductive,,POINT
179,179,837.433,"C:/Users/Biolab/Desktop/Dyad Score Log Data for Editing 1-6,8-19/Dyad Videos/AVI Converted/12.avi",1691.22,59.94,Dominant,Dig Substrate,Reproductive,,POINT
180,180,842.024,"C:/Users/Biolab/Desktop/Dyad Score Log Data for Editing 1-6,8-19/Dyad Videos/AVI Converted/12.avi",1691.22,59.94,Dominant,Dig Substrate,Reproductive,,POINT
181,181,847.692,"C:/Users/Biolab/Desktop/Dyad Score Log Data for Editing 1-6,8-19/Dyad Videos/AVI Converted/12.avi",1691.22,59.94,Dominant,Lead,Reproductive,,POINT
182,182,848.232,"C:/Users/Biolab/Desktop/Dyad Score Log Data for Editing 1-6,8-19/Dyad Videos/AVI Converted/12.avi",1691.22,59.94,Dominant,Chase,Aggressive,,POINT
183,183,859.212,"C:/Users/Biolab/Desktop/Dyad Score Log Data for Editing 1-6,8-19/Dyad Videos/AVI Converted/12.avi",1691.22,59.94,Dominant,Scrape,Aggressive,,POINT
184,184,862.453,"C:/Users/Biolab/Desktop/Dyad Score Log Data for Editing 1-6,8-19/Dyad Videos/AVI Converted/12.avi",1691.22,59.94,Dominant,Dig Substrate,Reproductive,,POINT
185,185,868.124,"C:/Users/Biolab/Desktop/Dyad Score Log Data for Editing 1-6,8-19/Dyad Videos/AVI Converted/12.avi",1691.22,59.94,Dominant,Foraging,Reproductive,,POINT
186,186,869.472,"C:/Users/Biolab/Desktop/Dyad Score Log Data for Editing 1-6,8-19/Dyad Videos/AVI Converted/12.avi",1691.22,59.94,Dominant,Foraging,Reproductive,,POINT
187,187,870.284,"C:/Users/Biolab/Desktop/Dyad Score Log Data for Editing 1-6,8-19/Dyad Videos/AVI Converted/12.avi",1691.22,59.94,Dominant,Foraging,Reproductive,,POINT
188,188,872.982,"C:/Users/Biolab/Desktop/Dyad Score Log Data for Editing 1-6,8-19/Dyad Videos/AVI Converted/12.avi",1691.22,59.94,Dominant,Foraging,Reproductive,,POINT
189,189,873.523,"C:/Users/Biolab/Desktop/Dyad Score Log Data for Editing 1-6,8-19/Dyad Videos/AVI Converted/12.avi",1691.22,59.94,Dominant,Foraging,Reproductive,,POINT
190,190,877.574,"C:/Users/Biolab/Desktop/Dyad Score Log Data for Editing 1-6,8-19/Dyad Videos/AVI Converted/12.avi",1691.22,59.94,Dominant,Foraging,Reproductive,,POINT
191,191,878.381,"C:/Users/Biolab/Desktop/Dyad Score Log Data for Editing 1-6,8-19/Dyad Videos/AVI Converted/12.avi",1691.22,59.94,Dominant,Foraging,Reproductive,,POINT
192,192,880.003,"C:/Users/Biolab/Desktop/Dyad Score Log Data for Editing 1-6,8-19/Dyad Videos/AVI Converted/12.avi",1691.22,59.94,Dominant,Foraging,Reproductive,,POINT
193,193,881.622,"C:/Users/Biolab/Desktop/Dyad Score Log Data for Editing 1-6,8-19/Dyad Videos/AVI Converted/12.avi",1691.22,59.94,Dominant,Foraging,Reproductive,,POINT
194,194,882.705,"C:/Users/Biolab/Desktop/Dyad Score Log Data for Editing 1-6,8-19/Dyad Videos/AVI Converted/12.avi",1691.22,59.94,Dominant,Foraging,Reproductive,,POINT
195,195,885.94,"C:/Users/Biolab/Desktop/Dyad Score Log Data for Editing 1-6,8-19/Dyad Videos/AVI Converted/12.avi",1691.22,59.94,Dominant,Lead,Reproductive,,POINT
196,196,887.833,"C:/Users/Biolab/Desktop/Dyad Score Log Data for Editing 1-6,8-19/Dyad Videos/AVI Converted/12.avi",1691.22,59.94,Dominant,Foraging,Reproductive,,POINT
197,197,891.34,"C:/Users/Biolab/Desktop/Dyad Score Log Data for Editing 1-6,8-19/Dyad Videos/AVI Converted/12.avi",1691.22,59.94,Dominant,Scrape,Aggressive,,POINT
198,198,892.693,"C:/Users/Biolab/Desktop/Dyad Score Log Data for Editing 1-6,8-19/Dyad Videos/AVI Converted/12.avi",1691.22,59.94,Dominant,Scrape,Aggressive,,POINT
199,199,894.852,"C:/Users/Biolab/Desktop/Dyad Score Log Data for Editing 1-6,8-19/Dyad Videos/AVI Converted/12.avi",1691.22,59.94,Dominant,Quiver,Reproductive,,POINT
200,200,895.574,"C:/Users/Biolab/Desktop/Dyad Score Log Data for Editing 1-6,8-19/Dyad Videos/AVI Converted/12.avi",1691.22,59.94,Dominant,Lead,Reproductive,,POINT
201,201,896.385,"C:/Users/Biolab/Desktop/Dyad Score Log Data for Editing 1-6,8-19/Dyad Videos/AVI Converted/12.avi",1691.22,59.94,Dominant,Quiver,Reproductive,,POINT
202,202,898.542,"C:/Users/Biolab/Desktop/Dyad Score Log Data for Editing 1-6,8-19/Dyad Videos/AVI Converted/12.avi",1691.22,59.94,Dominant,Quiver,Reproductive,,POINT
203,203,900.974,"C:/Users/Biolab/Desktop/Dyad Score Log Data for Editing 1-6,8-19/Dyad Videos/AVI Converted/12.avi",1691.22,59.94,Dominant,Lead,Reproductive,,POINT
204,204,901.334,"C:/Users/Biolab/Desktop/Dyad Score Log Data for Editing 1-6,8-19/Dyad Videos/AVI Converted/12.avi",1691.22,59.94,Dominant,Lead,Reproductive,,POINT
205,205,904.842,"C:/Users/Biolab/Desktop/Dyad Score Log Data for Editing 1-6,8-19/Dyad Videos/AVI Converted/12.avi",1691.22,59.94,Dominant,Lead,Reproductive,,POINT
206,206,906.193,"C:/Users/Biolab/Desktop/Dyad Score Log Data for Editing 1-6,8-19/Dyad Videos/AVI Converted/12.avi",1691.22,59.94,Dominant,Chase,Aggressive,,POINT
207,207,907.542,"C:/Users/Biolab/Desktop/Dyad Score Log Data for Editing 1-6,8-19/Dyad Videos/AVI Converted/12.avi",1691.22,59.94,Dominant,Lead,Reproductive,,POINT
208,208,912.224,"C:/Users/Biolab/Desktop/Dyad Score Log Data for Editing 1-6,8-19/Dyad Videos/AVI Converted/12.avi",1691.22,59.94,Dominant,Lead,Reproductive,,POINT
209,209,916.821,"C:/Users/Biolab/Desktop/Dyad Score Log Data for Editing 1-6,8-19/Dyad Videos/AVI Converted/12.avi",1691.22,59.94,Dominant,Chase,Aggressive,,POINT
210,210,918.704,"C:/Users/Biolab/Desktop/Dyad Score Log Data for Editing 1-6,8-19/Dyad Videos/AVI Converted/12.avi",1691.22,59.94,Dominant,Lead,Reproductive,,POINT
211,211,928.32,"C:/Users/Biolab/Desktop/Dyad Score Log Data for Editing 1-6,8-19/Dyad Videos/AVI Converted/12.avi",1691.22,59.94,Dominant,Pot Entry,Reproductive,,POINT
212,212,931.39,"C:/Users/Biolab/Desktop/Dyad Score Log Data for Editing 1-6,8-19/Dyad Videos/AVI Converted/12.avi",1691.22,59.94,Dominant,Pot Dig,Reproductive,,POINT
213,213,937.874,"C:/Users/Biolab/Desktop/Dyad Score Log Data for Editing 1-6,8-19/Dyad Videos/AVI Converted/12.avi",1691.22,59.94,Dominant,Pot Dig,Reproductive,,POINT
214,214,943.723,"C:/Users/Biolab/Desktop/Dyad Score Log Data for Editing 1-6,8-19/Dyad Videos/AVI Converted/12.avi",1691.22,59.94,Dominant,Pot Dig,Reproductive,,POINT
215,215,946.155,"C:/Users/Biolab/Desktop/Dyad Score Log Data for Editing 1-6,8-19/Dyad Videos/AVI Converted/12.avi",1691.22,59.94,Dominant,Pot Dig,Reproductive,,POINT
216,216,946.471,"C:/Users/Biolab/Desktop/Dyad Score Log Data for Editing 1-6,8-19/Dyad Videos/AVI Converted/12.avi",1691.22,59.94,Dominant,Pot Exit,Reproductive,,POINT
217,217,947.954,"C:/Users/Biolab/Desktop/Dyad Score Log Data for Editing 1-6,8-19/Dyad Videos/AVI Converted/12.avi",1691.22,59.94,Dominant,Lead,Reproductive,,POINT
218,218,949.596,"C:/Users/Biolab/Desktop/Dyad Score Log Data for Editing 1-6,8-19/Dyad Videos/AVI Converted/12.avi",1691.22,59.94,Dominant,Pot Entry,Reproductive,,POINT
219,219,952.364,"C:/Users/Biolab/Desktop/Dyad Score Log Data for Editing 1-6,8-19/Dyad Videos/AVI Converted/12.avi",1691.22,59.94,Dominant,Pot Dig,Reproductive,,POINT
220,220,952.496,"C:/Users/Biolab/Desktop/Dyad Score Log Data for Editing 1-6,8-19/Dyad Videos/AVI Converted/12.avi",1691.22,59.94,Dominant,Pot Exit,Reproductive,,POINT
221,221,953.983,"C:/Users/Biolab/Desktop/Dyad Score Log Data for Editing 1-6,8-19/Dyad Videos/AVI Converted/12.avi",1691.22,59.94,Dominant,Chase,Aggressive,,POINT
222,222,954.82,"C:/Users/Biolab/Desktop/Dyad Score Log Data for Editing 1-6,8-19/Dyad Videos/AVI Converted/12.avi",1691.22,59.94,Dominant,Scrape,Aggressive,,POINT
223,223,957.494,"C:/Users/Biolab/Desktop/Dyad Score Log Data for Editing 1-6,8-19/Dyad Videos/AVI Converted/12.avi",1691.22,59.94,Dominant,Chase,Aggressive,,POINT
224,224,966.135,"C:/Users/Biolab/Desktop/Dyad Score Log Data for Editing 1-6,8-19/Dyad Videos/AVI Converted/12.avi",1691.22,59.94,Dominant,Chase,Aggressive,,POINT
225,225,968.561,"C:/Users/Biolab/Desktop/Dyad Score Log Data for Editing 1-6,8-19/Dyad Videos/AVI Converted/12.avi",1691.22,59.94,Dominant,Scrape,Aggressive,,POINT
226,226,969.013,"C:/Users/Biolab/Desktop/Dyad Score Log Data for Editing 1-6,8-19/Dyad Videos/AVI Converted/12.avi",1691.22,59.94,Dominant,Chase,Aggressive,,POINT
227,227,976.845,"C:/Users/Biolab/Desktop/Dyad Score Log Data for Editing 1-6,8-19/Dyad Videos/AVI Converted/12.avi",1691.22,59.94,Dominant,Foraging,Reproductive,,POINT
228,228,980.893,"C:/Users/Biolab/Desktop/Dyad Score Log Data for Editing 1-6,8-19/Dyad Videos/AVI Converted/12.avi",1691.22,59.94,Dominant,Dig Substrate,Reproductive,,POINT
229,229,982.785,"C:/Users/Biolab/Desktop/Dyad Score Log Data for Editing 1-6,8-19/Dyad Videos/AVI Converted/12.avi",1691.22,59.94,Dominant,Dig Substrate,Reproductive,,POINT
230,230,983.866,"C:/Users/Biolab/Desktop/Dyad Score Log Data for Editing 1-6,8-19/Dyad Videos/AVI Converted/12.avi",1691.22,59.94,Dominant,Dig Substrate,Reproductive,,POINT
231,231,986.023,"C:/Users/Biolab/Desktop/Dyad Score Log Data for Editing 1-6,8-19/Dyad Videos/AVI Converted/12.avi",1691.22,59.94,Dominant,Dig Substrate,Reproductive,,POINT
232,232,989.8,"C:/Users/Biolab/Desktop/Dyad Score Log Data for Editing 1-6,8-19/Dyad Videos/AVI Converted/12.avi",1691.22,59.94,Dominant,Chase,Aggressive,,POINT
233,233,1003.934,"C:/Users/Biolab/Desktop/Dyad Score Log Data for Editing 1-6,8-19/Dyad Videos/AVI Converted/12.avi",1691.22,59.94,Dominant,Chase,Aggressive,,POINT
234,234,1008.882,"C:/Users/Biolab/Desktop/Dyad Score Log Data for Editing 1-6,8-19/Dyad Videos/AVI Converted/12.avi",1691.22,59.94,Dominant,Foraging,Reproductive,,POINT
235,235,1009.151,"C:/Users/Biolab/Desktop/Dyad Score Log Data for Editing 1-6,8-19/Dyad Videos/AVI Converted/12.avi",1691.22,59.94,Dominant,Foraging,Reproductive,,POINT
236,236,1009.695,"C:/Users/Biolab/Desktop/Dyad Score Log Data for Editing 1-6,8-19/Dyad Videos/AVI Converted/12.avi",1691.22,59.94,Dominant,Foraging,Reproductive,,POINT
237,237,1009.961,"C:/Users/Biolab/Desktop/Dyad Score Log Data for Editing 1-6,8-19/Dyad Videos/AVI Converted/12.avi",1691.22,59.94,Dominant,Foraging,Reproductive,,POINT
238,238,1015.633,"C:/Users/Biolab/Desktop/Dyad Score Log Data for Editing 1-6,8-19/Dyad Videos/AVI Converted/12.avi",1691.22,59.94,Dominant,Foraging,Reproductive,,POINT
239,239,1016.986,"C:/Users/Biolab/Desktop/Dyad Score Log Data for Editing 1-6,8-19/Dyad Videos/AVI Converted/12.avi",1691.22,59.94,Dominant,Foraging,Reproductive,,POINT
240,240,1017.523,"C:/Users/Biolab/Desktop/Dyad Score Log Data for Editing 1-6,8-19/Dyad Videos/AVI Converted/12.avi",1691.22,59.94,Dominant,Foraging,Reproductive,,POINT
241,241,1018.871,"C:/Users/Biolab/Desktop/Dyad Score Log Data for Editing 1-6,8-19/Dyad Videos/AVI Converted/12.avi",1691.22,59.94,Dominant,Foraging,Reproductive,,POINT
242,242,1019.147,"C:/Users/Biolab/Desktop/Dyad Score Log Data for Editing 1-6,8-19/Dyad Videos/AVI Converted/12.avi",1691.22,59.94,Dominant,Foraging,Reproductive,,POINT
243,243,1024.006,"C:/Users/Biolab/Desktop/Dyad Score Log Data for Editing 1-6,8-19/Dyad Videos/AVI Converted/12.avi",1691.22,59.94,Dominant,Foraging,Reproductive,,POINT
244,244,1024.541,"C:/Users/Biolab/Desktop/Dyad Score Log Data for Editing 1-6,8-19/Dyad Videos/AVI Converted/12.avi",1691.22,59.94,Dominant,Foraging,Reproductive,,POINT
245,245,1025.351,"C:/Users/Biolab/Desktop/Dyad Score Log Data for Editing 1-6,8-19/Dyad Videos/AVI Converted/12.avi",1691.22,59.94,Dominant,Foraging,Reproductive,,POINT
246,246,1028.592,"C:/Users/Biolab/Desktop/Dyad Score Log Data for Editing 1-6,8-19/Dyad Videos/AVI Converted/12.avi",1691.22,59.94,Dominant,Lead,Reproductive,,POINT
247,247,1041.552,"C:/Users/Biolab/Desktop/Dyad Score Log Data for Editing 1-6,8-19/Dyad Videos/AVI Converted/12.avi",1691.22,59.94,Dominant,Foraging,Reproductive,,POINT
248,248,1042.633,"C:/Users/Biolab/Desktop/Dyad Score Log Data for Editing 1-6,8-19/Dyad Videos/AVI Converted/12.avi",1691.22,59.94,Dominant,Scrape,Aggressive,,POINT
249,249,1044.522,"C:/Users/Biolab/Desktop/Dyad Score Log Data for Editing 1-6,8-19/Dyad Videos/AVI Converted/12.avi",1691.22,59.94,Dominant,Foraging,Reproductive,,POINT
250,250,1049.923,"C:/Users/Biolab/Desktop/Dyad Score Log Data for Editing 1-6,8-19/Dyad Videos/AVI Converted/12.avi",1691.22,59.94,Dominant,Foraging,Reproductive,,POINT
251,251,1052.351,"C:/Users/Biolab/Desktop/Dyad Score Log Data for Editing 1-6,8-19/Dyad Videos/AVI Converted/12.avi",1691.22,59.94,Dominant,Lead,Reproductive,,POINT
252,252,1052.892,"C:/Users/Biolab/Desktop/Dyad Score Log Data for Editing 1-6,8-19/Dyad Videos/AVI Converted/12.avi",1691.22,59.94,Dominant,Lead,Reproductive,,POINT
253,253,1053.702,"C:/Users/Biolab/Desktop/Dyad Score Log Data for Editing 1-6,8-19/Dyad Videos/AVI Converted/12.avi",1691.22,59.94,Dominant,Chase,Aggressive,,POINT
254,254,1061.262,"C:/Users/Biolab/Desktop/Dyad Score Log Data for Editing 1-6,8-19/Dyad Videos/AVI Converted/12.avi",1691.22,59.94,Dominant,Lead,Reproductive,,POINT
255,255,1062.412,"C:/Users/Biolab/Desktop/Dyad Score Log Data for Editing 1-6,8-19/Dyad Videos/AVI Converted/12.avi",1691.22,59.94,Dominant,Biting,Aggressive,,POINT
256,256,1063.155,"C:/Users/Biolab/Desktop/Dyad Score Log Data for Editing 1-6,8-19/Dyad Videos/AVI Converted/12.avi",1691.22,59.94,Dominant,Chase,Aggressive,,POINT
257,257,1074.492,"C:/Users/Biolab/Desktop/Dyad Score Log Data for Editing 1-6,8-19/Dyad Videos/AVI Converted/12.avi",1691.22,59.94,Dominant,Dig Substrate,Reproductive,,POINT
258,258,1076.653,"C:/Users/Biolab/Desktop/Dyad Score Log Data for Editing 1-6,8-19/Dyad Videos/AVI Converted/12.avi",1691.22,59.94,Dominant,Dig Substrate,Reproductive,,POINT
259,259,1079.083,"C:/Users/Biolab/Desktop/Dyad Score Log Data for Editing 1-6,8-19/Dyad Videos/AVI Converted/12.avi",1691.22,59.94,Dominant,Dig Substrate,Reproductive,,POINT
260,260,1080.434,"C:/Users/Biolab/Desktop/Dyad Score Log Data for Editing 1-6,8-19/Dyad Videos/AVI Converted/12.avi",1691.22,59.94,Dominant,Dig Substrate,Reproductive,,POINT
261,261,1089.342,"C:/Users/Biolab/Desktop/Dyad Score Log Data for Editing 1-6,8-19/Dyad Videos/AVI Converted/12.avi",1691.22,59.94,Dominant,Chase,Aggressive,,POINT
262,262,1089.614,"C:/Users/Biolab/Desktop/Dyad Score Log Data for Editing 1-6,8-19/Dyad Videos/AVI Converted/12.avi",1691.22,59.94,Dominant,Lead,Reproductive,,POINT
263,263,1091.235,"C:/Users/Biolab/Desktop/Dyad Score Log Data for Editing 1-6,8-19/Dyad Videos/AVI Converted/12.avi",1691.22,59.94,Dominant,Chase,Aggressive,,POINT
264,264,1095.283,"C:/Users/Biolab/Desktop/Dyad Score Log Data for Editing 1-6,8-19/Dyad Videos/AVI Converted/12.avi",1691.22,59.94,Dominant,Lead,Reproductive,,POINT
265,265,1102.842,"C:/Users/Biolab/Desktop/Dyad Score Log Data for Editing 1-6,8-19/Dyad Videos/AVI Converted/12.avi",1691.22,59.94,Dominant,Foraging,Reproductive,,POINT
266,266,1104.465,"C:/Users/Biolab/Desktop/Dyad Score Log Data for Editing 1-6,8-19/Dyad Videos/AVI Converted/12.avi",1691.22,59.94,Dominant,Scrape,Aggressive,,POINT
267,267,1107.162,"C:/Users/Biolab/Desktop/Dyad Score Log Data for Editing 1-6,8-19/Dyad Videos/AVI Converted/12.avi",1691.22,59.94,Dominant,Foraging,Reproductive,,POINT
268,268,1107.704,"C:/Users/Biolab/Desktop/Dyad Score Log Data for Editing 1-6,8-19/Dyad Videos/AVI Converted/12.avi",1691.22,59.94,Dominant,Foraging,Reproductive,,POINT
269,269,1110.135,"C:/Users/Biolab/Desktop/Dyad Score Log Data for Editing 1-6,8-19/Dyad Videos/AVI Converted/12.avi",1691.22,59.94,Dominant,Chase,Aggressive,,POINT
270,270,1110.493,"C:/Users/Biolab/Desktop/Dyad Score Log Data for Editing 1-6,8-19/Dyad Videos/AVI Converted/12.avi",1691.22,59.94,Dominant,Lead,Reproductive,,POINT
271,271,1119.135,"C:/Users/Biolab/Desktop/Dyad Score Log Data for Editing 1-6,8-19/Dyad Videos/AVI Converted/12.avi",1691.22,59.94,Dominant,Dig Substrate,Reproductive,,POINT
272,272,1126.155,"C:/Users/Biolab/Desktop/Dyad Score Log Data for Editing 1-6,8-19/Dyad Videos/AVI Converted/12.avi",1691.22,59.94,Dominant,Chase,Aggressive,,POINT
273,273,1127.413,"C:/Users/Biolab/Desktop/Dyad Score Log Data for Editing 1-6,8-19/Dyad Videos/AVI Converted/12.avi",1691.22,59.94,Dominant,Lead,Reproductive,,POINT
274,274,1127.684,"C:/Users/Biolab/Desktop/Dyad Score Log Data for Editing 1-6,8-19/Dyad Videos/AVI Converted/12.avi",1691.22,59.94,Dominant,Chase,Aggressive,,POINT
275,275,1128.225,"C:/Users/Biolab/Desktop/Dyad Score Log Data for Editing 1-6,8-19/Dyad Videos/AVI Converted/12.avi",1691.22,59.94,Dominant,Scrape,Aggressive,,POINT
276,276,1130.741,"C:/Users/Biolab/Desktop/Dyad Score Log Data for Editing 1-6,8-19/Dyad Videos/AVI Converted/12.avi",1691.22,59.94,Dominant,Chase,Aggressive,,POINT
277,277,1138.032,"C:/Users/Biolab/Desktop/Dyad Score Log Data for Editing 1-6,8-19/Dyad Videos/AVI Converted/12.avi",1691.22,59.94,Dominant,Dig Substrate,Reproductive,,POINT
278,278,1139.382,"C:/Users/Biolab/Desktop/Dyad Score Log Data for Editing 1-6,8-19/Dyad Videos/AVI Converted/12.avi",1691.22,59.94,Dominant,Dig Substrate,Reproductive,,POINT
279,279,1141.815,"C:/Users/Biolab/Desktop/Dyad Score Log Data for Editing 1-6,8-19/Dyad Videos/AVI Converted/12.avi",1691.22,59.94,Dominant,Dig Substrate,Reproductive,,POINT
280,280,1143.972,"C:/Users/Biolab/Desktop/Dyad Score Log Data for Editing 1-6,8-19/Dyad Videos/AVI Converted/12.avi",1691.22,59.94,Dominant,Dig Substrate,Reproductive,,POINT
281,281,1149.914,"C:/Users/Biolab/Desktop/Dyad Score Log Data for Editing 1-6,8-19/Dyad Videos/AVI Converted/12.avi",1691.22,59.94,Dominant,Lead,Reproductive,,POINT
282,282,1153.331,"C:/Users/Biolab/Desktop/Dyad Score Log Data for Editing 1-6,8-19/Dyad Videos/AVI Converted/12.avi",1691.22,59.94,Dominant,Chase,Aggressive,,POINT
283,283,1159.81,"C:/Users/Biolab/Desktop/Dyad Score Log Data for Editing 1-6,8-19/Dyad Videos/AVI Converted/12.avi",1691.22,59.94,Dominant,Lead,Reproductive,,POINT
284,284,1159.907,"C:/Users/Biolab/Desktop/Dyad Score Log Data for Editing 1-6,8-19/Dyad Videos/AVI Converted/12.avi",1691.22,59.94,Dominant,Chase,Aggressive,,POINT
285,285,1160.717,"C:/Users/Biolab/Desktop/Dyad Score Log Data for Editing 1-6,8-19/Dyad Videos/AVI Converted/12.avi",1691.22,59.94,Dominant,Scrape,Aggressive,,POINT
286,286,1174.122,"C:/Users/Biolab/Desktop/Dyad Score Log Data for Editing 1-6,8-19/Dyad Videos/AVI Converted/12.avi",1691.22,59.94,Dominant,Foraging,Reproductive,,POINT
287,287,1174.391,"C:/Users/Biolab/Desktop/Dyad Score Log Data for Editing 1-6,8-19/Dyad Videos/AVI Converted/12.avi",1691.22,59.94,Dominant,Foraging,Reproductive,,POINT
288,288,1174.933,"C:/Users/Biolab/Desktop/Dyad Score Log Data for Editing 1-6,8-19/Dyad Videos/AVI Converted/12.avi",1691.22,59.94,Dominant,Foraging,Reproductive,,POINT
289,289,1176.012,"C:/Users/Biolab/Desktop/Dyad Score Log Data for Editing 1-6,8-19/Dyad Videos/AVI Converted/12.avi",1691.22,59.94,Dominant,Foraging,Reproductive,,POINT
290,290,1176.822,"C:/Users/Biolab/Desktop/Dyad Score Log Data for Editing 1-6,8-19/Dyad Videos/AVI Converted/12.avi",1691.22,59.94,Dominant,Foraging,Reproductive,,POINT
291,291,1180.331,"C:/Users/Biolab/Desktop/Dyad Score Log Data for Editing 1-6,8-19/Dyad Videos/AVI Converted/12.avi",1691.22,59.94,Dominant,Foraging,Reproductive,,POINT
292,292,1180.601,"C:/Users/Biolab/Desktop/Dyad Score Log Data for Editing 1-6,8-19/Dyad Videos/AVI Converted/12.avi",1691.22,59.94,Dominant,Foraging,Reproductive,,POINT
293,293,1186.001,"C:/Users/Biolab/Desktop/Dyad Score Log Data for Editing 1-6,8-19/Dyad Videos/AVI Converted/12.avi",1691.22,59.94,Dominant,Lead,Reproductive,,POINT
294,294,1188.791,"C:/Users/Biolab/Desktop/Dyad Score Log Data for Editing 1-6,8-19/Dyad Videos/AVI Converted/12.avi",1691.22,59.94,Dominant,Foraging,Reproductive,,POINT
295,295,1189.065,"C:/Users/Biolab/Desktop/Dyad Score Log Data for Editing 1-6,8-19/Dyad Videos/AVI Converted/12.avi",1691.22,59.94,Dominant,Foraging,Reproductive,,POINT
296,296,1190.412,"C:/Users/Biolab/Desktop/Dyad Score Log Data for Editing 1-6,8-19/Dyad Videos/AVI Converted/12.avi",1691.22,59.94,Dominant,Foraging,Reproductive,,POINT
297,297,1191.765,"C:/Users/Biolab/Desktop/Dyad Score Log Data for Editing 1-6,8-19/Dyad Videos/AVI Converted/12.avi",1691.22,59.94,Dominant,Foraging,Reproductive,,POINT
298,298,1194.192,"C:/Users/Biolab/Desktop/Dyad Score Log Data for Editing 1-6,8-19/Dyad Videos/AVI Converted/12.avi",1691.22,59.94,Dominant,Chase,Aggressive,,POINT
299,299,1196.442,"C:/Users/Biolab/Desktop/Dyad Score Log Data for Editing 1-6,8-19/Dyad Videos/AVI Converted/12.avi",1691.22,59.94,Dominant,Chase,Aggressive,,POINT
300,300,1205.173,"C:/Users/Biolab/Desktop/Dyad Score Log Data for Editing 1-6,8-19/Dyad Videos/AVI Converted/12.avi",1691.22,59.94,Dominant,Chase,Aggressive,,POINT
301,301,1205.803,"C:/Users/Biolab/Desktop/Dyad Score Log Data for Editing 1-6,8-19/Dyad Videos/AVI Converted/12.avi",1691.22,59.94,Dominant,Scrape,Aggressive,,POINT
302,302,1205.982,"C:/Users/Biolab/Desktop/Dyad Score Log Data for Editing 1-6,8-19/Dyad Videos/AVI Converted/12.avi",1691.22,59.94,Dominant,Chase,Aggressive,,POINT
303,303,1222.185,"C:/Users/Biolab/Desktop/Dyad Score Log Data for Editing 1-6,8-19/Dyad Videos/AVI Converted/12.avi",1691.22,59.94,Dominant,Foraging,Reproductive,,POINT
304,304,1223.261,"C:/Users/Biolab/Desktop/Dyad Score Log Data for Editing 1-6,8-19/Dyad Videos/AVI Converted/12.avi",1691.22,59.94,Dominant,Foraging,Reproductive,,POINT
305,305,1225.334,"C:/Users/Biolab/Desktop/Dyad Score Log Data for Editing 1-6,8-19/Dyad Videos/AVI Converted/12.avi",1691.22,59.94,Dominant,Foraging,Reproductive,,POINT
306,306,1225.694,"C:/Users/Biolab/Desktop/Dyad Score Log Data for Editing 1-6,8-19/Dyad Videos/AVI Converted/12.avi",1691.22,59.94,Dominant,Foraging,Reproductive,,POINT
307,307,1231.633,"C:/Users/Biolab/Desktop/Dyad Score Log Data for Editing 1-6,8-19/Dyad Videos/AVI Converted/12.avi",1691.22,59.94,Dominant,Foraging,Reproductive,,POINT
308,308,1232.173,"C:/Users/Biolab/Desktop/Dyad Score Log Data for Editing 1-6,8-19/Dyad Videos/AVI Converted/12.avi",1691.22,59.94,Dominant,Foraging,Reproductive,,POINT
309,309,1232.715,"C:/Users/Biolab/Desktop/Dyad Score Log Data for Editing 1-6,8-19/Dyad Videos/AVI Converted/12.avi",1691.22,59.94,Dominant,Foraging,Reproductive,,POINT
310,310,1235.684,"C:/Users/Biolab/Desktop/Dyad Score Log Data for Editing 1-6,8-19/Dyad Videos/AVI Converted/12.avi",1691.22,59.94,Dominant,Lead,Reproductive,,POINT
311,311,1237.303,"C:/Users/Biolab/Desktop/Dyad Score Log Data for Editing 1-6,8-19/Dyad Videos/AVI Converted/12.avi",1691.22,59.94,Dominant,Scrape,Aggressive,,POINT
312,312,1237.574,"C:/Users/Biolab/Desktop/Dyad Score Log Data for Editing 1-6,8-19/Dyad Videos/AVI Converted/12.avi",1691.22,59.94,Dominant,Foraging,Reproductive,,POINT
313,313,1238.112,"C:/Users/Biolab/Desktop/Dyad Score Log Data for Editing 1-6,8-19/Dyad Videos/AVI Converted/12.avi",1691.22,59.94,Dominant,Foraging,Reproductive,,POINT
314,314,1239.195,"C:/Users/Biolab/Desktop/Dyad Score Log Data for Editing 1-6,8-19/Dyad Videos/AVI Converted/12.avi",1691.22,59.94,Dominant,Foraging,Reproductive,,POINT
315,315,1240.541,"C:/Users/Biolab/Desktop/Dyad Score Log Data for Editing 1-6,8-19/Dyad Videos/AVI Converted/12.avi",1691.22,59.94,Dominant,Scrape,Aggressive,,POINT
316,316,1241.354,"C:/Users/Biolab/Desktop/Dyad Score Log Data for Editing 1-6,8-19/Dyad Videos/AVI Converted/12.avi",1691.22,59.94,Dominant,Scrape,Aggressive,,POINT
317,317,1244.054,"C:/Users/Biolab/Desktop/Dyad Score Log Data for Editing 1-6,8-19/Dyad Videos/AVI Converted/12.avi",1691.22,59.94,Dominant,Scrape,Aggressive,,POINT
318,318,1245.945,"C:/Users/Biolab/Desktop/Dyad Score Log Data for Editing 1-6,8-19/Dyad Videos/AVI Converted/12.avi",1691.22,59.94,Dominant,Lead,Reproductive,,POINT
319,319,1246.755,"C:/Users/Biolab/Desktop/Dyad Score Log Data for Editing 1-6,8-19/Dyad Videos/AVI Converted/12.avi",1691.22,59.94,Dominant,Lead,Reproductive,,POINT
320,320,1248.375,"C:/Users/Biolab/Desktop/Dyad Score Log Data for Editing 1-6,8-19/Dyad Videos/AVI Converted/12.avi",1691.22,59.94,Dominant,Lead,Reproductive,,POINT
321,321,1253.774,"C:/Users/Biolab/Desktop/Dyad Score Log Data for Editing 1-6,8-19/Dyad Videos/AVI Converted/12.avi",1691.22,59.94,Dominant,Lead,Reproductive,,POINT
322,322,1256.475,"C:/Users/Biolab/Desktop/Dyad Score Log Data for Editing 1-6,8-19/Dyad Videos/AVI Converted/12.avi",1691.22,59.94,Dominant,Lead,Reproductive,,POINT
323,323,1257.414,"C:/Users/Biolab/Desktop/Dyad Score Log Data for Editing 1-6,8-19/Dyad Videos/AVI Converted/12.avi",1691.22,59.94,Dominant,Biting,Aggressive,,POINT
324,324,1258.362,"C:/Users/Biolab/Desktop/Dyad Score Log Data for Editing 1-6,8-19/Dyad Videos/AVI Converted/12.avi",1691.22,59.94,Dominant,Chase,Aggressive,,POINT
325,325,1268.892,"C:/Users/Biolab/Desktop/Dyad Score Log Data for Editing 1-6,8-19/Dyad Videos/AVI Converted/12.avi",1691.22,59.94,Dominant,Chase,Aggressive,,POINT
326,326,1275.105,"C:/Users/Biolab/Desktop/Dyad Score Log Data for Editing 1-6,8-19/Dyad Videos/AVI Converted/12.avi",1691.22,59.94,Dominant,Chase,Aggressive,,POINT
327,327,1275.282,"C:/Users/Biolab/Desktop/Dyad Score Log Data for Editing 1-6,8-19/Dyad Videos/AVI Converted/12.avi",1691.22,59.94,Dominant,Scrape,Aggressive,,POINT
328,328,1279.062,"C:/Users/Biolab/Desktop/Dyad Score Log Data for Editing 1-6,8-19/Dyad Videos/AVI Converted/12.avi",1691.22,59.94,Dominant,Dig Substrate,Reproductive,,POINT
329,329,1285.816,"C:/Users/Biolab/Desktop/Dyad Score Log Data for Editing 1-6,8-19/Dyad Videos/AVI Converted/12.avi",1691.22,59.94,Dominant,Foraging,Reproductive,,POINT
330,330,1289.232,"C:/Users/Biolab/Desktop/Dyad Score Log Data for Editing 1-6,8-19/Dyad Videos/AVI Converted/12.avi",1691.22,59.94,Dominant,Foraging,Reproductive,,POINT
331,331,1290.042,"C:/Users/Biolab/Desktop/Dyad Score Log Data for Editing 1-6,8-19/Dyad Videos/AVI Converted/12.avi",1691.22,59.94,Dominant,Foraging,Reproductive,,POINT
332,332,1290.312,"C:/Users/Biolab/Desktop/Dyad Score Log Data for Editing 1-6,8-19/Dyad Videos/AVI Converted/12.avi",1691.22,59.94,Dominant,Foraging,Reproductive,,POINT
333,333,1291.931,"C:/Users/Biolab/Desktop/Dyad Score Log Data for Editing 1-6,8-19/Dyad Videos/AVI Converted/12.avi",1691.22,59.94,Dominant,Foraging,Reproductive,,POINT
334,334,1294.364,"C:/Users/Biolab/Desktop/Dyad Score Log Data for Editing 1-6,8-19/Dyad Videos/AVI Converted/12.avi",1691.22,59.94,Dominant,Chase,Aggressive,,POINT
335,335,1294.364,"C:/Users/Biolab/Desktop/Dyad Score Log Data for Editing 1-6,8-19/Dyad Videos/AVI Converted/12.avi",1691.22,59.94,Dominant,Lead,Reproductive,,POINT
336,336,1300.662,"C:/Users/Biolab/Desktop/Dyad Score Log Data for Editing 1-6,8-19/Dyad Videos/AVI Converted/12.avi",1691.22,59.94,Dominant,Chase,Aggressive,,POINT
337,337,1300.934,"C:/Users/Biolab/Desktop/Dyad Score Log Data for Editing 1-6,8-19/Dyad Videos/AVI Converted/12.avi",1691.22,59.94,Dominant,Lead,Reproductive,,POINT
338,338,1308.493,"C:/Users/Biolab/Desktop/Dyad Score Log Data for Editing 1-6,8-19/Dyad Videos/AVI Converted/12.avi",1691.22,59.94,Dominant,Lead,Reproductive,,POINT
339,339,1316.053,"C:/Users/Biolab/Desktop/Dyad Score Log Data for Editing 1-6,8-19/Dyad Videos/AVI Converted/12.avi",1691.22,59.94,Dominant,Chase,Aggressive,,POINT
340,340,1316.053,"C:/Users/Biolab/Desktop/Dyad Score Log Data for Editing 1-6,8-19/Dyad Videos/AVI Converted/12.avi",1691.22,59.94,Dominant,Lead,Reproductive,,POINT
341,341,1326.766,"C:/Users/Biolab/Desktop/Dyad Score Log Data for Editing 1-6,8-19/Dyad Videos/AVI Converted/12.avi",1691.22,59.94,Dominant,Chase,Aggressive,,POINT
342,342,1327.224,"C:/Users/Biolab/Desktop/Dyad Score Log Data for Editing 1-6,8-19/Dyad Videos/AVI Converted/12.avi",1691.22,59.94,Dominant,Biting,Aggressive,,POINT
343,343,1328.524,"C:/Users/Biolab/Desktop/Dyad Score Log Data for Editing 1-6,8-19/Dyad Videos/AVI Converted/12.avi",1691.22,59.94,Dominant,Biting,Aggressive,,POINT
344,344,1328.834,"C:/Users/Biolab/Desktop/Dyad Score Log Data for Editing 1-6,8-19/Dyad Videos/AVI Converted/12.avi",1691.22,59.94,Dominant,Chase,Aggressive,,POINT
345,345,1330.454,"C:/Users/Biolab/Desktop/Dyad Score Log Data for Editing 1-6,8-19/Dyad Videos/AVI Converted/12.avi",1691.22,59.94,Dominant,Chase,Aggressive,,POINT
346,346,1341.253,"C:/Users/Biolab/Desktop/Dyad Score Log Data for Editing 1-6,8-19/Dyad Videos/AVI Converted/12.avi",1691.22,59.94,Dominant,Foraging,Reproductive,,POINT
347,347,1341.796,"C:/Users/Biolab/Desktop/Dyad Score Log Data for Editing 1-6,8-19/Dyad Videos/AVI Converted/12.avi",1691.22,59.94,Dominant,Foraging,Reproductive,,POINT
348,348,1342.332,"C:/Users/Biolab/Desktop/Dyad Score Log Data for Editing 1-6,8-19/Dyad Videos/AVI Converted/12.avi",1691.22,59.94,Dominant,Foraging,Reproductive,,POINT
349,349,1347.465,"C:/Users/Biolab/Desktop/Dyad Score Log Data for Editing 1-6,8-19/Dyad Videos/AVI Converted/12.avi",1691.22,59.94,Dominant,Foraging,Reproductive,,POINT
350,350,1348.276,"C:/Users/Biolab/Desktop/Dyad Score Log Data for Editing 1-6,8-19/Dyad Videos/AVI Converted/12.avi",1691.22,59.94,Dominant,Foraging,Reproductive,,POINT
351,351,1349.355,"C:/Users/Biolab/Desktop/Dyad Score Log Data for Editing 1-6,8-19/Dyad Videos/AVI Converted/12.avi",1691.22,59.94,Dominant,Foraging,Reproductive,,POINT
352,352,1349.893,"C:/Users/Biolab/Desktop/Dyad Score Log Data for Editing 1-6,8-19/Dyad Videos/AVI Converted/12.avi",1691.22,59.94,Dominant,Foraging,Reproductive,,POINT
353,353,1353.547,"C:/Users/Biolab/Desktop/Dyad Score Log Data for Editing 1-6,8-19/Dyad Videos/AVI Converted/12.avi",1691.22,59.94,Dominant,Pot Entry,Reproductive,,POINT
354,354,1357.722,"C:/Users/Biolab/Desktop/Dyad Score Log Data for Editing 1-6,8-19/Dyad Videos/AVI Converted/12.avi",1691.22,59.94,Dominant,Pot Dig,Reproductive,,POINT
355,355,1362.043,"C:/Users/Biolab/Desktop/Dyad Score Log Data for Editing 1-6,8-19/Dyad Videos/AVI Converted/12.avi",1691.22,59.94,Dominant,Pot Dig,Reproductive,,POINT
356,356,1365.282,"C:/Users/Biolab/Desktop/Dyad Score Log Data for Editing 1-6,8-19/Dyad Videos/AVI Converted/12.avi",1691.22,59.94,Dominant,Pot Dig,Reproductive,,POINT
357,357,1366.362,"C:/Users/Biolab/Desktop/Dyad Score Log Data for Editing 1-6,8-19/Dyad Videos/AVI Converted/12.avi",1691.22,59.94,Dominant,Pot Dig,Reproductive,,POINT
358,358,1369.872,"C:/Users/Biolab/Desktop/Dyad Score Log Data for Editing 1-6,8-19/Dyad Videos/AVI Converted/12.avi",1691.22,59.94,Dominant,Pot Dig,Reproductive,,POINT
359,359,1370.722,"C:/Users/Biolab/Desktop/Dyad Score Log Data for Editing 1-6,8-19/Dyad Videos/AVI Converted/12.avi",1691.22,59.94,Dominant,Scrape,Aggressive,,POINT
360,360,1377.703,"C:/Users/Biolab/Desktop/Dyad Score Log Data for Editing 1-6,8-19/Dyad Videos/AVI Converted/12.avi",1691.22,59.94,Dominant,Dig Substrate,Reproductive,,POINT
361,361,1380.945,"C:/Users/Biolab/Desktop/Dyad Score Log Data for Editing 1-6,8-19/Dyad Videos/AVI Converted/12.avi",1691.22,59.94,Dominant,Chase,Aggressive,,POINT
362,362,1381.212,"C:/Users/Biolab/Desktop/Dyad Score Log Data for Editing 1-6,8-19/Dyad Videos/AVI Converted/12.avi",1691.22,59.94,Dominant,Scrape,Aggressive,,POINT
363,363,1381.697,"C:/Users/Biolab/Desktop/Dyad Score Log Data for Editing 1-6,8-19/Dyad Videos/AVI Converted/12.avi",1691.22,59.94,Dominant,Biting,Aggressive,,POINT
364,364,1381.947,"C:/Users/Biolab/Desktop/Dyad Score Log Data for Editing 1-6,8-19/Dyad Videos/AVI Converted/12.avi",1691.22,59.94,Dominant,Biting,Aggressive,,POINT
365,365,1383.466,"C:/Users/Biolab/Desktop/Dyad Score Log Data for Editing 1-6,8-19/Dyad Videos/AVI Converted/12.avi",1691.22,59.94,Dominant,Chase,Aggressive,,POINT
366,366,1384.321,"C:/Users/Biolab/Desktop/Dyad Score Log Data for Editing 1-6,8-19/Dyad Videos/AVI Converted/12.avi",1691.22,59.94,Dominant,Scrape,Aggressive,,POINT
367,367,1385.083,"C:/Users/Biolab/Desktop/Dyad Score Log Data for Editing 1-6,8-19/Dyad Videos/AVI Converted/12.avi",1691.22,59.94,Dominant,Chase,Aggressive,,POINT
368,368,1389.943,"C:/Users/Biolab/Desktop/Dyad Score Log Data for Editing 1-6,8-19/Dyad Videos/AVI Converted/12.avi",1691.22,59.94,Dominant,Lead,Reproductive,,POINT
369,369,1395.975,"C:/Users/Biolab/Desktop/Dyad Score Log Data for Editing 1-6,8-19/Dyad Videos/AVI Converted/12.avi",1691.22,59.94,Dominant,Chase,Aggressive,,POINT
370,370,1397.323,"C:/Users/Biolab/Desktop/Dyad Score Log Data for Editing 1-6,8-19/Dyad Videos/AVI Converted/12.avi",1691.22,59.94,Dominant,Scrape,Aggressive,,POINT
371,371,1404.166,"C:/Users/Biolab/Desktop/Dyad Score Log Data for Editing 1-6,8-19/Dyad Videos/AVI Converted/12.avi",1691.22,59.94,Dominant,Foraging,Reproductive,,POINT
372,372,1411.994,"C:/Users/Biolab/Desktop/Dyad Score Log Data for Editing 1-6,8-19/Dyad Videos/AVI Converted/12.avi",1691.22,59.94,Dominant,Chase,Aggressive,,POINT
373,373,1412.357,"C:/Users/Biolab/Desktop/Dyad Score Log Data for Editing 1-6,8-19/Dyad Videos/AVI Converted/12.avi",1691.22,59.94,Dominant,Scrape,Aggressive,,POINT
374,374,1416.405,"C:/Users/Biolab/Desktop/Dyad Score Log Data for Editing 1-6,8-19/Dyad Videos/AVI Converted/12.avi",1691.22,59.94,Dominant,Foraging,Reproductive,,POINT
375,375,1416.674,"C:/Users/Biolab/Desktop/Dyad Score Log Data for Editing 1-6,8-19/Dyad Videos/AVI Converted/12.avi",1691.22,59.94,Dominant,Foraging,Reproductive,,POINT
376,376,1422.341,"C:/Users/Biolab/Desktop/Dyad Score Log Data for Editing 1-6,8-19/Dyad Videos/AVI Converted/12.avi",1691.22,59.94,Dominant,Dig Substrate,Reproductive,,POINT
377,377,1429.362,"C:/Users/Biolab/Desktop/Dyad Score Log Data for Editing 1-6,8-19/Dyad Videos/AVI Converted/12.avi",1691.22,59.94,Dominant,Dig Substrate,Reproductive,,POINT
378,378,1430.986,"C:/Users/Biolab/Desktop/Dyad Score Log Data for Editing 1-6,8-19/Dyad Videos/AVI Converted/12.avi",1691.22,59.94,Dominant,Dig Substrate,Reproductive,,POINT
379,379,1438.002,"C:/Users/Biolab/Desktop/Dyad Score Log Data for Editing 1-6,8-19/Dyad Videos/AVI Converted/12.avi",1691.22,59.94,Dominant,Dig Substrate,Reproductive,,POINT
380,380,1441.783,"C:/Users/Biolab/Desktop/Dyad Score Log Data for Editing 1-6,8-19/Dyad Videos/AVI Converted/12.avi",1691.22,59.94,Dominant,Dig Substrate,Reproductive,,POINT
381,381,1447.53,"C:/Users/Biolab/Desktop/Dyad Score Log Data for Editing 1-6,8-19/Dyad Videos/AVI Converted/12.avi",1691.22,59.94,Dominant,Scrape,Aggressive,,POINT
382,382,1447.78,"C:/Users/Biolab/Desktop/Dyad Score Log Data for Editing 1-6,8-19/Dyad Videos/AVI Converted/12.avi",1691.22,59.94,Dominant,Biting,Aggressive,,POINT
383,383,1447.992,"C:/Users/Biolab/Desktop/Dyad Score Log Data for Editing 1-6,8-19/Dyad Videos/AVI Converted/12.avi",1691.22,59.94,Dominant,Lead,Reproductive,,POINT
384,384,1449.345,"C:/Users/Biolab/Desktop/Dyad Score Log Data for Editing 1-6,8-19/Dyad Videos/AVI Converted/12.avi",1691.22,59.94,Dominant,Chase,Aggressive,,POINT
385,385,1461.222,"C:/Users/Biolab/Desktop/Dyad Score Log Data for Editing 1-6,8-19/Dyad Videos/AVI Converted/12.avi",1691.22,59.94,Dominant,Foraging,Reproductive,,POINT
386,386,1469.863,"C:/Users/Biolab/Desktop/Dyad Score Log Data for Editing 1-6,8-19/Dyad Videos/AVI Converted/12.avi",1691.22,59.94,Dominant,Dig Substrate,Reproductive,,POINT
387,387,1471.483,"C:/Users/Biolab/Desktop/Dyad Score Log Data for Editing 1-6,8-19/Dyad Videos/AVI Converted/12.avi",1691.22,59.94,Dominant,Dig Substrate,Reproductive,,POINT
388,388,1476.076,"C:/Users/Biolab/Desktop/Dyad Score Log Data for Editing 1-6,8-19/Dyad Videos/AVI Converted/12.avi",1691.22,59.94,Dominant,Lead,Reproductive,,POINT
389,389,1477.421,"C:/Users/Biolab/Desktop/Dyad Score Log Data for Editing 1-6,8-19/Dyad Videos/AVI Converted/12.avi",1691.22,59.94,Dominant,Chase,Aggressive,,POINT
390,390,1477.421,"C:/Users/Biolab/Desktop/Dyad Score Log Data for Editing 1-6,8-19/Dyad Videos/AVI Converted/12.avi",1691.22,59.94,Dominant,Scrape,Aggressive,,POINT
391,391,1497.424,"C:/Users/Biolab/Desktop/Dyad Score Log Data for Editing 1-6,8-19/Dyad Videos/AVI Converted/12.avi",1691.22,59.94,Dominant,Pot Entry,Reproductive,,POINT
392,392,1502.624,"C:/Users/Biolab/Desktop/Dyad Score Log Data for Editing 1-6,8-19/Dyad Videos/AVI Converted/12.avi",1691.22,59.94,Dominant,Pot Exit,Reproductive,,POINT
393,393,1504.963,"C:/Users/Biolab/Desktop/Dyad Score Log Data for Editing 1-6,8-19/Dyad Videos/AVI Converted/12.avi",1691.22,59.94,Dominant,Chase,Aggressive,,POINT
394,394,1505.775,"C:/Users/Biolab/Desktop/Dyad Score Log Data for Editing 1-6,8-19/Dyad Videos/AVI Converted/12.avi",1691.22,59.94,Dominant,Chase,Aggressive,,POINT
395,395,1511.174,"C:/Users/Biolab/Desktop/Dyad Score Log Data for Editing 1-6,8-19/Dyad Videos/AVI Converted/12.avi",1691.22,59.94,Dominant,Foraging,Reproductive,,POINT
396,396,1511.983,"C:/Users/Biolab/Desktop/Dyad Score Log Data for Editing 1-6,8-19/Dyad Videos/AVI Converted/12.avi",1691.22,59.94,Dominant,Foraging,Reproductive,,POINT
397,397,1512.796,"C:/Users/Biolab/Desktop/Dyad Score Log Data for Editing 1-6,8-19/Dyad Videos/AVI Converted/12.avi",1691.22,59.94,Dominant,Scrape,Aggressive,,POINT
398,398,1515.76,"C:/Users/Biolab/Desktop/Dyad Score Log Data for Editing 1-6,8-19/Dyad Videos/AVI Converted/12.avi",1691.22,59.94,Dominant,Chase,Aggressive,,POINT
399,399,1534.391,"C:/Users/Biolab/Desktop/Dyad Score Log Data for Editing 1-6,8-19/Dyad Videos/AVI Converted/12.avi",1691.22,59.94,Dominant,Dig Substrate,Reproductive,,POINT
400,400,1536.732,"C:/Users/Biolab/Desktop/Dyad Score Log Data for Editing 1-6,8-19/Dyad Videos/AVI Converted/12.avi",1691.22,59.94,Dominant,Foraging,Reproductive,,POINT
401,401,1538.08,"C:/Users/Biolab/Desktop/Dyad Score Log Data for Editing 1-6,8-19/Dyad Videos/AVI Converted/12.avi",1691.22,59.94,Dominant,Foraging,Reproductive,,POINT
402,402,1539.438,"C:/Users/Biolab/Desktop/Dyad Score Log Data for Editing 1-6,8-19/Dyad Videos/AVI Converted/12.avi",1691.22,59.94,Dominant,Scrape,Aggressive,,POINT
403,403,1542.133,"C:/Users/Biolab/Desktop/Dyad Score Log Data for Editing 1-6,8-19/Dyad Videos/AVI Converted/12.avi",1691.22,59.94,Dominant,Lead,Reproductive,,POINT
404,404,1542.403,"C:/Users/Biolab/Desktop/Dyad Score Log Data for Editing 1-6,8-19/Dyad Videos/AVI Converted/12.avi",1691.22,59.94,Dominant,Lead,Reproductive,,POINT
405,405,1547.266,"C:/Users/Biolab/Desktop/Dyad Score Log Data for Editing 1-6,8-19/Dyad Videos/AVI Converted/12.avi",1691.22,59.94,Dominant,Foraging,Reproductive,,POINT
406,406,1548.883,"C:/Users/Biolab/Desktop/Dyad Score Log Data for Editing 1-6,8-19/Dyad Videos/AVI Converted/12.avi",1691.22,59.94,Dominant,Foraging,Reproductive,,POINT
407,407,1550.502,"C:/Users/Biolab/Desktop/Dyad Score Log Data for Editing 1-6,8-19/Dyad Videos/AVI Converted/12.avi",1691.22,59.94,Dominant,Scrape,Aggressive,,POINT
408,408,1551.586,"C:/Users/Biolab/Desktop/Dyad Score Log Data for Editing 1-6,8-19/Dyad Videos/AVI Converted/12.avi",1691.22,59.94,Dominant,Scrape,Aggressive,,POINT
409,409,1553.746,"C:/Users/Biolab/Desktop/Dyad Score Log Data for Editing 1-6,8-19/Dyad Videos/AVI Converted/12.avi",1691.22,59.94,Dominant,Chase,Aggressive,,POINT
410,410,1555.092,"C:/Users/Biolab/Desktop/Dyad Score Log Data for Editing 1-6,8-19/Dyad Videos/AVI Converted/12.avi",1691.22,59.94,Dominant,Chase,Aggressive,,POINT
411,411,1556.171,"C:/Users/Biolab/Desktop/Dyad Score Log Data for Editing 1-6,8-19/Dyad Videos/AVI Converted/12.avi",1691.22,59.94,Dominant,Scrape,Aggressive,,POINT
412,412,1557.521,"C:/Users/Biolab/Desktop/Dyad Score Log Data for Editing 1-6,8-19/Dyad Videos/AVI Converted/12.avi",1691.22,59.94,Dominant,Chase,Aggressive,,POINT
413,413,1557.521,"C:/Users/Biolab/Desktop/Dyad Score Log Data for Editing 1-6,8-19/Dyad Videos/AVI Converted/12.avi",1691.22,59.94,Dominant,Scrape,Aggressive,,POINT
414,414,1562.472,"C:/Users/Biolab/Desktop/Dyad Score Log Data for Editing 1-6,8-19/Dyad Videos/AVI Converted/12.avi",1691.22,59.94,Dominant,Chase,Aggressive,,POINT
415,415,1562.472,"C:/Users/Biolab/Desktop/Dyad Score Log Data for Editing 1-6,8-19/Dyad Videos/AVI Converted/12.avi",1691.22,59.94,Dominant,Lateral Side Display,Aggressive,,POINT
416,416,1564.235,"C:/Users/Biolab/Desktop/Dyad Score Log Data for Editing 1-6,8-19/Dyad Videos/AVI Converted/12.avi",1691.22,59.94,Dominant,Biting,Aggressive,,POINT
417,417,1564.991,"C:/Users/Biolab/Desktop/Dyad Score Log Data for Editing 1-6,8-19/Dyad Videos/AVI Converted/12.avi",1691.22,59.94,Dominant,Chase,Aggressive,,POINT
418,418,1565.085,"C:/Users/Biolab/Desktop/Dyad Score Log Data for Editing 1-6,8-19/Dyad Videos/AVI Converted/12.avi",1691.22,59.94,Dominant,Chase,Aggressive,,POINT
419,419,1566.433,"C:/Users/Biolab/Desktop/Dyad Score Log Data for Editing 1-6,8-19/Dyad Videos/AVI Converted/12.avi",1691.22,59.94,Dominant,Chase,Aggressive,,POINT
420,420,1574.442,"C:/Users/Biolab/Desktop/Dyad Score Log Data for Editing 1-6,8-19/Dyad Videos/AVI Converted/12.avi",1691.22,59.94,Dominant,Lead,Reproductive,,POINT
421,421,1575.252,"C:/Users/Biolab/Desktop/Dyad Score Log Data for Editing 1-6,8-19/Dyad Videos/AVI Converted/12.avi",1691.22,59.94,Dominant,Chase,Aggressive,,POINT
422,422,1575.809,"C:/Users/Biolab/Desktop/Dyad Score Log Data for Editing 1-6,8-19/Dyad Videos/AVI Converted/12.avi",1691.22,59.94,Dominant,Biting,Aggressive,,POINT
423,423,1580.486,"C:/Users/Biolab/Desktop/Dyad Score Log Data for Editing 1-6,8-19/Dyad Videos/AVI Converted/12.avi",1691.22,59.94,Dominant,Biting,Aggressive,,POINT
424,424,1581.372,"C:/Users/Biolab/Desktop/Dyad Score Log Data for Editing 1-6,8-19/Dyad Videos/AVI Converted/12.avi",1691.22,59.94,Dominant,Chase,Aggressive,,POINT
425,425,1583.62,"C:/Users/Biolab/Desktop/Dyad Score Log Data for Editing 1-6,8-19/Dyad Videos/AVI Converted/12.avi",1691.22,59.94,Dominant,Lead,Reproductive,,POINT
426,426,1583.884,"C:/Users/Biolab/Desktop/Dyad Score Log Data for Editing 1-6,8-19/Dyad Videos/AVI Converted/12.avi",1691.22,59.94,Dominant,Biting,Aggressive,,POINT
427,427,1584.163,"C:/Users/Biolab/Desktop/Dyad Score Log Data for Editing 1-6,8-19/Dyad Videos/AVI Converted/12.avi",1691.22,59.94,Dominant,Chase,Aggressive,,POINT
428,428,1590.101,"C:/Users/Biolab/Desktop/Dyad Score Log Data for Editing 1-6,8-19/Dyad Videos/AVI Converted/12.avi",1691.22,59.94,Dominant,Chase,Aggressive,,POINT
429,429,1601.448,"C:/Users/Biolab/Desktop/Dyad Score Log Data for Editing 1-6,8-19/Dyad Videos/AVI Converted/12.avi",1691.22,59.94,Dominant,Chase,Aggressive,,POINT
430,430,1601.717,"C:/Users/Biolab/Desktop/Dyad Score Log Data for Editing 1-6,8-19/Dyad Videos/AVI Converted/12.avi",1691.22,59.94,Dominant,Chase,Aggressive,,POINT
431,431,1609.004,"C:/Users/Biolab/Desktop/Dyad Score Log Data for Editing 1-6,8-19/Dyad Videos/AVI Converted/12.avi",1691.22,59.94,Dominant,Chase,Aggressive,,POINT
432,432,1618.51,"C:/Users/Biolab/Desktop/Dyad Score Log Data for Editing 1-6,8-19/Dyad Videos/AVI Converted/12.avi",1691.22,59.94,Dominant,Biting,Aggressive,,POINT
433,433,1621.421,"C:/Users/Biolab/Desktop/Dyad Score Log Data for Editing 1-6,8-19/Dyad Videos/AVI Converted/12.avi",1691.22,59.94,Dominant,Chase,Aggressive,,POINT
434,434,1621.509,"C:/Users/Biolab/Desktop/Dyad Score Log Data for Editing 1-6,8-19/Dyad Videos/AVI Converted/12.avi",1691.22,59.94,Dominant,Scrape,Aggressive,,POINT
435,435,1621.872,"C:/Users/Biolab/Desktop/Dyad Score Log Data for Editing 1-6,8-19/Dyad Videos/AVI Converted/12.avi",1691.22,59.94,Dominant,Scrape,Aggressive,,POINT
436,436,1629.162,"C:/Users/Biolab/Desktop/Dyad Score Log Data for Editing 1-6,8-19/Dyad Videos/AVI Converted/12.avi",1691.22,59.94,Dominant,Dig Substrate,Reproductive,,POINT
437,437,1635.557,"C:/Users/Biolab/Desktop/Dyad Score Log Data for Editing 1-6,8-19/Dyad Videos/AVI Converted/12.avi",1691.22,59.94,Dominant,Lead,Reproductive,,POINT
438,438,1635.983,"C:/Users/Biolab/Desktop/Dyad Score Log Data for Editing 1-6,8-19/Dyad Videos/AVI Converted/12.avi",1691.22,59.94,Dominant,Lateral Side Display,Aggressive,,POINT
439,439,1637.172,"C:/Users/Biolab/Desktop/Dyad Score Log Data for Editing 1-6,8-19/Dyad Videos/AVI Converted/12.avi",1691.22,59.94,Dominant,Chase,Aggressive,,POINT
440,440,1643.112,"C:/Users/Biolab/Desktop/Dyad Score Log Data for Editing 1-6,8-19/Dyad Videos/AVI Converted/12.avi",1691.22,59.94,Dominant,Chase,Aggressive,,POINT
441,441,1643.293,"C:/Users/Biolab/Desktop/Dyad Score Log Data for Editing 1-6,8-19/Dyad Videos/AVI Converted/12.avi",1691.22,59.94,Dominant,Scrape,Aggressive,,POINT
442,442,1643.509,"C:/Users/Biolab/Desktop/Dyad Score Log Data for Editing 1-6,8-19/Dyad Videos/AVI Converted/12.avi",1691.22,59.94,Dominant,Scrape,Aggressive,,POINT
443,443,1645.454,"C:/Users/Biolab/Desktop/Dyad Score Log Data for Editing 1-6,8-19/Dyad Videos/AVI Converted/12.avi",1691.22,59.94,Dominant,Chase,Aggressive,,POINT
444,444,1648.244,"C:/Users/Biolab/Desktop/Dyad Score Log Data for Editing 1-6,8-19/Dyad Videos/AVI Converted/12.avi",1691.22,59.94,Dominant,Chase,Aggressive,,POINT
445,445,1649.504,"C:/Users/Biolab/Desktop/Dyad Score Log Data for Editing 1-6,8-19/Dyad Videos/AVI Converted/12.avi",1691.22,59.94,Dominant,Chase,Aggressive,,POINT
446,446,1650.21,"C:/Users/Biolab/Desktop/Dyad Score Log Data for Editing 1-6,8-19/Dyad Videos/AVI Converted/12.avi",1691.22,59.94,Dominant,Biting,Aggressive,,POINT
447,447,1652.114,"C:/Users/Biolab/Desktop/Dyad Score Log Data for Editing 1-6,8-19/Dyad Videos/AVI Converted/12.avi",1691.22,59.94,Dominant,Chase,Aggressive,,POINT
448,448,1658.054,"C:/Users/Biolab/Desktop/Dyad Score Log Data for Editing 1-6,8-19/Dyad Videos/AVI Converted/12.avi",1691.22,59.94,Dominant,Chase,Aggressive,,POINT
449,449,1659.235,"C:/Users/Biolab/Desktop/Dyad Score Log Data for Editing 1-6,8-19/Dyad Videos/AVI Converted/12.avi",1691.22,59.94,Dominant,Biting,Aggressive,,POINT
450,450,1667.324,"C:/Users/Biolab/Desktop/Dyad Score Log Data for Editing 1-6,8-19/Dyad Videos/AVI Converted/12.avi",1691.22,59.94,Dominant,Chase,Aggressive,,POINT
451,451,1667.324,"C:/Users/Biolab/Desktop/Dyad Score Log Data for Editing 1-6,8-19/Dyad Videos/AVI Converted/12.avi",1691.22,59.94,Dominant,Scrape,Aggressive,,POINT
452,452,1668.743,"C:/Users/Biolab/Desktop/Dyad Score Log Data for Editing 1-6,8-19/Dyad Videos/AVI Converted/12.avi",1691.22,59.94,Dominant,Frontal Side Display,Aggressive,,POINT
453,453,1672.902,"C:/Users/Biolab/Desktop/Dyad Score Log Data for Editing 1-6,8-19/Dyad Videos/AVI Converted/12.avi",1691.22,59.94,Dominant,Lead,Reproductive,,POINT
454,454,1675.874,"C:/Users/Biolab/Desktop/Dyad Score Log Data for Editing 1-6,8-19/Dyad Videos/AVI Converted/12.avi",1691.22,59.94,Dominant,Dig Substrate,Reproductive,,POINT
455,455,1677.495,"C:/Users/Biolab/Desktop/Dyad Score Log Data for Editing 1-6,8-19/Dyad Videos/AVI Converted/12.avi",1691.22,59.94,Dominant,Chase,Aggressive,,POINT
456,456,1678.864,"C:/Users/Biolab/Desktop/Dyad Score Log Data for Editing 1-6,8-19/Dyad Videos/AVI Converted/12.avi",1691.22,59.94,Dominant,Biting,Aggressive,,POINT
457,457,1685.264,"C:/Users/Biolab/Desktop/Dyad Score Log Data for Editing 1-6,8-19/Dyad Videos/AVI Converted/12.avi",1691.22,59.94,Dominant,Biting,Aggressive,,POINT
458,458,1685.594,"C:/Users/Biolab/Desktop/Dyad Score Log Data for Editing 1-6,8-19/Dyad Videos/AVI Converted/12.avi",1691.22,59.94,Dominant,Chase,Aggressive,,POINT
459,459,1690.04,"C:/Users/Biolab/Desktop/Dyad Score Log Data for Editing 1-6,8-19/Dyad Videos/AVI Converted/12.avi",1691.22,59.94,Dominant,Charge,Aggressive,,POINT
