,Unnamed: 0,Time,Media file path,Total length,FPS,Subject,Behavior,Behavioral category,Comment,Status
0,0,306.053,"C:/Users/Biolab/Desktop/Dyad Score Log Data for Editing 1-6,8-19/Dyad Videos/AVI Converted/11.avi",2227.23,59.94,Dominant,Foraging,Reproductive,,POINT
1,1,307.829,"C:/Users/Biolab/Desktop/Dyad Score Log Data for Editing 1-6,8-19/Dyad Videos/AVI Converted/11.avi",2227.23,59.94,Dominant,Dig Substrate,Reproductive,,POINT
2,2,311.979,"C:/Users/Biolab/Desktop/Dyad Score Log Data for Editing 1-6,8-19/Dyad Videos/AVI Converted/11.avi",2227.23,59.94,Dominant,Dig Substrate,Reproductive,,POINT
3,3,317.629,"C:/Users/Biolab/Desktop/Dyad Score Log Data for Editing 1-6,8-19/Dyad Videos/AVI Converted/11.avi",2227.23,59.94,Dominant,Lead,Reproductive,,POINT
4,4,324.254,"C:/Users/Biolab/Desktop/Dyad Score Log Data for Editing 1-6,8-19/Dyad Videos/AVI Converted/11.avi",2227.23,59.94,Dominant,Charge,Aggressive,,POINT
5,5,324.529,"C:/Users/Biolab/Desktop/Dyad Score Log Data for Editing 1-6,8-19/Dyad Videos/AVI Converted/11.avi",2227.23,59.94,Dominant,Chase,Aggressive,,POINT
6,6,335.129,"C:/Users/Biolab/Desktop/Dyad Score Log Data for Editing 1-6,8-19/Dyad Videos/AVI Converted/11.avi",2227.23,59.94,Dominant,Dig Substrate,Reproductive,,POINT
7,7,338.504,"C:/Users/Biolab/Desktop/Dyad Score Log Data for Editing 1-6,8-19/Dyad Videos/AVI Converted/11.avi",2227.23,59.94,Dominant,Charge,Aggressive,,POINT
8,8,342.428,"C:/Users/Biolab/Desktop/Dyad Score Log Data for Editing 1-6,8-19/Dyad Videos/AVI Converted/11.avi",2227.23,59.94,Dominant,Pot Entry,Reproductive,,POINT
9,9,346.303,"C:/Users/Biolab/Desktop/Dyad Score Log Data for Editing 1-6,8-19/Dyad Videos/AVI Converted/11.avi",2227.23,59.94,Dominant,Pot Dig,Reproductive,,POINT
10,10,350.679,"C:/Users/Biolab/Desktop/Dyad Score Log Data for Editing 1-6,8-19/Dyad Videos/AVI Converted/11.avi",2227.23,59.94,Dominant,Pot Dig,Reproductive,,POINT
11,11,351.754,"C:/Users/Biolab/Desktop/Dyad Score Log Data for Editing 1-6,8-19/Dyad Videos/AVI Converted/11.avi",2227.23,59.94,Dominant,Pot Exit,Reproductive,,POINT
12,12,357.978,"C:/Users/Biolab/Desktop/Dyad Score Log Data for Editing 1-6,8-19/Dyad Videos/AVI Converted/11.avi",2227.23,59.94,Dominant,Dig Substrate,Reproductive,,POINT
13,13,361.353,"C:/Users/Biolab/Desktop/Dyad Score Log Data for Editing 1-6,8-19/Dyad Videos/AVI Converted/11.avi",2227.23,59.94,Dominant,Dig Substrate,Reproductive,,POINT
14,14,366.553,"C:/Users/Biolab/Desktop/Dyad Score Log Data for Editing 1-6,8-19/Dyad Videos/AVI Converted/11.avi",2227.23,59.94,Dominant,Dig Substrate,Reproductive,,POINT
15,15,368.604,"C:/Users/Biolab/Desktop/Dyad Score Log Data for Editing 1-6,8-19/Dyad Videos/AVI Converted/11.avi",2227.23,59.94,Dominant,Dig Substrate,Reproductive,,POINT
16,16,370.178,"C:/Users/Biolab/Desktop/Dyad Score Log Data for Editing 1-6,8-19/Dyad Videos/AVI Converted/11.avi",2227.23,59.94,Dominant,Dig Substrate,Reproductive,,POINT
17,17,371.929,"C:/Users/Biolab/Desktop/Dyad Score Log Data for Editing 1-6,8-19/Dyad Videos/AVI Converted/11.avi",2227.23,59.94,Dominant,Dig Substrate,Reproductive,,POINT
18,18,373.704,"C:/Users/Biolab/Desktop/Dyad Score Log Data for Editing 1-6,8-19/Dyad Videos/AVI Converted/11.avi",2227.23,59.94,Dominant,Dig Substrate,Reproductive,,POINT
19,19,374.979,"C:/Users/Biolab/Desktop/Dyad Score Log Data for Editing 1-6,8-19/Dyad Videos/AVI Converted/11.avi",2227.23,59.94,Dominant,Dig Substrate,Reproductive,,POINT
20,20,376.529,"C:/Users/Biolab/Desktop/Dyad Score Log Data for Editing 1-6,8-19/Dyad Videos/AVI Converted/11.avi",2227.23,59.94,Dominant,Dig Substrate,Reproductive,,POINT
21,21,381.453,"C:/Users/Biolab/Desktop/Dyad Score Log Data for Editing 1-6,8-19/Dyad Videos/AVI Converted/11.avi",2227.23,59.94,Dominant,Lead,Reproductive,,POINT
22,22,384.504,"C:/Users/Biolab/Desktop/Dyad Score Log Data for Editing 1-6,8-19/Dyad Videos/AVI Converted/11.avi",2227.23,59.94,Dominant,Lead,Reproductive,,POINT
23,23,389.954,"C:/Users/Biolab/Desktop/Dyad Score Log Data for Editing 1-6,8-19/Dyad Videos/AVI Converted/11.avi",2227.23,59.94,Dominant,Chase,Aggressive,,POINT
24,24,403.653,"C:/Users/Biolab/Desktop/Dyad Score Log Data for Editing 1-6,8-19/Dyad Videos/AVI Converted/11.avi",2227.23,59.94,Dominant,Lead,Reproductive,,POINT
25,25,414.229,"C:/Users/Biolab/Desktop/Dyad Score Log Data for Editing 1-6,8-19/Dyad Videos/AVI Converted/11.avi",2227.23,59.94,Dominant,Lead,Reproductive,,POINT
26,26,418.679,"C:/Users/Biolab/Desktop/Dyad Score Log Data for Editing 1-6,8-19/Dyad Videos/AVI Converted/11.avi",2227.23,59.94,Dominant,Chase,Aggressive,,POINT
27,27,419.454,"C:/Users/Biolab/Desktop/Dyad Score Log Data for Editing 1-6,8-19/Dyad Videos/AVI Converted/11.avi",2227.23,59.94,Dominant,Scrape,Aggressive,,POINT
28,28,420.878,"C:/Users/Biolab/Desktop/Dyad Score Log Data for Editing 1-6,8-19/Dyad Videos/AVI Converted/11.avi",2227.23,59.94,Dominant,Lead,Reproductive,,POINT
29,29,424.955,"C:/Users/Biolab/Desktop/Dyad Score Log Data for Editing 1-6,8-19/Dyad Videos/AVI Converted/11.avi",2227.23,59.94,Dominant,Foraging,Reproductive,,POINT
30,30,427.779,"C:/Users/Biolab/Desktop/Dyad Score Log Data for Editing 1-6,8-19/Dyad Videos/AVI Converted/11.avi",2227.23,59.94,Dominant,Chase,Aggressive,,POINT
31,31,427.779,"C:/Users/Biolab/Desktop/Dyad Score Log Data for Editing 1-6,8-19/Dyad Videos/AVI Converted/11.avi",2227.23,59.94,Dominant,Lead,Reproductive,,POINT
32,32,428.678,"C:/Users/Biolab/Desktop/Dyad Score Log Data for Editing 1-6,8-19/Dyad Videos/AVI Converted/11.avi",2227.23,59.94,Dominant,Biting,Aggressive,,POINT
33,33,428.804,"C:/Users/Biolab/Desktop/Dyad Score Log Data for Editing 1-6,8-19/Dyad Videos/AVI Converted/11.avi",2227.23,59.94,Dominant,Chase,Aggressive,,POINT
34,34,433.204,"C:/Users/Biolab/Desktop/Dyad Score Log Data for Editing 1-6,8-19/Dyad Videos/AVI Converted/11.avi",2227.23,59.94,Dominant,Chase,Aggressive,,POINT
35,35,438.704,"C:/Users/Biolab/Desktop/Dyad Score Log Data for Editing 1-6,8-19/Dyad Videos/AVI Converted/11.avi",2227.23,59.94,Dominant,Chase,Aggressive,,POINT
36,36,441.529,"C:/Users/Biolab/Desktop/Dyad Score Log Data for Editing 1-6,8-19/Dyad Videos/AVI Converted/11.avi",2227.23,59.94,Dominant,Lead,Reproductive,,POINT
37,37,450.354,"C:/Users/Biolab/Desktop/Dyad Score Log Data for Editing 1-6,8-19/Dyad Videos/AVI Converted/11.avi",2227.23,59.94,Dominant,Lead,Reproductive,,POINT
38,38,451.878,"C:/Users/Biolab/Desktop/Dyad Score Log Data for Editing 1-6,8-19/Dyad Videos/AVI Converted/11.avi",2227.23,59.94,Dominant,Lead,Reproductive,,POINT
39,39,454.429,"C:/Users/Biolab/Desktop/Dyad Score Log Data for Editing 1-6,8-19/Dyad Videos/AVI Converted/11.avi",2227.23,59.94,Dominant,Chase,Aggressive,,POINT
40,40,457.029,"C:/Users/Biolab/Desktop/Dyad Score Log Data for Editing 1-6,8-19/Dyad Videos/AVI Converted/11.avi",2227.23,59.94,Dominant,Charge,Aggressive,,POINT
41,41,457.029,"C:/Users/Biolab/Desktop/Dyad Score Log Data for Editing 1-6,8-19/Dyad Videos/AVI Converted/11.avi",2227.23,59.94,Dominant,Frontal Side Display,Aggressive,,POINT
42,42,457.529,"C:/Users/Biolab/Desktop/Dyad Score Log Data for Editing 1-6,8-19/Dyad Videos/AVI Converted/11.avi",2227.23,59.94,Dominant,Biting,Aggressive,,POINT
43,43,457.604,"C:/Users/Biolab/Desktop/Dyad Score Log Data for Editing 1-6,8-19/Dyad Videos/AVI Converted/11.avi",2227.23,59.94,Dominant,Scrape,Aggressive,,POINT
44,44,462.529,"C:/Users/Biolab/Desktop/Dyad Score Log Data for Editing 1-6,8-19/Dyad Videos/AVI Converted/11.avi",2227.23,59.94,Dominant,Chase,Aggressive,,POINT
45,45,464.704,"C:/Users/Biolab/Desktop/Dyad Score Log Data for Editing 1-6,8-19/Dyad Videos/AVI Converted/11.avi",2227.23,59.94,Dominant,Chase,Aggressive,,POINT
46,46,466.254,"C:/Users/Biolab/Desktop/Dyad Score Log Data for Editing 1-6,8-19/Dyad Videos/AVI Converted/11.avi",2227.23,59.94,Dominant,Chase,Aggressive,,POINT
47,47,469.854,"C:/Users/Biolab/Desktop/Dyad Score Log Data for Editing 1-6,8-19/Dyad Videos/AVI Converted/11.avi",2227.23,59.94,Dominant,Chase,Aggressive,,POINT
48,48,471.279,"C:/Users/Biolab/Desktop/Dyad Score Log Data for Editing 1-6,8-19/Dyad Videos/AVI Converted/11.avi",2227.23,59.94,Dominant,Chase,Aggressive,,POINT
49,49,474.479,"C:/Users/Biolab/Desktop/Dyad Score Log Data for Editing 1-6,8-19/Dyad Videos/AVI Converted/11.avi",2227.23,59.94,Dominant,Chase,Aggressive,,POINT
50,50,477.829,"C:/Users/Biolab/Desktop/Dyad Score Log Data for Editing 1-6,8-19/Dyad Videos/AVI Converted/11.avi",2227.23,59.94,Dominant,Lead,Reproductive,,POINT
51,51,480.903,"C:/Users/Biolab/Desktop/Dyad Score Log Data for Editing 1-6,8-19/Dyad Videos/AVI Converted/11.avi",2227.23,59.94,Dominant,Chase,Aggressive,,POINT
52,52,482.204,"C:/Users/Biolab/Desktop/Dyad Score Log Data for Editing 1-6,8-19/Dyad Videos/AVI Converted/11.avi",2227.23,59.94,Dominant,Charge,Aggressive,,POINT
53,53,482.204,"C:/Users/Biolab/Desktop/Dyad Score Log Data for Editing 1-6,8-19/Dyad Videos/AVI Converted/11.avi",2227.23,59.94,Dominant,Biting,Aggressive,,POINT
54,54,484.503,"C:/Users/Biolab/Desktop/Dyad Score Log Data for Editing 1-6,8-19/Dyad Videos/AVI Converted/11.avi",2227.23,59.94,Dominant,Chase,Aggressive,,POINT
55,55,484.503,"C:/Users/Biolab/Desktop/Dyad Score Log Data for Editing 1-6,8-19/Dyad Videos/AVI Converted/11.avi",2227.23,59.94,Dominant,Scrape,Aggressive,,POINT
56,56,491.929,"C:/Users/Biolab/Desktop/Dyad Score Log Data for Editing 1-6,8-19/Dyad Videos/AVI Converted/11.avi",2227.23,59.94,Dominant,Charge,Aggressive,,POINT
57,57,493.929,"C:/Users/Biolab/Desktop/Dyad Score Log Data for Editing 1-6,8-19/Dyad Videos/AVI Converted/11.avi",2227.23,59.94,Dominant,Chase,Aggressive,,POINT
58,58,495.704,"C:/Users/Biolab/Desktop/Dyad Score Log Data for Editing 1-6,8-19/Dyad Videos/AVI Converted/11.avi",2227.23,59.94,Dominant,Chase,Aggressive,,POINT
59,59,499.929,"C:/Users/Biolab/Desktop/Dyad Score Log Data for Editing 1-6,8-19/Dyad Videos/AVI Converted/11.avi",2227.23,59.94,Dominant,Charge,Aggressive,,POINT
60,60,502.353,"C:/Users/Biolab/Desktop/Dyad Score Log Data for Editing 1-6,8-19/Dyad Videos/AVI Converted/11.avi",2227.23,59.94,Dominant,Charge,Aggressive,,POINT
61,61,502.353,"C:/Users/Biolab/Desktop/Dyad Score Log Data for Editing 1-6,8-19/Dyad Videos/AVI Converted/11.avi",2227.23,59.94,Dominant,Biting,Aggressive,,POINT
62,62,508.154,"C:/Users/Biolab/Desktop/Dyad Score Log Data for Editing 1-6,8-19/Dyad Videos/AVI Converted/11.avi",2227.23,59.94,Dominant,Chase,Aggressive,,POINT
63,63,510.929,"C:/Users/Biolab/Desktop/Dyad Score Log Data for Editing 1-6,8-19/Dyad Videos/AVI Converted/11.avi",2227.23,59.94,Dominant,Chase,Aggressive,,POINT
64,64,512.978,"C:/Users/Biolab/Desktop/Dyad Score Log Data for Editing 1-6,8-19/Dyad Videos/AVI Converted/11.avi",2227.23,59.94,Dominant,Biting,Aggressive,,POINT
65,65,519.154,"C:/Users/Biolab/Desktop/Dyad Score Log Data for Editing 1-6,8-19/Dyad Videos/AVI Converted/11.avi",2227.23,59.94,Dominant,Lead,Reproductive,,POINT
66,66,519.703,"C:/Users/Biolab/Desktop/Dyad Score Log Data for Editing 1-6,8-19/Dyad Videos/AVI Converted/11.avi",2227.23,59.94,Dominant,Chase,Aggressive,,POINT
67,67,521.703,"C:/Users/Biolab/Desktop/Dyad Score Log Data for Editing 1-6,8-19/Dyad Videos/AVI Converted/11.avi",2227.23,59.94,Dominant,Chase,Aggressive,,POINT
68,68,523.154,"C:/Users/Biolab/Desktop/Dyad Score Log Data for Editing 1-6,8-19/Dyad Videos/AVI Converted/11.avi",2227.23,59.94,Dominant,Chase,Aggressive,,POINT
69,69,524.203,"C:/Users/Biolab/Desktop/Dyad Score Log Data for Editing 1-6,8-19/Dyad Videos/AVI Converted/11.avi",2227.23,59.94,Dominant,Lateral Side Display,Aggressive,,POINT
70,70,525.829,"C:/Users/Biolab/Desktop/Dyad Score Log Data for Editing 1-6,8-19/Dyad Videos/AVI Converted/11.avi",2227.23,59.94,Dominant,Chase,Aggressive,,POINT
71,71,527.729,"C:/Users/Biolab/Desktop/Dyad Score Log Data for Editing 1-6,8-19/Dyad Videos/AVI Converted/11.avi",2227.23,59.94,Dominant,Chase,Aggressive,,POINT
72,72,532.854,"C:/Users/Biolab/Desktop/Dyad Score Log Data for Editing 1-6,8-19/Dyad Videos/AVI Converted/11.avi",2227.23,59.94,Dominant,Chase,Aggressive,,POINT
73,73,534.379,"C:/Users/Biolab/Desktop/Dyad Score Log Data for Editing 1-6,8-19/Dyad Videos/AVI Converted/11.avi",2227.23,59.94,Dominant,Foraging,Reproductive,,POINT
74,74,535.929,"C:/Users/Biolab/Desktop/Dyad Score Log Data for Editing 1-6,8-19/Dyad Videos/AVI Converted/11.avi",2227.23,59.94,Dominant,Foraging,Reproductive,,POINT
75,75,538.779,"C:/Users/Biolab/Desktop/Dyad Score Log Data for Editing 1-6,8-19/Dyad Videos/AVI Converted/11.avi",2227.23,59.94,Dominant,Foraging,Reproductive,,POINT
76,76,542.679,"C:/Users/Biolab/Desktop/Dyad Score Log Data for Editing 1-6,8-19/Dyad Videos/AVI Converted/11.avi",2227.23,59.94,Dominant,Foraging,Reproductive,,POINT
77,77,547.128,"C:/Users/Biolab/Desktop/Dyad Score Log Data for Editing 1-6,8-19/Dyad Videos/AVI Converted/11.avi",2227.23,59.94,Dominant,Lead,Reproductive,,POINT
78,78,553.054,"C:/Users/Biolab/Desktop/Dyad Score Log Data for Editing 1-6,8-19/Dyad Videos/AVI Converted/11.avi",2227.23,59.94,Dominant,Chase,Aggressive,,POINT
79,79,553.579,"C:/Users/Biolab/Desktop/Dyad Score Log Data for Editing 1-6,8-19/Dyad Videos/AVI Converted/11.avi",2227.23,59.94,Dominant,Chase,Aggressive,,POINT
80,80,554.604,"C:/Users/Biolab/Desktop/Dyad Score Log Data for Editing 1-6,8-19/Dyad Videos/AVI Converted/11.avi",2227.23,59.94,Dominant,Chase,Aggressive,,POINT
81,81,556.154,"C:/Users/Biolab/Desktop/Dyad Score Log Data for Editing 1-6,8-19/Dyad Videos/AVI Converted/11.avi",2227.23,59.94,Dominant,Chase,Aggressive,,POINT
82,82,567.253,"C:/Users/Biolab/Desktop/Dyad Score Log Data for Editing 1-6,8-19/Dyad Videos/AVI Converted/11.avi",2227.23,59.94,Dominant,Foraging,Reproductive,,POINT
83,83,570.354,"C:/Users/Biolab/Desktop/Dyad Score Log Data for Editing 1-6,8-19/Dyad Videos/AVI Converted/11.avi",2227.23,59.94,Dominant,Lead,Reproductive,,POINT
84,84,575.079,"C:/Users/Biolab/Desktop/Dyad Score Log Data for Editing 1-6,8-19/Dyad Videos/AVI Converted/11.avi",2227.23,59.94,Dominant,Foraging,Reproductive,,POINT
85,85,580.329,"C:/Users/Biolab/Desktop/Dyad Score Log Data for Editing 1-6,8-19/Dyad Videos/AVI Converted/11.avi",2227.23,59.94,Dominant,Lead,Reproductive,,POINT
86,86,582.303,"C:/Users/Biolab/Desktop/Dyad Score Log Data for Editing 1-6,8-19/Dyad Videos/AVI Converted/11.avi",2227.23,59.94,Dominant,Charge,Aggressive,,POINT
87,87,584.079,"C:/Users/Biolab/Desktop/Dyad Score Log Data for Editing 1-6,8-19/Dyad Videos/AVI Converted/11.avi",2227.23,59.94,Dominant,Chase,Aggressive,,POINT
88,88,596.954,"C:/Users/Biolab/Desktop/Dyad Score Log Data for Editing 1-6,8-19/Dyad Videos/AVI Converted/11.avi",2227.23,59.94,Dominant,Lead,Reproductive,,POINT
89,89,604.154,"C:/Users/Biolab/Desktop/Dyad Score Log Data for Editing 1-6,8-19/Dyad Videos/AVI Converted/11.avi",2227.23,59.94,Dominant,Charge,Aggressive,,POINT
90,90,608.704,"C:/Users/Biolab/Desktop/Dyad Score Log Data for Editing 1-6,8-19/Dyad Videos/AVI Converted/11.avi",2227.23,59.94,Dominant,Foraging,Reproductive,,POINT
91,91,608.954,"C:/Users/Biolab/Desktop/Dyad Score Log Data for Editing 1-6,8-19/Dyad Videos/AVI Converted/11.avi",2227.23,59.94,Dominant,Foraging,Reproductive,,POINT
92,92,612.053,"C:/Users/Biolab/Desktop/Dyad Score Log Data for Editing 1-6,8-19/Dyad Videos/AVI Converted/11.avi",2227.23,59.94,Dominant,Chase,Aggressive,,POINT
93,93,612.879,"C:/Users/Biolab/Desktop/Dyad Score Log Data for Editing 1-6,8-19/Dyad Videos/AVI Converted/11.avi",2227.23,59.94,Dominant,Scrape,Aggressive,,POINT
94,94,620.554,"C:/Users/Biolab/Desktop/Dyad Score Log Data for Editing 1-6,8-19/Dyad Videos/AVI Converted/11.avi",2227.23,59.94,Dominant,Lead,Reproductive,,POINT
95,95,622.079,"C:/Users/Biolab/Desktop/Dyad Score Log Data for Editing 1-6,8-19/Dyad Videos/AVI Converted/11.avi",2227.23,59.94,Dominant,Foraging,Reproductive,,POINT
96,96,625.454,"C:/Users/Biolab/Desktop/Dyad Score Log Data for Editing 1-6,8-19/Dyad Videos/AVI Converted/11.avi",2227.23,59.94,Dominant,Foraging,Reproductive,,POINT
97,97,625.954,"C:/Users/Biolab/Desktop/Dyad Score Log Data for Editing 1-6,8-19/Dyad Videos/AVI Converted/11.avi",2227.23,59.94,Dominant,Foraging,Reproductive,,POINT
98,98,627.528,"C:/Users/Biolab/Desktop/Dyad Score Log Data for Editing 1-6,8-19/Dyad Videos/AVI Converted/11.avi",2227.23,59.94,Dominant,Foraging,Reproductive,,POINT
99,99,630.629,"C:/Users/Biolab/Desktop/Dyad Score Log Data for Editing 1-6,8-19/Dyad Videos/AVI Converted/11.avi",2227.23,59.94,Dominant,Lead,Reproductive,,POINT
100,100,633.454,"C:/Users/Biolab/Desktop/Dyad Score Log Data for Editing 1-6,8-19/Dyad Videos/AVI Converted/11.avi",2227.23,59.94,Dominant,Lead,Reproductive,,POINT
101,101,639.453,"C:/Users/Biolab/Desktop/Dyad Score Log Data for Editing 1-6,8-19/Dyad Videos/AVI Converted/11.avi",2227.23,59.94,Dominant,Chase,Aggressive,,POINT
102,102,641.329,"C:/Users/Biolab/Desktop/Dyad Score Log Data for Editing 1-6,8-19/Dyad Videos/AVI Converted/11.avi",2227.23,59.94,Dominant,Chase,Aggressive,,POINT
103,103,651.104,"C:/Users/Biolab/Desktop/Dyad Score Log Data for Editing 1-6,8-19/Dyad Videos/AVI Converted/11.avi",2227.23,59.94,Dominant,Biting,Aggressive,,POINT
104,104,654.479,"C:/Users/Biolab/Desktop/Dyad Score Log Data for Editing 1-6,8-19/Dyad Videos/AVI Converted/11.avi",2227.23,59.94,Dominant,Foraging,Reproductive,,POINT
105,105,656.054,"C:/Users/Biolab/Desktop/Dyad Score Log Data for Editing 1-6,8-19/Dyad Videos/AVI Converted/11.avi",2227.23,59.94,Dominant,Foraging,Reproductive,,POINT
106,106,656.829,"C:/Users/Biolab/Desktop/Dyad Score Log Data for Editing 1-6,8-19/Dyad Videos/AVI Converted/11.avi",2227.23,59.94,Dominant,Foraging,Reproductive,,POINT
107,107,666.604,"C:/Users/Biolab/Desktop/Dyad Score Log Data for Editing 1-6,8-19/Dyad Videos/AVI Converted/11.avi",2227.23,59.94,Dominant,Foraging,Reproductive,,POINT
108,108,670.429,"C:/Users/Biolab/Desktop/Dyad Score Log Data for Editing 1-6,8-19/Dyad Videos/AVI Converted/11.avi",2227.23,59.94,Dominant,Pot Entry,Reproductive,,POINT
109,109,674.654,"C:/Users/Biolab/Desktop/Dyad Score Log Data for Editing 1-6,8-19/Dyad Videos/AVI Converted/11.avi",2227.23,59.94,Dominant,Pot Dig,Reproductive,,POINT
110,110,674.904,"C:/Users/Biolab/Desktop/Dyad Score Log Data for Editing 1-6,8-19/Dyad Videos/AVI Converted/11.avi",2227.23,59.94,Dominant,Pot Dig,Reproductive,,POINT
111,111,675.428,"C:/Users/Biolab/Desktop/Dyad Score Log Data for Editing 1-6,8-19/Dyad Videos/AVI Converted/11.avi",2227.23,59.94,Dominant,Pot Exit,Reproductive,,POINT
112,112,677.054,"C:/Users/Biolab/Desktop/Dyad Score Log Data for Editing 1-6,8-19/Dyad Videos/AVI Converted/11.avi",2227.23,59.94,Dominant,Charge,Aggressive,,POINT
113,113,679.879,"C:/Users/Biolab/Desktop/Dyad Score Log Data for Editing 1-6,8-19/Dyad Videos/AVI Converted/11.avi",2227.23,59.94,Dominant,Chase,Aggressive,,POINT
114,114,680.054,"C:/Users/Biolab/Desktop/Dyad Score Log Data for Editing 1-6,8-19/Dyad Videos/AVI Converted/11.avi",2227.23,59.94,Dominant,Biting,Aggressive,,POINT
115,115,683.204,"C:/Users/Biolab/Desktop/Dyad Score Log Data for Editing 1-6,8-19/Dyad Videos/AVI Converted/11.avi",2227.23,59.94,Dominant,Charge,Aggressive,,POINT
116,116,683.204,"C:/Users/Biolab/Desktop/Dyad Score Log Data for Editing 1-6,8-19/Dyad Videos/AVI Converted/11.avi",2227.23,59.94,Dominant,Biting,Aggressive,,POINT
117,117,699.979,"C:/Users/Biolab/Desktop/Dyad Score Log Data for Editing 1-6,8-19/Dyad Videos/AVI Converted/11.avi",2227.23,59.94,Dominant,Charge,Aggressive,,POINT
118,118,704.054,"C:/Users/Biolab/Desktop/Dyad Score Log Data for Editing 1-6,8-19/Dyad Videos/AVI Converted/11.avi",2227.23,59.94,Dominant,Foraging,Reproductive,,POINT
119,119,706.829,"C:/Users/Biolab/Desktop/Dyad Score Log Data for Editing 1-6,8-19/Dyad Videos/AVI Converted/11.avi",2227.23,59.94,Dominant,Dig Substrate,Reproductive,,POINT
120,120,712.604,"C:/Users/Biolab/Desktop/Dyad Score Log Data for Editing 1-6,8-19/Dyad Videos/AVI Converted/11.avi",2227.23,59.94,Dominant,Dig Substrate,Reproductive,,POINT
121,121,721.904,"C:/Users/Biolab/Desktop/Dyad Score Log Data for Editing 1-6,8-19/Dyad Videos/AVI Converted/11.avi",2227.23,59.94,Dominant,Chase,Aggressive,,POINT
122,122,722.904,"C:/Users/Biolab/Desktop/Dyad Score Log Data for Editing 1-6,8-19/Dyad Videos/AVI Converted/11.avi",2227.23,59.94,Dominant,Charge,Aggressive,,POINT
123,123,734.079,"C:/Users/Biolab/Desktop/Dyad Score Log Data for Editing 1-6,8-19/Dyad Videos/AVI Converted/11.avi",2227.23,59.94,Dominant,Chase,Aggressive,,POINT
124,124,735.353,"C:/Users/Biolab/Desktop/Dyad Score Log Data for Editing 1-6,8-19/Dyad Videos/AVI Converted/11.avi",2227.23,59.94,Dominant,Scrape,Aggressive,,POINT
125,125,743.479,"C:/Users/Biolab/Desktop/Dyad Score Log Data for Editing 1-6,8-19/Dyad Videos/AVI Converted/11.avi",2227.23,59.94,Dominant,Pot Entry,Reproductive,,POINT
126,126,746.603,"C:/Users/Biolab/Desktop/Dyad Score Log Data for Editing 1-6,8-19/Dyad Videos/AVI Converted/11.avi",2227.23,59.94,Dominant,Pot Dig,Reproductive,,POINT
127,127,746.854,"C:/Users/Biolab/Desktop/Dyad Score Log Data for Editing 1-6,8-19/Dyad Videos/AVI Converted/11.avi",2227.23,59.94,Dominant,Pot Exit,Reproductive,,POINT
128,128,747.853,"C:/Users/Biolab/Desktop/Dyad Score Log Data for Editing 1-6,8-19/Dyad Videos/AVI Converted/11.avi",2227.23,59.94,Dominant,Chase,Aggressive,,POINT
129,129,751.429,"C:/Users/Biolab/Desktop/Dyad Score Log Data for Editing 1-6,8-19/Dyad Videos/AVI Converted/11.avi",2227.23,59.94,Dominant,Lead,Reproductive,,POINT
130,130,756.554,"C:/Users/Biolab/Desktop/Dyad Score Log Data for Editing 1-6,8-19/Dyad Videos/AVI Converted/11.avi",2227.23,59.94,Dominant,Biting,Aggressive,,POINT
131,131,756.554,"C:/Users/Biolab/Desktop/Dyad Score Log Data for Editing 1-6,8-19/Dyad Videos/AVI Converted/11.avi",2227.23,59.94,Dominant,Chase,Aggressive,,POINT
132,132,761.128,"C:/Users/Biolab/Desktop/Dyad Score Log Data for Editing 1-6,8-19/Dyad Videos/AVI Converted/11.avi",2227.23,59.94,Dominant,Lead,Reproductive,,POINT
133,133,763.979,"C:/Users/Biolab/Desktop/Dyad Score Log Data for Editing 1-6,8-19/Dyad Videos/AVI Converted/11.avi",2227.23,59.94,Dominant,Charge,Aggressive,,POINT
134,134,763.979,"C:/Users/Biolab/Desktop/Dyad Score Log Data for Editing 1-6,8-19/Dyad Videos/AVI Converted/11.avi",2227.23,59.94,Dominant,Biting,Aggressive,,POINT
135,135,766.104,"C:/Users/Biolab/Desktop/Dyad Score Log Data for Editing 1-6,8-19/Dyad Videos/AVI Converted/11.avi",2227.23,59.94,Dominant,Charge,Aggressive,,POINT
136,136,766.104,"C:/Users/Biolab/Desktop/Dyad Score Log Data for Editing 1-6,8-19/Dyad Videos/AVI Converted/11.avi",2227.23,59.94,Dominant,Biting,Aggressive,,POINT
137,137,769.028,"C:/Users/Biolab/Desktop/Dyad Score Log Data for Editing 1-6,8-19/Dyad Videos/AVI Converted/11.avi",2227.23,59.94,Dominant,Biting,Aggressive,,POINT
138,138,774.18,"C:/Users/Biolab/Desktop/Dyad Score Log Data for Editing 1-6,8-19/Dyad Videos/AVI Converted/11.avi",2227.23,59.94,Dominant,Dig Substrate,Reproductive,,POINT
139,139,774.703,"C:/Users/Biolab/Desktop/Dyad Score Log Data for Editing 1-6,8-19/Dyad Videos/AVI Converted/11.avi",2227.23,59.94,Dominant,Dig Substrate,Reproductive,,POINT
140,140,775.753,"C:/Users/Biolab/Desktop/Dyad Score Log Data for Editing 1-6,8-19/Dyad Videos/AVI Converted/11.avi",2227.23,59.94,Dominant,Dig Substrate,Reproductive,,POINT
141,141,779.629,"C:/Users/Biolab/Desktop/Dyad Score Log Data for Editing 1-6,8-19/Dyad Videos/AVI Converted/11.avi",2227.23,59.94,Dominant,Foraging,Reproductive,,POINT
142,142,779.879,"C:/Users/Biolab/Desktop/Dyad Score Log Data for Editing 1-6,8-19/Dyad Videos/AVI Converted/11.avi",2227.23,59.94,Dominant,Foraging,Reproductive,,POINT
143,143,780.404,"C:/Users/Biolab/Desktop/Dyad Score Log Data for Editing 1-6,8-19/Dyad Videos/AVI Converted/11.avi",2227.23,59.94,Dominant,Foraging,Reproductive,,POINT
144,144,780.679,"C:/Users/Biolab/Desktop/Dyad Score Log Data for Editing 1-6,8-19/Dyad Videos/AVI Converted/11.avi",2227.23,59.94,Dominant,Foraging,Reproductive,,POINT
145,145,782.478,"C:/Users/Biolab/Desktop/Dyad Score Log Data for Editing 1-6,8-19/Dyad Videos/AVI Converted/11.avi",2227.23,59.94,Dominant,Foraging,Reproductive,,POINT
146,146,782.728,"C:/Users/Biolab/Desktop/Dyad Score Log Data for Editing 1-6,8-19/Dyad Videos/AVI Converted/11.avi",2227.23,59.94,Dominant,Foraging,Reproductive,,POINT
147,147,787.453,"C:/Users/Biolab/Desktop/Dyad Score Log Data for Editing 1-6,8-19/Dyad Videos/AVI Converted/11.avi",2227.23,59.94,Dominant,Charge,Aggressive,,POINT
148,148,792.08,"C:/Users/Biolab/Desktop/Dyad Score Log Data for Editing 1-6,8-19/Dyad Videos/AVI Converted/11.avi",2227.23,59.94,Dominant,Lead,Reproductive,,POINT
149,149,800.854,"C:/Users/Biolab/Desktop/Dyad Score Log Data for Editing 1-6,8-19/Dyad Videos/AVI Converted/11.avi",2227.23,59.94,Dominant,Dig Substrate,Reproductive,,POINT
150,150,803.729,"C:/Users/Biolab/Desktop/Dyad Score Log Data for Editing 1-6,8-19/Dyad Videos/AVI Converted/11.avi",2227.23,59.94,Dominant,Dig Substrate,Reproductive,,POINT
151,151,806.004,"C:/Users/Biolab/Desktop/Dyad Score Log Data for Editing 1-6,8-19/Dyad Videos/AVI Converted/11.avi",2227.23,59.94,Dominant,Dig Substrate,Reproductive,,POINT
152,152,807.579,"C:/Users/Biolab/Desktop/Dyad Score Log Data for Editing 1-6,8-19/Dyad Videos/AVI Converted/11.avi",2227.23,59.94,Dominant,Dig Substrate,Reproductive,,POINT
153,153,808.879,"C:/Users/Biolab/Desktop/Dyad Score Log Data for Editing 1-6,8-19/Dyad Videos/AVI Converted/11.avi",2227.23,59.94,Dominant,Dig Substrate,Reproductive,,POINT
154,154,810.179,"C:/Users/Biolab/Desktop/Dyad Score Log Data for Editing 1-6,8-19/Dyad Videos/AVI Converted/11.avi",2227.23,59.94,Dominant,Dig Substrate,Reproductive,,POINT
155,155,812.528,"C:/Users/Biolab/Desktop/Dyad Score Log Data for Editing 1-6,8-19/Dyad Videos/AVI Converted/11.avi",2227.23,59.94,Dominant,Dig Substrate,Reproductive,,POINT
156,156,813.804,"C:/Users/Biolab/Desktop/Dyad Score Log Data for Editing 1-6,8-19/Dyad Videos/AVI Converted/11.avi",2227.23,59.94,Dominant,Dig Substrate,Reproductive,,POINT
157,157,816.904,"C:/Users/Biolab/Desktop/Dyad Score Log Data for Editing 1-6,8-19/Dyad Videos/AVI Converted/11.avi",2227.23,59.94,Dominant,Pot Entry,Reproductive,,POINT
158,158,818.729,"C:/Users/Biolab/Desktop/Dyad Score Log Data for Editing 1-6,8-19/Dyad Videos/AVI Converted/11.avi",2227.23,59.94,Dominant,Pot Dig,Reproductive,,POINT
159,159,819.004,"C:/Users/Biolab/Desktop/Dyad Score Log Data for Editing 1-6,8-19/Dyad Videos/AVI Converted/11.avi",2227.23,59.94,Dominant,Pot Exit,Reproductive,,POINT
160,160,820.379,"C:/Users/Biolab/Desktop/Dyad Score Log Data for Editing 1-6,8-19/Dyad Videos/AVI Converted/11.avi",2227.23,59.94,Dominant,Lead,Reproductive,,POINT
161,161,822.304,"C:/Users/Biolab/Desktop/Dyad Score Log Data for Editing 1-6,8-19/Dyad Videos/AVI Converted/11.avi",2227.23,59.94,Dominant,Lead,Reproductive,,POINT
162,162,823.704,"C:/Users/Biolab/Desktop/Dyad Score Log Data for Editing 1-6,8-19/Dyad Videos/AVI Converted/11.avi",2227.23,59.94,Dominant,Chase,Aggressive,,POINT
163,163,841.579,"C:/Users/Biolab/Desktop/Dyad Score Log Data for Editing 1-6,8-19/Dyad Videos/AVI Converted/11.avi",2227.23,59.94,Dominant,Dig Substrate,Reproductive,,POINT
164,164,845.153,"C:/Users/Biolab/Desktop/Dyad Score Log Data for Editing 1-6,8-19/Dyad Videos/AVI Converted/11.avi",2227.23,59.94,Dominant,Chase,Aggressive,,POINT
165,165,846.654,"C:/Users/Biolab/Desktop/Dyad Score Log Data for Editing 1-6,8-19/Dyad Videos/AVI Converted/11.avi",2227.23,59.94,Dominant,Biting,Aggressive,,POINT
166,166,850.103,"C:/Users/Biolab/Desktop/Dyad Score Log Data for Editing 1-6,8-19/Dyad Videos/AVI Converted/11.avi",2227.23,59.94,Dominant,Foraging,Reproductive,,POINT
167,167,853.755,"C:/Users/Biolab/Desktop/Dyad Score Log Data for Editing 1-6,8-19/Dyad Videos/AVI Converted/11.avi",2227.23,59.94,Dominant,Foraging,Reproductive,,POINT
168,168,855.353,"C:/Users/Biolab/Desktop/Dyad Score Log Data for Editing 1-6,8-19/Dyad Videos/AVI Converted/11.avi",2227.23,59.94,Dominant,Foraging,Reproductive,,POINT
169,169,857.704,"C:/Users/Biolab/Desktop/Dyad Score Log Data for Editing 1-6,8-19/Dyad Videos/AVI Converted/11.avi",2227.23,59.94,Dominant,Foraging,Reproductive,,POINT
170,170,862.453,"C:/Users/Biolab/Desktop/Dyad Score Log Data for Editing 1-6,8-19/Dyad Videos/AVI Converted/11.avi",2227.23,59.94,Dominant,Charge,Aggressive,,POINT
171,171,870.529,"C:/Users/Biolab/Desktop/Dyad Score Log Data for Editing 1-6,8-19/Dyad Videos/AVI Converted/11.avi",2227.23,59.94,Dominant,Dig Substrate,Reproductive,,POINT
172,172,874.754,"C:/Users/Biolab/Desktop/Dyad Score Log Data for Editing 1-6,8-19/Dyad Videos/AVI Converted/11.avi",2227.23,59.94,Dominant,Foraging,Reproductive,,POINT
173,173,875.504,"C:/Users/Biolab/Desktop/Dyad Score Log Data for Editing 1-6,8-19/Dyad Videos/AVI Converted/11.avi",2227.23,59.94,Dominant,Dig Substrate,Reproductive,,POINT
174,174,878.928,"C:/Users/Biolab/Desktop/Dyad Score Log Data for Editing 1-6,8-19/Dyad Videos/AVI Converted/11.avi",2227.23,59.94,Dominant,Charge,Aggressive,,POINT
175,175,878.928,"C:/Users/Biolab/Desktop/Dyad Score Log Data for Editing 1-6,8-19/Dyad Videos/AVI Converted/11.avi",2227.23,59.94,Dominant,Biting,Aggressive,,POINT
176,176,881.554,"C:/Users/Biolab/Desktop/Dyad Score Log Data for Editing 1-6,8-19/Dyad Videos/AVI Converted/11.avi",2227.23,59.94,Dominant,Charge,Aggressive,,POINT
177,177,887.004,"C:/Users/Biolab/Desktop/Dyad Score Log Data for Editing 1-6,8-19/Dyad Videos/AVI Converted/11.avi",2227.23,59.94,Dominant,Foraging,Reproductive,,POINT
178,178,887.754,"C:/Users/Biolab/Desktop/Dyad Score Log Data for Editing 1-6,8-19/Dyad Videos/AVI Converted/11.avi",2227.23,59.94,Dominant,Foraging,Reproductive,,POINT
179,179,889.829,"C:/Users/Biolab/Desktop/Dyad Score Log Data for Editing 1-6,8-19/Dyad Videos/AVI Converted/11.avi",2227.23,59.94,Dominant,Foraging,Reproductive,,POINT
180,180,892.679,"C:/Users/Biolab/Desktop/Dyad Score Log Data for Editing 1-6,8-19/Dyad Videos/AVI Converted/11.avi",2227.23,59.94,Dominant,Foraging,Reproductive,,POINT
181,181,894.004,"C:/Users/Biolab/Desktop/Dyad Score Log Data for Editing 1-6,8-19/Dyad Videos/AVI Converted/11.avi",2227.23,59.94,Dominant,Foraging,Reproductive,,POINT
182,182,894.778,"C:/Users/Biolab/Desktop/Dyad Score Log Data for Editing 1-6,8-19/Dyad Videos/AVI Converted/11.avi",2227.23,59.94,Dominant,Foraging,Reproductive,,POINT
183,183,901.929,"C:/Users/Biolab/Desktop/Dyad Score Log Data for Editing 1-6,8-19/Dyad Videos/AVI Converted/11.avi",2227.23,59.94,Dominant,Lead,Reproductive,,POINT
184,184,902.754,"C:/Users/Biolab/Desktop/Dyad Score Log Data for Editing 1-6,8-19/Dyad Videos/AVI Converted/11.avi",2227.23,59.94,Dominant,Chase,Aggressive,,POINT
185,185,904.804,"C:/Users/Biolab/Desktop/Dyad Score Log Data for Editing 1-6,8-19/Dyad Videos/AVI Converted/11.avi",2227.23,59.94,Dominant,Charge,Aggressive,,POINT
186,186,906.928,"C:/Users/Biolab/Desktop/Dyad Score Log Data for Editing 1-6,8-19/Dyad Videos/AVI Converted/11.avi",2227.23,59.94,Dominant,Charge,Aggressive,,POINT
187,187,907.454,"C:/Users/Biolab/Desktop/Dyad Score Log Data for Editing 1-6,8-19/Dyad Videos/AVI Converted/11.avi",2227.23,59.94,Dominant,Scrape,Aggressive,,POINT
188,188,911.254,"C:/Users/Biolab/Desktop/Dyad Score Log Data for Editing 1-6,8-19/Dyad Videos/AVI Converted/11.avi",2227.23,59.94,Dominant,Foraging,Reproductive,,POINT
189,189,912.004,"C:/Users/Biolab/Desktop/Dyad Score Log Data for Editing 1-6,8-19/Dyad Videos/AVI Converted/11.avi",2227.23,59.94,Dominant,Foraging,Reproductive,,POINT
190,190,912.529,"C:/Users/Biolab/Desktop/Dyad Score Log Data for Editing 1-6,8-19/Dyad Videos/AVI Converted/11.avi",2227.23,59.94,Dominant,Foraging,Reproductive,,POINT
191,191,913.053,"C:/Users/Biolab/Desktop/Dyad Score Log Data for Editing 1-6,8-19/Dyad Videos/AVI Converted/11.avi",2227.23,59.94,Dominant,Foraging,Reproductive,,POINT
192,192,914.354,"C:/Users/Biolab/Desktop/Dyad Score Log Data for Editing 1-6,8-19/Dyad Videos/AVI Converted/11.avi",2227.23,59.94,Dominant,Foraging,Reproductive,,POINT
193,193,914.854,"C:/Users/Biolab/Desktop/Dyad Score Log Data for Editing 1-6,8-19/Dyad Videos/AVI Converted/11.avi",2227.23,59.94,Dominant,Foraging,Reproductive,,POINT
194,194,915.654,"C:/Users/Biolab/Desktop/Dyad Score Log Data for Editing 1-6,8-19/Dyad Videos/AVI Converted/11.avi",2227.23,59.94,Dominant,Foraging,Reproductive,,POINT
195,195,918.254,"C:/Users/Biolab/Desktop/Dyad Score Log Data for Editing 1-6,8-19/Dyad Videos/AVI Converted/11.avi",2227.23,59.94,Dominant,Foraging,Reproductive,,POINT
196,196,921.153,"C:/Users/Biolab/Desktop/Dyad Score Log Data for Editing 1-6,8-19/Dyad Videos/AVI Converted/11.avi",2227.23,59.94,Dominant,Charge,Aggressive,,POINT
197,197,926.979,"C:/Users/Biolab/Desktop/Dyad Score Log Data for Editing 1-6,8-19/Dyad Videos/AVI Converted/11.avi",2227.23,59.94,Dominant,Biting,Aggressive,,POINT
198,198,926.979,"C:/Users/Biolab/Desktop/Dyad Score Log Data for Editing 1-6,8-19/Dyad Videos/AVI Converted/11.avi",2227.23,59.94,Dominant,Lead,Reproductive,,POINT
199,199,932.679,"C:/Users/Biolab/Desktop/Dyad Score Log Data for Editing 1-6,8-19/Dyad Videos/AVI Converted/11.avi",2227.23,59.94,Dominant,Chase,Aggressive,,POINT
200,200,939.653,"C:/Users/Biolab/Desktop/Dyad Score Log Data for Editing 1-6,8-19/Dyad Videos/AVI Converted/11.avi",2227.23,59.94,Dominant,Foraging,Reproductive,,POINT
201,201,941.154,"C:/Users/Biolab/Desktop/Dyad Score Log Data for Editing 1-6,8-19/Dyad Videos/AVI Converted/11.avi",2227.23,59.94,Dominant,Foraging,Reproductive,,POINT
202,202,948.454,"C:/Users/Biolab/Desktop/Dyad Score Log Data for Editing 1-6,8-19/Dyad Videos/AVI Converted/11.avi",2227.23,59.94,Dominant,Chase,Aggressive,,POINT
203,203,952.804,"C:/Users/Biolab/Desktop/Dyad Score Log Data for Editing 1-6,8-19/Dyad Videos/AVI Converted/11.avi",2227.23,59.94,Dominant,Chase,Aggressive,,POINT
204,204,958.229,"C:/Users/Biolab/Desktop/Dyad Score Log Data for Editing 1-6,8-19/Dyad Videos/AVI Converted/11.avi",2227.23,59.94,Dominant,Dig Substrate,Reproductive,,POINT
205,205,959.229,"C:/Users/Biolab/Desktop/Dyad Score Log Data for Editing 1-6,8-19/Dyad Videos/AVI Converted/11.avi",2227.23,59.94,Dominant,Dig Substrate,Reproductive,,POINT
206,206,965.004,"C:/Users/Biolab/Desktop/Dyad Score Log Data for Editing 1-6,8-19/Dyad Videos/AVI Converted/11.avi",2227.23,59.94,Dominant,Chase,Aggressive,,POINT
207,207,967.029,"C:/Users/Biolab/Desktop/Dyad Score Log Data for Editing 1-6,8-19/Dyad Videos/AVI Converted/11.avi",2227.23,59.94,Dominant,Chase,Aggressive,,POINT
208,208,972.104,"C:/Users/Biolab/Desktop/Dyad Score Log Data for Editing 1-6,8-19/Dyad Videos/AVI Converted/11.avi",2227.23,59.94,Dominant,Dig Substrate,Reproductive,,POINT
209,209,975.754,"C:/Users/Biolab/Desktop/Dyad Score Log Data for Editing 1-6,8-19/Dyad Videos/AVI Converted/11.avi",2227.23,59.94,Dominant,Dig Substrate,Reproductive,,POINT
210,210,976.779,"C:/Users/Biolab/Desktop/Dyad Score Log Data for Editing 1-6,8-19/Dyad Videos/AVI Converted/11.avi",2227.23,59.94,Dominant,Dig Substrate,Reproductive,,POINT
211,211,984.654,"C:/Users/Biolab/Desktop/Dyad Score Log Data for Editing 1-6,8-19/Dyad Videos/AVI Converted/11.avi",2227.23,59.94,Dominant,Chase,Aggressive,,POINT
212,212,986.079,"C:/Users/Biolab/Desktop/Dyad Score Log Data for Editing 1-6,8-19/Dyad Videos/AVI Converted/11.avi",2227.23,59.94,Dominant,Charge,Aggressive,,POINT
213,213,988.804,"C:/Users/Biolab/Desktop/Dyad Score Log Data for Editing 1-6,8-19/Dyad Videos/AVI Converted/11.avi",2227.23,59.94,Dominant,Pot Entry,Reproductive,,POINT
214,214,990.854,"C:/Users/Biolab/Desktop/Dyad Score Log Data for Editing 1-6,8-19/Dyad Videos/AVI Converted/11.avi",2227.23,59.94,Dominant,Pot Dig,Reproductive,,POINT
215,215,993.179,"C:/Users/Biolab/Desktop/Dyad Score Log Data for Editing 1-6,8-19/Dyad Videos/AVI Converted/11.avi",2227.23,59.94,Dominant,Pot Dig,Reproductive,,POINT
216,216,993.454,"C:/Users/Biolab/Desktop/Dyad Score Log Data for Editing 1-6,8-19/Dyad Videos/AVI Converted/11.avi",2227.23,59.94,Dominant,Pot Exit,Reproductive,,POINT
217,217,998.279,"C:/Users/Biolab/Desktop/Dyad Score Log Data for Editing 1-6,8-19/Dyad Videos/AVI Converted/11.avi",2227.23,59.94,Dominant,Charge,Aggressive,,POINT
218,218,998.279,"C:/Users/Biolab/Desktop/Dyad Score Log Data for Editing 1-6,8-19/Dyad Videos/AVI Converted/11.avi",2227.23,59.94,Dominant,Scrape,Aggressive,,POINT
219,219,1000.179,"C:/Users/Biolab/Desktop/Dyad Score Log Data for Editing 1-6,8-19/Dyad Videos/AVI Converted/11.avi",2227.23,59.94,Dominant,Biting,Aggressive,,POINT
220,220,1003.704,"C:/Users/Biolab/Desktop/Dyad Score Log Data for Editing 1-6,8-19/Dyad Videos/AVI Converted/11.avi",2227.23,59.94,Dominant,Foraging,Reproductive,,POINT
221,221,1013.579,"C:/Users/Biolab/Desktop/Dyad Score Log Data for Editing 1-6,8-19/Dyad Videos/AVI Converted/11.avi",2227.23,59.94,Dominant,Biting,Aggressive,,POINT
222,222,1013.579,"C:/Users/Biolab/Desktop/Dyad Score Log Data for Editing 1-6,8-19/Dyad Videos/AVI Converted/11.avi",2227.23,59.94,Dominant,Chase,Aggressive,,POINT
223,223,1016.104,"C:/Users/Biolab/Desktop/Dyad Score Log Data for Editing 1-6,8-19/Dyad Videos/AVI Converted/11.avi",2227.23,59.94,Dominant,Chase,Aggressive,,POINT
224,224,1022.379,"C:/Users/Biolab/Desktop/Dyad Score Log Data for Editing 1-6,8-19/Dyad Videos/AVI Converted/11.avi",2227.23,59.94,Dominant,Dig Substrate,Reproductive,,POINT
225,225,1025.704,"C:/Users/Biolab/Desktop/Dyad Score Log Data for Editing 1-6,8-19/Dyad Videos/AVI Converted/11.avi",2227.23,59.94,Dominant,Dig Substrate,Reproductive,,POINT
226,226,1027.779,"C:/Users/Biolab/Desktop/Dyad Score Log Data for Editing 1-6,8-19/Dyad Videos/AVI Converted/11.avi",2227.23,59.94,Dominant,Dig Substrate,Reproductive,,POINT
227,227,1029.103,"C:/Users/Biolab/Desktop/Dyad Score Log Data for Editing 1-6,8-19/Dyad Videos/AVI Converted/11.avi",2227.23,59.94,Dominant,Dig Substrate,Reproductive,,POINT
228,228,1031.153,"C:/Users/Biolab/Desktop/Dyad Score Log Data for Editing 1-6,8-19/Dyad Videos/AVI Converted/11.avi",2227.23,59.94,Dominant,Dig Substrate,Reproductive,,POINT
229,229,1032.179,"C:/Users/Biolab/Desktop/Dyad Score Log Data for Editing 1-6,8-19/Dyad Videos/AVI Converted/11.avi",2227.23,59.94,Dominant,Dig Substrate,Reproductive,,POINT
230,230,1035.554,"C:/Users/Biolab/Desktop/Dyad Score Log Data for Editing 1-6,8-19/Dyad Videos/AVI Converted/11.avi",2227.23,59.94,Dominant,Charge,Aggressive,,POINT
231,231,1037.028,"C:/Users/Biolab/Desktop/Dyad Score Log Data for Editing 1-6,8-19/Dyad Videos/AVI Converted/11.avi",2227.23,59.94,Dominant,Chase,Aggressive,,POINT
232,232,1052.129,"C:/Users/Biolab/Desktop/Dyad Score Log Data for Editing 1-6,8-19/Dyad Videos/AVI Converted/11.avi",2227.23,59.94,Dominant,Foraging,Reproductive,,POINT
233,233,1059.704,"C:/Users/Biolab/Desktop/Dyad Score Log Data for Editing 1-6,8-19/Dyad Videos/AVI Converted/11.avi",2227.23,59.94,Dominant,Foraging,Reproductive,,POINT
234,234,1077.778,"C:/Users/Biolab/Desktop/Dyad Score Log Data for Editing 1-6,8-19/Dyad Videos/AVI Converted/11.avi",2227.23,59.94,Dominant,Foraging,Reproductive,,POINT
235,235,1083.803,"C:/Users/Biolab/Desktop/Dyad Score Log Data for Editing 1-6,8-19/Dyad Videos/AVI Converted/11.avi",2227.23,59.94,Dominant,Lead,Reproductive,,POINT
236,236,1086.679,"C:/Users/Biolab/Desktop/Dyad Score Log Data for Editing 1-6,8-19/Dyad Videos/AVI Converted/11.avi",2227.23,59.94,Dominant,Lead,Reproductive,,POINT
237,237,1090.729,"C:/Users/Biolab/Desktop/Dyad Score Log Data for Editing 1-6,8-19/Dyad Videos/AVI Converted/11.avi",2227.23,59.94,Dominant,Charge,Aggressive,,POINT
238,238,1090.729,"C:/Users/Biolab/Desktop/Dyad Score Log Data for Editing 1-6,8-19/Dyad Videos/AVI Converted/11.avi",2227.23,59.94,Dominant,Biting,Aggressive,,POINT
239,239,1094.904,"C:/Users/Biolab/Desktop/Dyad Score Log Data for Editing 1-6,8-19/Dyad Videos/AVI Converted/11.avi",2227.23,59.94,Dominant,Charge,Aggressive,,POINT
240,240,1094.904,"C:/Users/Biolab/Desktop/Dyad Score Log Data for Editing 1-6,8-19/Dyad Videos/AVI Converted/11.avi",2227.23,59.94,Dominant,Frontal Side Display,Aggressive,,POINT
241,241,1097.478,"C:/Users/Biolab/Desktop/Dyad Score Log Data for Editing 1-6,8-19/Dyad Videos/AVI Converted/11.avi",2227.23,59.94,Dominant,Chase,Aggressive,,POINT
242,242,1105.479,"C:/Users/Biolab/Desktop/Dyad Score Log Data for Editing 1-6,8-19/Dyad Videos/AVI Converted/11.avi",2227.23,59.94,Dominant,Foraging,Reproductive,,POINT
243,243,1110.729,"C:/Users/Biolab/Desktop/Dyad Score Log Data for Editing 1-6,8-19/Dyad Videos/AVI Converted/11.avi",2227.23,59.94,Dominant,Lead,Reproductive,,POINT
244,244,1123.979,"C:/Users/Biolab/Desktop/Dyad Score Log Data for Editing 1-6,8-19/Dyad Videos/AVI Converted/11.avi",2227.23,59.94,Dominant,Charge,Aggressive,,POINT
245,245,1123.979,"C:/Users/Biolab/Desktop/Dyad Score Log Data for Editing 1-6,8-19/Dyad Videos/AVI Converted/11.avi",2227.23,59.94,Dominant,Foraging,Reproductive,,POINT
246,246,1133.779,"C:/Users/Biolab/Desktop/Dyad Score Log Data for Editing 1-6,8-19/Dyad Videos/AVI Converted/11.avi",2227.23,59.94,Dominant,Foraging,Reproductive,,POINT
247,247,1134.054,"C:/Users/Biolab/Desktop/Dyad Score Log Data for Editing 1-6,8-19/Dyad Videos/AVI Converted/11.avi",2227.23,59.94,Dominant,Foraging,Reproductive,,POINT
248,248,1134.329,"C:/Users/Biolab/Desktop/Dyad Score Log Data for Editing 1-6,8-19/Dyad Videos/AVI Converted/11.avi",2227.23,59.94,Dominant,Foraging,Reproductive,,POINT
249,249,1134.829,"C:/Users/Biolab/Desktop/Dyad Score Log Data for Editing 1-6,8-19/Dyad Videos/AVI Converted/11.avi",2227.23,59.94,Dominant,Foraging,Reproductive,,POINT
250,250,1135.354,"C:/Users/Biolab/Desktop/Dyad Score Log Data for Editing 1-6,8-19/Dyad Videos/AVI Converted/11.avi",2227.23,59.94,Dominant,Foraging,Reproductive,,POINT
251,251,1135.854,"C:/Users/Biolab/Desktop/Dyad Score Log Data for Editing 1-6,8-19/Dyad Videos/AVI Converted/11.avi",2227.23,59.94,Dominant,Foraging,Reproductive,,POINT
252,252,1136.378,"C:/Users/Biolab/Desktop/Dyad Score Log Data for Editing 1-6,8-19/Dyad Videos/AVI Converted/11.avi",2227.23,59.94,Dominant,Foraging,Reproductive,,POINT
253,253,1137.129,"C:/Users/Biolab/Desktop/Dyad Score Log Data for Editing 1-6,8-19/Dyad Videos/AVI Converted/11.avi",2227.23,59.94,Dominant,Foraging,Reproductive,,POINT
254,254,1147.604,"C:/Users/Biolab/Desktop/Dyad Score Log Data for Editing 1-6,8-19/Dyad Videos/AVI Converted/11.avi",2227.23,59.94,Dominant,Chase,Aggressive,,POINT
255,255,1148.729,"C:/Users/Biolab/Desktop/Dyad Score Log Data for Editing 1-6,8-19/Dyad Videos/AVI Converted/11.avi",2227.23,59.94,Dominant,Chase,Aggressive,,POINT
256,256,1150.379,"C:/Users/Biolab/Desktop/Dyad Score Log Data for Editing 1-6,8-19/Dyad Videos/AVI Converted/11.avi",2227.23,59.94,Dominant,Chase,Aggressive,,POINT
257,257,1151.604,"C:/Users/Biolab/Desktop/Dyad Score Log Data for Editing 1-6,8-19/Dyad Videos/AVI Converted/11.avi",2227.23,59.94,Dominant,Chase,Aggressive,,POINT
258,258,1155.329,"C:/Users/Biolab/Desktop/Dyad Score Log Data for Editing 1-6,8-19/Dyad Videos/AVI Converted/11.avi",2227.23,59.94,Dominant,Chase,Aggressive,,POINT
259,259,1157.128,"C:/Users/Biolab/Desktop/Dyad Score Log Data for Editing 1-6,8-19/Dyad Videos/AVI Converted/11.avi",2227.23,59.94,Dominant,Scrape,Aggressive,,POINT
260,260,1170.354,"C:/Users/Biolab/Desktop/Dyad Score Log Data for Editing 1-6,8-19/Dyad Videos/AVI Converted/11.avi",2227.23,59.94,Dominant,Dig Substrate,Reproductive,,POINT
261,261,1174.804,"C:/Users/Biolab/Desktop/Dyad Score Log Data for Editing 1-6,8-19/Dyad Videos/AVI Converted/11.avi",2227.23,59.94,Dominant,Foraging,Reproductive,,POINT
262,262,1182.003,"C:/Users/Biolab/Desktop/Dyad Score Log Data for Editing 1-6,8-19/Dyad Videos/AVI Converted/11.avi",2227.23,59.94,Dominant,Foraging,Reproductive,,POINT
263,263,1182.779,"C:/Users/Biolab/Desktop/Dyad Score Log Data for Editing 1-6,8-19/Dyad Videos/AVI Converted/11.avi",2227.23,59.94,Dominant,Foraging,Reproductive,,POINT
264,264,1192.304,"C:/Users/Biolab/Desktop/Dyad Score Log Data for Editing 1-6,8-19/Dyad Videos/AVI Converted/11.avi",2227.23,59.94,Dominant,Chase,Aggressive,,POINT
265,265,1197.004,"C:/Users/Biolab/Desktop/Dyad Score Log Data for Editing 1-6,8-19/Dyad Videos/AVI Converted/11.avi",2227.23,59.94,Dominant,Charge,Aggressive,,POINT
266,266,1198.479,"C:/Users/Biolab/Desktop/Dyad Score Log Data for Editing 1-6,8-19/Dyad Videos/AVI Converted/11.avi",2227.23,59.94,Dominant,Biting,Aggressive,,POINT
267,267,1203.929,"C:/Users/Biolab/Desktop/Dyad Score Log Data for Editing 1-6,8-19/Dyad Videos/AVI Converted/11.avi",2227.23,59.94,Dominant,Foraging,Reproductive,,POINT
268,268,1204.453,"C:/Users/Biolab/Desktop/Dyad Score Log Data for Editing 1-6,8-19/Dyad Videos/AVI Converted/11.avi",2227.23,59.94,Dominant,Foraging,Reproductive,,POINT
269,269,1204.704,"C:/Users/Biolab/Desktop/Dyad Score Log Data for Editing 1-6,8-19/Dyad Videos/AVI Converted/11.avi",2227.23,59.94,Dominant,Foraging,Reproductive,,POINT
270,270,1205.204,"C:/Users/Biolab/Desktop/Dyad Score Log Data for Editing 1-6,8-19/Dyad Videos/AVI Converted/11.avi",2227.23,59.94,Dominant,Foraging,Reproductive,,POINT
271,271,1205.729,"C:/Users/Biolab/Desktop/Dyad Score Log Data for Editing 1-6,8-19/Dyad Videos/AVI Converted/11.avi",2227.23,59.94,Dominant,Foraging,Reproductive,,POINT
272,272,1206.229,"C:/Users/Biolab/Desktop/Dyad Score Log Data for Editing 1-6,8-19/Dyad Videos/AVI Converted/11.avi",2227.23,59.94,Dominant,Foraging,Reproductive,,POINT
273,273,1206.778,"C:/Users/Biolab/Desktop/Dyad Score Log Data for Editing 1-6,8-19/Dyad Videos/AVI Converted/11.avi",2227.23,59.94,Dominant,Foraging,Reproductive,,POINT
274,274,1208.054,"C:/Users/Biolab/Desktop/Dyad Score Log Data for Editing 1-6,8-19/Dyad Videos/AVI Converted/11.avi",2227.23,59.94,Dominant,Foraging,Reproductive,,POINT
275,275,1210.429,"C:/Users/Biolab/Desktop/Dyad Score Log Data for Editing 1-6,8-19/Dyad Videos/AVI Converted/11.avi",2227.23,59.94,Dominant,Charge,Aggressive,,POINT
276,276,1210.429,"C:/Users/Biolab/Desktop/Dyad Score Log Data for Editing 1-6,8-19/Dyad Videos/AVI Converted/11.avi",2227.23,59.94,Dominant,Frontal Side Display,Aggressive,,POINT
277,277,1214.104,"C:/Users/Biolab/Desktop/Dyad Score Log Data for Editing 1-6,8-19/Dyad Videos/AVI Converted/11.avi",2227.23,59.94,Dominant,Lead,Reproductive,,POINT
278,278,1223.404,"C:/Users/Biolab/Desktop/Dyad Score Log Data for Editing 1-6,8-19/Dyad Videos/AVI Converted/11.avi",2227.23,59.94,Dominant,Foraging,Reproductive,,POINT
279,279,1223.929,"C:/Users/Biolab/Desktop/Dyad Score Log Data for Editing 1-6,8-19/Dyad Videos/AVI Converted/11.avi",2227.23,59.94,Dominant,Foraging,Reproductive,,POINT
280,280,1224.454,"C:/Users/Biolab/Desktop/Dyad Score Log Data for Editing 1-6,8-19/Dyad Videos/AVI Converted/11.avi",2227.23,59.94,Dominant,Foraging,Reproductive,,POINT
281,281,1224.728,"C:/Users/Biolab/Desktop/Dyad Score Log Data for Editing 1-6,8-19/Dyad Videos/AVI Converted/11.avi",2227.23,59.94,Dominant,Foraging,Reproductive,,POINT
282,282,1237.254,"C:/Users/Biolab/Desktop/Dyad Score Log Data for Editing 1-6,8-19/Dyad Videos/AVI Converted/11.avi",2227.23,59.94,Dominant,Foraging,Reproductive,,POINT
283,283,1238.629,"C:/Users/Biolab/Desktop/Dyad Score Log Data for Editing 1-6,8-19/Dyad Videos/AVI Converted/11.avi",2227.23,59.94,Dominant,Foraging,Reproductive,,POINT
284,284,1241.503,"C:/Users/Biolab/Desktop/Dyad Score Log Data for Editing 1-6,8-19/Dyad Videos/AVI Converted/11.avi",2227.23,59.94,Dominant,Foraging,Reproductive,,POINT
285,285,1245.629,"C:/Users/Biolab/Desktop/Dyad Score Log Data for Editing 1-6,8-19/Dyad Videos/AVI Converted/11.avi",2227.23,59.94,Dominant,Charge,Aggressive,,POINT
286,286,1247.904,"C:/Users/Biolab/Desktop/Dyad Score Log Data for Editing 1-6,8-19/Dyad Videos/AVI Converted/11.avi",2227.23,59.94,Dominant,Foraging,Reproductive,,POINT
287,287,1249.729,"C:/Users/Biolab/Desktop/Dyad Score Log Data for Editing 1-6,8-19/Dyad Videos/AVI Converted/11.avi",2227.23,59.94,Dominant,Lead,Reproductive,,POINT
288,288,1251.428,"C:/Users/Biolab/Desktop/Dyad Score Log Data for Editing 1-6,8-19/Dyad Videos/AVI Converted/11.avi",2227.23,59.94,Dominant,Biting,Aggressive,,POINT
289,289,1253.879,"C:/Users/Biolab/Desktop/Dyad Score Log Data for Editing 1-6,8-19/Dyad Videos/AVI Converted/11.avi",2227.23,59.94,Dominant,Charge,Aggressive,,POINT
290,290,1256.978,"C:/Users/Biolab/Desktop/Dyad Score Log Data for Editing 1-6,8-19/Dyad Videos/AVI Converted/11.avi",2227.23,59.94,Dominant,Charge,Aggressive,,POINT
291,291,1265.561,"C:/Users/Biolab/Desktop/Dyad Score Log Data for Editing 1-6,8-19/Dyad Videos/AVI Converted/11.avi",2227.23,59.94,Dominant,Foraging,Reproductive,,POINT
292,292,1267.586,"C:/Users/Biolab/Desktop/Dyad Score Log Data for Editing 1-6,8-19/Dyad Videos/AVI Converted/11.avi",2227.23,59.94,Dominant,Foraging,Reproductive,,POINT
293,293,1267.836,"C:/Users/Biolab/Desktop/Dyad Score Log Data for Editing 1-6,8-19/Dyad Videos/AVI Converted/11.avi",2227.23,59.94,Dominant,Foraging,Reproductive,,POINT
294,294,1268.336,"C:/Users/Biolab/Desktop/Dyad Score Log Data for Editing 1-6,8-19/Dyad Videos/AVI Converted/11.avi",2227.23,59.94,Dominant,Foraging,Reproductive,,POINT
295,295,1268.861,"C:/Users/Biolab/Desktop/Dyad Score Log Data for Editing 1-6,8-19/Dyad Videos/AVI Converted/11.avi",2227.23,59.94,Dominant,Foraging,Reproductive,,POINT
296,296,1269.136,"C:/Users/Biolab/Desktop/Dyad Score Log Data for Editing 1-6,8-19/Dyad Videos/AVI Converted/11.avi",2227.23,59.94,Dominant,Foraging,Reproductive,,POINT
297,297,1272.236,"C:/Users/Biolab/Desktop/Dyad Score Log Data for Editing 1-6,8-19/Dyad Videos/AVI Converted/11.avi",2227.23,59.94,Dominant,Foraging,Reproductive,,POINT
298,298,1273.011,"C:/Users/Biolab/Desktop/Dyad Score Log Data for Editing 1-6,8-19/Dyad Videos/AVI Converted/11.avi",2227.23,59.94,Dominant,Foraging,Reproductive,,POINT
299,299,1273.261,"C:/Users/Biolab/Desktop/Dyad Score Log Data for Editing 1-6,8-19/Dyad Videos/AVI Converted/11.avi",2227.23,59.94,Dominant,Foraging,Reproductive,,POINT
300,300,1278.111,"C:/Users/Biolab/Desktop/Dyad Score Log Data for Editing 1-6,8-19/Dyad Videos/AVI Converted/11.avi",2227.23,59.94,Dominant,Chase,Aggressive,,POINT
301,301,1278.111,"C:/Users/Biolab/Desktop/Dyad Score Log Data for Editing 1-6,8-19/Dyad Videos/AVI Converted/11.avi",2227.23,59.94,Dominant,Scrape,Aggressive,,POINT
302,302,1279.511,"C:/Users/Biolab/Desktop/Dyad Score Log Data for Editing 1-6,8-19/Dyad Videos/AVI Converted/11.avi",2227.23,59.94,Dominant,Chase,Aggressive,,POINT
303,303,1290.836,"C:/Users/Biolab/Desktop/Dyad Score Log Data for Editing 1-6,8-19/Dyad Videos/AVI Converted/11.avi",2227.23,59.94,Dominant,Chase,Aggressive,,POINT
304,304,1299.536,"C:/Users/Biolab/Desktop/Dyad Score Log Data for Editing 1-6,8-19/Dyad Videos/AVI Converted/11.avi",2227.23,59.94,Dominant,Charge,Aggressive,,POINT
305,305,1300.361,"C:/Users/Biolab/Desktop/Dyad Score Log Data for Editing 1-6,8-19/Dyad Videos/AVI Converted/11.avi",2227.23,59.94,Dominant,Lateral Side Display,Aggressive,,POINT
306,306,1304.461,"C:/Users/Biolab/Desktop/Dyad Score Log Data for Editing 1-6,8-19/Dyad Videos/AVI Converted/11.avi",2227.23,59.94,Dominant,Charge,Aggressive,,POINT
307,307,1317.711,"C:/Users/Biolab/Desktop/Dyad Score Log Data for Editing 1-6,8-19/Dyad Videos/AVI Converted/11.avi",2227.23,59.94,Dominant,Foraging,Reproductive,,POINT
308,308,1319.086,"C:/Users/Biolab/Desktop/Dyad Score Log Data for Editing 1-6,8-19/Dyad Videos/AVI Converted/11.avi",2227.23,59.94,Dominant,Pot Entry,Reproductive,,POINT
309,309,1321.585,"C:/Users/Biolab/Desktop/Dyad Score Log Data for Editing 1-6,8-19/Dyad Videos/AVI Converted/11.avi",2227.23,59.94,Dominant,Pot Exit,Reproductive,,POINT
310,310,1324.361,"C:/Users/Biolab/Desktop/Dyad Score Log Data for Editing 1-6,8-19/Dyad Videos/AVI Converted/11.avi",2227.23,59.94,Dominant,Scrape,Aggressive,,POINT
311,311,1325.56,"C:/Users/Biolab/Desktop/Dyad Score Log Data for Editing 1-6,8-19/Dyad Videos/AVI Converted/11.avi",2227.23,59.94,Dominant,Charge,Aggressive,,POINT
312,312,1327.561,"C:/Users/Biolab/Desktop/Dyad Score Log Data for Editing 1-6,8-19/Dyad Videos/AVI Converted/11.avi",2227.23,59.94,Dominant,Charge,Aggressive,,POINT
313,313,1330.46,"C:/Users/Biolab/Desktop/Dyad Score Log Data for Editing 1-6,8-19/Dyad Videos/AVI Converted/11.avi",2227.23,59.94,Dominant,Charge,Aggressive,,POINT
314,314,1330.86,"C:/Users/Biolab/Desktop/Dyad Score Log Data for Editing 1-6,8-19/Dyad Videos/AVI Converted/11.avi",2227.23,59.94,Dominant,Scrape,Aggressive,,POINT
315,315,1339.186,"C:/Users/Biolab/Desktop/Dyad Score Log Data for Editing 1-6,8-19/Dyad Videos/AVI Converted/11.avi",2227.23,59.94,Dominant,Lead,Reproductive,,POINT
316,316,1341.011,"C:/Users/Biolab/Desktop/Dyad Score Log Data for Editing 1-6,8-19/Dyad Videos/AVI Converted/11.avi",2227.23,59.94,Dominant,Charge,Aggressive,,POINT
317,317,1343.861,"C:/Users/Biolab/Desktop/Dyad Score Log Data for Editing 1-6,8-19/Dyad Videos/AVI Converted/11.avi",2227.23,59.94,Dominant,Charge,Aggressive,,POINT
318,318,1356.987,"C:/Users/Biolab/Desktop/Dyad Score Log Data for Editing 1-6,8-19/Dyad Videos/AVI Converted/11.avi",2227.23,59.94,Dominant,Chase,Aggressive,,POINT
319,319,1361.811,"C:/Users/Biolab/Desktop/Dyad Score Log Data for Editing 1-6,8-19/Dyad Videos/AVI Converted/11.avi",2227.23,59.94,Dominant,Charge,Aggressive,,POINT
320,320,1362.336,"C:/Users/Biolab/Desktop/Dyad Score Log Data for Editing 1-6,8-19/Dyad Videos/AVI Converted/11.avi",2227.23,59.94,Dominant,Foraging,Reproductive,,POINT
321,321,1364.961,"C:/Users/Biolab/Desktop/Dyad Score Log Data for Editing 1-6,8-19/Dyad Videos/AVI Converted/11.avi",2227.23,59.94,Dominant,Dig Substrate,Reproductive,,POINT
322,322,1365.211,"C:/Users/Biolab/Desktop/Dyad Score Log Data for Editing 1-6,8-19/Dyad Videos/AVI Converted/11.avi",2227.23,59.94,Dominant,Dig Substrate,Reproductive,,POINT
323,323,1365.961,"C:/Users/Biolab/Desktop/Dyad Score Log Data for Editing 1-6,8-19/Dyad Videos/AVI Converted/11.avi",2227.23,59.94,Dominant,Dig Substrate,Reproductive,,POINT
324,324,1368.261,"C:/Users/Biolab/Desktop/Dyad Score Log Data for Editing 1-6,8-19/Dyad Videos/AVI Converted/11.avi",2227.23,59.94,Dominant,Dig Substrate,Reproductive,,POINT
325,325,1371.686,"C:/Users/Biolab/Desktop/Dyad Score Log Data for Editing 1-6,8-19/Dyad Videos/AVI Converted/11.avi",2227.23,59.94,Dominant,Pot Entry,Reproductive,,POINT
326,326,1373.711,"C:/Users/Biolab/Desktop/Dyad Score Log Data for Editing 1-6,8-19/Dyad Videos/AVI Converted/11.avi",2227.23,59.94,Dominant,Pot Dig,Reproductive,,POINT
327,327,1375.31,"C:/Users/Biolab/Desktop/Dyad Score Log Data for Editing 1-6,8-19/Dyad Videos/AVI Converted/11.avi",2227.23,59.94,Dominant,Pot Dig,Reproductive,,POINT
328,328,1380.335,"C:/Users/Biolab/Desktop/Dyad Score Log Data for Editing 1-6,8-19/Dyad Videos/AVI Converted/11.avi",2227.23,59.94,Dominant,Pot Exit,Reproductive,,POINT
329,329,1382.036,"C:/Users/Biolab/Desktop/Dyad Score Log Data for Editing 1-6,8-19/Dyad Videos/AVI Converted/11.avi",2227.23,59.94,Dominant,Pot Entry,Reproductive,,POINT
330,330,1383.836,"C:/Users/Biolab/Desktop/Dyad Score Log Data for Editing 1-6,8-19/Dyad Videos/AVI Converted/11.avi",2227.23,59.94,Dominant,Pot Dig,Reproductive,,POINT
331,331,1388.211,"C:/Users/Biolab/Desktop/Dyad Score Log Data for Editing 1-6,8-19/Dyad Videos/AVI Converted/11.avi",2227.23,59.94,Dominant,Pot Exit,Reproductive,,POINT
332,332,1390.185,"C:/Users/Biolab/Desktop/Dyad Score Log Data for Editing 1-6,8-19/Dyad Videos/AVI Converted/11.avi",2227.23,59.94,Dominant,Charge,Aggressive,,POINT
333,333,1391.286,"C:/Users/Biolab/Desktop/Dyad Score Log Data for Editing 1-6,8-19/Dyad Videos/AVI Converted/11.avi",2227.23,59.94,Dominant,Scrape,Aggressive,,POINT
334,334,1398.411,"C:/Users/Biolab/Desktop/Dyad Score Log Data for Editing 1-6,8-19/Dyad Videos/AVI Converted/11.avi",2227.23,59.94,Dominant,Charge,Aggressive,,POINT
335,335,1403.561,"C:/Users/Biolab/Desktop/Dyad Score Log Data for Editing 1-6,8-19/Dyad Videos/AVI Converted/11.avi",2227.23,59.94,Dominant,Charge,Aggressive,,POINT
336,336,1403.561,"C:/Users/Biolab/Desktop/Dyad Score Log Data for Editing 1-6,8-19/Dyad Videos/AVI Converted/11.avi",2227.23,59.94,Dominant,Biting,Aggressive,,POINT
337,337,1420.086,"C:/Users/Biolab/Desktop/Dyad Score Log Data for Editing 1-6,8-19/Dyad Videos/AVI Converted/11.avi",2227.23,59.94,Dominant,Charge,Aggressive,,POINT
338,338,1420.086,"C:/Users/Biolab/Desktop/Dyad Score Log Data for Editing 1-6,8-19/Dyad Videos/AVI Converted/11.avi",2227.23,59.94,Dominant,Border Fight,Aggressive,,POINT
339,339,1420.086,"C:/Users/Biolab/Desktop/Dyad Score Log Data for Editing 1-6,8-19/Dyad Videos/AVI Converted/11.avi",2227.23,59.94,Dominant,Scrape,Aggressive,,POINT
340,340,1433.835,"C:/Users/Biolab/Desktop/Dyad Score Log Data for Editing 1-6,8-19/Dyad Videos/AVI Converted/11.avi",2227.23,59.94,Dominant,Chase,Aggressive,,POINT
341,341,1435.186,"C:/Users/Biolab/Desktop/Dyad Score Log Data for Editing 1-6,8-19/Dyad Videos/AVI Converted/11.avi",2227.23,59.94,Dominant,Charge,Aggressive,,POINT
342,342,1435.186,"C:/Users/Biolab/Desktop/Dyad Score Log Data for Editing 1-6,8-19/Dyad Videos/AVI Converted/11.avi",2227.23,59.94,Dominant,Biting,Aggressive,,POINT
343,343,1437.611,"C:/Users/Biolab/Desktop/Dyad Score Log Data for Editing 1-6,8-19/Dyad Videos/AVI Converted/11.avi",2227.23,59.94,Dominant,Biting,Aggressive,,POINT
344,344,1437.611,"C:/Users/Biolab/Desktop/Dyad Score Log Data for Editing 1-6,8-19/Dyad Videos/AVI Converted/11.avi",2227.23,59.94,Dominant,Chase,Aggressive,,POINT
345,345,1439.661,"C:/Users/Biolab/Desktop/Dyad Score Log Data for Editing 1-6,8-19/Dyad Videos/AVI Converted/11.avi",2227.23,59.94,Dominant,Chase,Aggressive,,POINT
346,346,1467.446,"C:/Users/Biolab/Desktop/Dyad Score Log Data for Editing 1-6,8-19/Dyad Videos/AVI Converted/11.avi",2227.23,59.94,Dominant,Charge,Aggressive,,POINT
347,347,1471.596,"C:/Users/Biolab/Desktop/Dyad Score Log Data for Editing 1-6,8-19/Dyad Videos/AVI Converted/11.avi",2227.23,59.94,Dominant,Charge,Aggressive,,POINT
348,348,1473.396,"C:/Users/Biolab/Desktop/Dyad Score Log Data for Editing 1-6,8-19/Dyad Videos/AVI Converted/11.avi",2227.23,59.94,Dominant,Charge,Aggressive,,POINT
349,349,1476.445,"C:/Users/Biolab/Desktop/Dyad Score Log Data for Editing 1-6,8-19/Dyad Videos/AVI Converted/11.avi",2227.23,59.94,Dominant,Pot Entry,Reproductive,,POINT
350,350,1478.396,"C:/Users/Biolab/Desktop/Dyad Score Log Data for Editing 1-6,8-19/Dyad Videos/AVI Converted/11.avi",2227.23,59.94,Dominant,Pot Dig,Reproductive,,POINT
351,351,1480.771,"C:/Users/Biolab/Desktop/Dyad Score Log Data for Editing 1-6,8-19/Dyad Videos/AVI Converted/11.avi",2227.23,59.94,Dominant,Pot Exit,Reproductive,,POINT
352,352,1482.145,"C:/Users/Biolab/Desktop/Dyad Score Log Data for Editing 1-6,8-19/Dyad Videos/AVI Converted/11.avi",2227.23,59.94,Dominant,Charge,Aggressive,,POINT
353,353,1482.145,"C:/Users/Biolab/Desktop/Dyad Score Log Data for Editing 1-6,8-19/Dyad Videos/AVI Converted/11.avi",2227.23,59.94,Dominant,Biting,Aggressive,,POINT
354,354,1491.12,"C:/Users/Biolab/Desktop/Dyad Score Log Data for Editing 1-6,8-19/Dyad Videos/AVI Converted/11.avi",2227.23,59.94,Dominant,Charge,Aggressive,,POINT
355,355,1498.745,"C:/Users/Biolab/Desktop/Dyad Score Log Data for Editing 1-6,8-19/Dyad Videos/AVI Converted/11.avi",2227.23,59.94,Dominant,Charge,Aggressive,,POINT
356,356,1502.096,"C:/Users/Biolab/Desktop/Dyad Score Log Data for Editing 1-6,8-19/Dyad Videos/AVI Converted/11.avi",2227.23,59.94,Dominant,Lead,Reproductive,,POINT
357,357,1512.52,"C:/Users/Biolab/Desktop/Dyad Score Log Data for Editing 1-6,8-19/Dyad Videos/AVI Converted/11.avi",2227.23,59.94,Dominant,Charge,Aggressive,,POINT
358,358,1524.696,"C:/Users/Biolab/Desktop/Dyad Score Log Data for Editing 1-6,8-19/Dyad Videos/AVI Converted/11.avi",2227.23,59.94,Dominant,Chase,Aggressive,,POINT
359,359,1527.046,"C:/Users/Biolab/Desktop/Dyad Score Log Data for Editing 1-6,8-19/Dyad Videos/AVI Converted/11.avi",2227.23,59.94,Dominant,Border Fight,Aggressive,,POINT
360,360,1527.221,"C:/Users/Biolab/Desktop/Dyad Score Log Data for Editing 1-6,8-19/Dyad Videos/AVI Converted/11.avi",2227.23,59.94,Dominant,Chase,Aggressive,,POINT
361,361,1528.77,"C:/Users/Biolab/Desktop/Dyad Score Log Data for Editing 1-6,8-19/Dyad Videos/AVI Converted/11.avi",2227.23,59.94,Dominant,Chase,Aggressive,,POINT
362,362,1538.546,"C:/Users/Biolab/Desktop/Dyad Score Log Data for Editing 1-6,8-19/Dyad Videos/AVI Converted/11.avi",2227.23,59.94,Dominant,Foraging,Reproductive,,POINT
363,363,1550.321,"C:/Users/Biolab/Desktop/Dyad Score Log Data for Editing 1-6,8-19/Dyad Videos/AVI Converted/11.avi",2227.23,59.94,Dominant,Charge,Aggressive,,POINT
364,364,1553.146,"C:/Users/Biolab/Desktop/Dyad Score Log Data for Editing 1-6,8-19/Dyad Videos/AVI Converted/11.avi",2227.23,59.94,Dominant,Biting,Aggressive,,POINT
365,365,1553.646,"C:/Users/Biolab/Desktop/Dyad Score Log Data for Editing 1-6,8-19/Dyad Videos/AVI Converted/11.avi",2227.23,59.94,Dominant,Biting,Aggressive,,POINT
366,366,1558.746,"C:/Users/Biolab/Desktop/Dyad Score Log Data for Editing 1-6,8-19/Dyad Videos/AVI Converted/11.avi",2227.23,59.94,Dominant,Charge,Aggressive,,POINT
367,367,1565.221,"C:/Users/Biolab/Desktop/Dyad Score Log Data for Editing 1-6,8-19/Dyad Videos/AVI Converted/11.avi",2227.23,59.94,Dominant,Charge,Aggressive,,POINT
368,368,1565.221,"C:/Users/Biolab/Desktop/Dyad Score Log Data for Editing 1-6,8-19/Dyad Videos/AVI Converted/11.avi",2227.23,59.94,Dominant,Biting,Aggressive,,POINT
369,369,1568.67,"C:/Users/Biolab/Desktop/Dyad Score Log Data for Editing 1-6,8-19/Dyad Videos/AVI Converted/11.avi",2227.23,59.94,Dominant,Scrape,Aggressive,,POINT
370,370,1573.095,"C:/Users/Biolab/Desktop/Dyad Score Log Data for Editing 1-6,8-19/Dyad Videos/AVI Converted/11.avi",2227.23,59.94,Dominant,Chase,Aggressive,,POINT
371,371,1574.721,"C:/Users/Biolab/Desktop/Dyad Score Log Data for Editing 1-6,8-19/Dyad Videos/AVI Converted/11.avi",2227.23,59.94,Dominant,Chase,Aggressive,,POINT
372,372,1575.996,"C:/Users/Biolab/Desktop/Dyad Score Log Data for Editing 1-6,8-19/Dyad Videos/AVI Converted/11.avi",2227.23,59.94,Dominant,Chase,Aggressive,,POINT
373,373,1576.82,"C:/Users/Biolab/Desktop/Dyad Score Log Data for Editing 1-6,8-19/Dyad Videos/AVI Converted/11.avi",2227.23,59.94,Dominant,Biting,Aggressive,,POINT
374,374,1581.821,"C:/Users/Biolab/Desktop/Dyad Score Log Data for Editing 1-6,8-19/Dyad Videos/AVI Converted/11.avi",2227.23,59.94,Dominant,Chase,Aggressive,,POINT
375,375,1592.521,"C:/Users/Biolab/Desktop/Dyad Score Log Data for Editing 1-6,8-19/Dyad Videos/AVI Converted/11.avi",2227.23,59.94,Dominant,Charge,Aggressive,,POINT
376,376,1592.521,"C:/Users/Biolab/Desktop/Dyad Score Log Data for Editing 1-6,8-19/Dyad Videos/AVI Converted/11.avi",2227.23,59.94,Dominant,Lateral Side Display,Aggressive,,POINT
377,377,1592.871,"C:/Users/Biolab/Desktop/Dyad Score Log Data for Editing 1-6,8-19/Dyad Videos/AVI Converted/11.avi",2227.23,59.94,Dominant,Biting,Aggressive,,POINT
378,378,1592.871,"C:/Users/Biolab/Desktop/Dyad Score Log Data for Editing 1-6,8-19/Dyad Videos/AVI Converted/11.avi",2227.23,59.94,Dominant,Scrape,Aggressive,,POINT
379,379,1594.571,"C:/Users/Biolab/Desktop/Dyad Score Log Data for Editing 1-6,8-19/Dyad Videos/AVI Converted/11.avi",2227.23,59.94,Dominant,Charge,Aggressive,,POINT
380,380,1596.396,"C:/Users/Biolab/Desktop/Dyad Score Log Data for Editing 1-6,8-19/Dyad Videos/AVI Converted/11.avi",2227.23,59.94,Dominant,Chase,Aggressive,,POINT
381,381,1601.57,"C:/Users/Biolab/Desktop/Dyad Score Log Data for Editing 1-6,8-19/Dyad Videos/AVI Converted/11.avi",2227.23,59.94,Dominant,Charge,Aggressive,,POINT
382,382,1610.972,"C:/Users/Biolab/Desktop/Dyad Score Log Data for Editing 1-6,8-19/Dyad Videos/AVI Converted/11.avi",2227.23,59.94,Dominant,Pot Exit,Reproductive,,POINT
383,383,1611.096,"C:/Users/Biolab/Desktop/Dyad Score Log Data for Editing 1-6,8-19/Dyad Videos/AVI Converted/11.avi",2227.23,59.94,Dominant,Pot Entry,Reproductive,,POINT
384,384,1611.997,"C:/Users/Biolab/Desktop/Dyad Score Log Data for Editing 1-6,8-19/Dyad Videos/AVI Converted/11.avi",2227.23,59.94,Dominant,Charge,Aggressive,,POINT
385,385,1614.072,"C:/Users/Biolab/Desktop/Dyad Score Log Data for Editing 1-6,8-19/Dyad Videos/AVI Converted/11.avi",2227.23,59.94,Dominant,Chase,Aggressive,,POINT
386,386,1615.822,"C:/Users/Biolab/Desktop/Dyad Score Log Data for Editing 1-6,8-19/Dyad Videos/AVI Converted/11.avi",2227.23,59.94,Dominant,Chase,Aggressive,,POINT
387,387,1629.372,"C:/Users/Biolab/Desktop/Dyad Score Log Data for Editing 1-6,8-19/Dyad Videos/AVI Converted/11.avi",2227.23,59.94,Dominant,Chase,Aggressive,,POINT
388,388,1638.896,"C:/Users/Biolab/Desktop/Dyad Score Log Data for Editing 1-6,8-19/Dyad Videos/AVI Converted/11.avi",2227.23,59.94,Dominant,Foraging,Reproductive,,POINT
389,389,1640.947,"C:/Users/Biolab/Desktop/Dyad Score Log Data for Editing 1-6,8-19/Dyad Videos/AVI Converted/11.avi",2227.23,59.94,Dominant,Dig Substrate,Reproductive,,POINT
390,390,1647.097,"C:/Users/Biolab/Desktop/Dyad Score Log Data for Editing 1-6,8-19/Dyad Videos/AVI Converted/11.avi",2227.23,59.94,Dominant,Foraging,Reproductive,,POINT
391,391,1648.122,"C:/Users/Biolab/Desktop/Dyad Score Log Data for Editing 1-6,8-19/Dyad Videos/AVI Converted/11.avi",2227.23,59.94,Dominant,Foraging,Reproductive,,POINT
392,392,1650.246,"C:/Users/Biolab/Desktop/Dyad Score Log Data for Editing 1-6,8-19/Dyad Videos/AVI Converted/11.avi",2227.23,59.94,Dominant,Foraging,Reproductive,,POINT
393,393,1652.322,"C:/Users/Biolab/Desktop/Dyad Score Log Data for Editing 1-6,8-19/Dyad Videos/AVI Converted/11.avi",2227.23,59.94,Dominant,Dig Substrate,Reproductive,,POINT
394,394,1659.946,"C:/Users/Biolab/Desktop/Dyad Score Log Data for Editing 1-6,8-19/Dyad Videos/AVI Converted/11.avi",2227.23,59.94,Dominant,Chase,Aggressive,,POINT
395,395,1666.572,"C:/Users/Biolab/Desktop/Dyad Score Log Data for Editing 1-6,8-19/Dyad Videos/AVI Converted/11.avi",2227.23,59.94,Dominant,Pot Entry,Reproductive,,POINT
396,396,1668.147,"C:/Users/Biolab/Desktop/Dyad Score Log Data for Editing 1-6,8-19/Dyad Videos/AVI Converted/11.avi",2227.23,59.94,Dominant,Pot Dig,Reproductive,,POINT
397,397,1672.771,"C:/Users/Biolab/Desktop/Dyad Score Log Data for Editing 1-6,8-19/Dyad Videos/AVI Converted/11.avi",2227.23,59.94,Dominant,Pot Exit,Reproductive,,POINT
398,398,1678.222,"C:/Users/Biolab/Desktop/Dyad Score Log Data for Editing 1-6,8-19/Dyad Videos/AVI Converted/11.avi",2227.23,59.94,Dominant,Dig Substrate,Reproductive,,POINT
399,399,1682.272,"C:/Users/Biolab/Desktop/Dyad Score Log Data for Editing 1-6,8-19/Dyad Videos/AVI Converted/11.avi",2227.23,59.94,Dominant,Chase,Aggressive,,POINT
400,400,1685.297,"C:/Users/Biolab/Desktop/Dyad Score Log Data for Editing 1-6,8-19/Dyad Videos/AVI Converted/11.avi",2227.23,59.94,Dominant,Charge,Aggressive,,POINT
401,401,1686.897,"C:/Users/Biolab/Desktop/Dyad Score Log Data for Editing 1-6,8-19/Dyad Videos/AVI Converted/11.avi",2227.23,59.94,Dominant,Biting,Aggressive,,POINT
402,402,1689.822,"C:/Users/Biolab/Desktop/Dyad Score Log Data for Editing 1-6,8-19/Dyad Videos/AVI Converted/11.avi",2227.23,59.94,Dominant,Charge,Aggressive,,POINT
403,403,1689.822,"C:/Users/Biolab/Desktop/Dyad Score Log Data for Editing 1-6,8-19/Dyad Videos/AVI Converted/11.avi",2227.23,59.94,Dominant,Biting,Aggressive,,POINT
404,404,1696.406,"C:/Users/Biolab/Desktop/Dyad Score Log Data for Editing 1-6,8-19/Dyad Videos/AVI Converted/11.avi",2227.23,59.94,Dominant,Lead,Reproductive,,POINT
405,405,1697.781,"C:/Users/Biolab/Desktop/Dyad Score Log Data for Editing 1-6,8-19/Dyad Videos/AVI Converted/11.avi",2227.23,59.94,Dominant,Foraging,Reproductive,,POINT
406,406,1706.681,"C:/Users/Biolab/Desktop/Dyad Score Log Data for Editing 1-6,8-19/Dyad Videos/AVI Converted/11.avi",2227.23,59.94,Dominant,Foraging,Reproductive,,POINT
407,407,1707.206,"C:/Users/Biolab/Desktop/Dyad Score Log Data for Editing 1-6,8-19/Dyad Videos/AVI Converted/11.avi",2227.23,59.94,Dominant,Foraging,Reproductive,,POINT
408,408,1719.255,"C:/Users/Biolab/Desktop/Dyad Score Log Data for Editing 1-6,8-19/Dyad Videos/AVI Converted/11.avi",2227.23,59.94,Dominant,Chase,Aggressive,,POINT
409,409,1721.831,"C:/Users/Biolab/Desktop/Dyad Score Log Data for Editing 1-6,8-19/Dyad Videos/AVI Converted/11.avi",2227.23,59.94,Dominant,Chase,Aggressive,,POINT
410,410,1733.405,"C:/Users/Biolab/Desktop/Dyad Score Log Data for Editing 1-6,8-19/Dyad Videos/AVI Converted/11.avi",2227.23,59.94,Dominant,Charge,Aggressive,,POINT
411,411,1735.355,"C:/Users/Biolab/Desktop/Dyad Score Log Data for Editing 1-6,8-19/Dyad Videos/AVI Converted/11.avi",2227.23,59.94,Dominant,Biting,Aggressive,,POINT
412,412,1739.43,"C:/Users/Biolab/Desktop/Dyad Score Log Data for Editing 1-6,8-19/Dyad Videos/AVI Converted/11.avi",2227.23,59.94,Dominant,Lateral Side Display,Aggressive,,POINT
413,413,1752.881,"C:/Users/Biolab/Desktop/Dyad Score Log Data for Editing 1-6,8-19/Dyad Videos/AVI Converted/11.avi",2227.23,59.94,Dominant,Foraging,Reproductive,,POINT
414,414,1755.056,"C:/Users/Biolab/Desktop/Dyad Score Log Data for Editing 1-6,8-19/Dyad Videos/AVI Converted/11.avi",2227.23,59.94,Dominant,Foraging,Reproductive,,POINT
415,415,1756.581,"C:/Users/Biolab/Desktop/Dyad Score Log Data for Editing 1-6,8-19/Dyad Videos/AVI Converted/11.avi",2227.23,59.94,Dominant,Foraging,Reproductive,,POINT
416,416,1759.78,"C:/Users/Biolab/Desktop/Dyad Score Log Data for Editing 1-6,8-19/Dyad Videos/AVI Converted/11.avi",2227.23,59.94,Dominant,Foraging,Reproductive,,POINT
417,417,1760.28,"C:/Users/Biolab/Desktop/Dyad Score Log Data for Editing 1-6,8-19/Dyad Videos/AVI Converted/11.avi",2227.23,59.94,Dominant,Foraging,Reproductive,,POINT
418,418,1764.731,"C:/Users/Biolab/Desktop/Dyad Score Log Data for Editing 1-6,8-19/Dyad Videos/AVI Converted/11.avi",2227.23,59.94,Dominant,Charge,Aggressive,,POINT
419,419,1779.905,"C:/Users/Biolab/Desktop/Dyad Score Log Data for Editing 1-6,8-19/Dyad Videos/AVI Converted/11.avi",2227.23,59.94,Dominant,Chase,Aggressive,,POINT
420,420,1780.856,"C:/Users/Biolab/Desktop/Dyad Score Log Data for Editing 1-6,8-19/Dyad Videos/AVI Converted/11.avi",2227.23,59.94,Dominant,Biting,Aggressive,,POINT
421,421,1797.281,"C:/Users/Biolab/Desktop/Dyad Score Log Data for Editing 1-6,8-19/Dyad Videos/AVI Converted/11.avi",2227.23,59.94,Dominant,Dig Substrate,Reproductive,,POINT
422,422,1801.405,"C:/Users/Biolab/Desktop/Dyad Score Log Data for Editing 1-6,8-19/Dyad Videos/AVI Converted/11.avi",2227.23,59.94,Dominant,Charge,Aggressive,,POINT
423,423,1823.456,"C:/Users/Biolab/Desktop/Dyad Score Log Data for Editing 1-6,8-19/Dyad Videos/AVI Converted/11.avi",2227.23,59.94,Dominant,Chase,Aggressive,,POINT
424,424,1824.506,"C:/Users/Biolab/Desktop/Dyad Score Log Data for Editing 1-6,8-19/Dyad Videos/AVI Converted/11.avi",2227.23,59.94,Dominant,Chase,Aggressive,,POINT
425,425,1824.756,"C:/Users/Biolab/Desktop/Dyad Score Log Data for Editing 1-6,8-19/Dyad Videos/AVI Converted/11.avi",2227.23,59.94,Dominant,Scrape,Aggressive,,POINT
426,426,1831.031,"C:/Users/Biolab/Desktop/Dyad Score Log Data for Editing 1-6,8-19/Dyad Videos/AVI Converted/11.avi",2227.23,59.94,Dominant,Charge,Aggressive,,POINT
427,427,1837.48,"C:/Users/Biolab/Desktop/Dyad Score Log Data for Editing 1-6,8-19/Dyad Videos/AVI Converted/11.avi",2227.23,59.94,Dominant,Charge,Aggressive,,POINT
428,428,1839.656,"C:/Users/Biolab/Desktop/Dyad Score Log Data for Editing 1-6,8-19/Dyad Videos/AVI Converted/11.avi",2227.23,59.94,Dominant,Lead,Reproductive,,POINT
429,429,1842.805,"C:/Users/Biolab/Desktop/Dyad Score Log Data for Editing 1-6,8-19/Dyad Videos/AVI Converted/11.avi",2227.23,59.94,Dominant,Dig Substrate,Reproductive,,POINT
430,430,1844.055,"C:/Users/Biolab/Desktop/Dyad Score Log Data for Editing 1-6,8-19/Dyad Videos/AVI Converted/11.avi",2227.23,59.94,Dominant,Dig Substrate,Reproductive,,POINT
431,431,1848.48,"C:/Users/Biolab/Desktop/Dyad Score Log Data for Editing 1-6,8-19/Dyad Videos/AVI Converted/11.avi",2227.23,59.94,Dominant,Chase,Aggressive,,POINT
432,432,1849.806,"C:/Users/Biolab/Desktop/Dyad Score Log Data for Editing 1-6,8-19/Dyad Videos/AVI Converted/11.avi",2227.23,59.94,Dominant,Biting,Aggressive,,POINT
433,433,1852.255,"C:/Users/Biolab/Desktop/Dyad Score Log Data for Editing 1-6,8-19/Dyad Videos/AVI Converted/11.avi",2227.23,59.94,Dominant,Pot Entry,Reproductive,,POINT
434,434,1858.756,"C:/Users/Biolab/Desktop/Dyad Score Log Data for Editing 1-6,8-19/Dyad Videos/AVI Converted/11.avi",2227.23,59.94,Dominant,Pot Dig,Reproductive,,POINT
435,435,1859.531,"C:/Users/Biolab/Desktop/Dyad Score Log Data for Editing 1-6,8-19/Dyad Videos/AVI Converted/11.avi",2227.23,59.94,Dominant,Pot Exit,Reproductive,,POINT
436,436,1860.405,"C:/Users/Biolab/Desktop/Dyad Score Log Data for Editing 1-6,8-19/Dyad Videos/AVI Converted/11.avi",2227.23,59.94,Dominant,Biting,Aggressive,,POINT
437,437,1861.08,"C:/Users/Biolab/Desktop/Dyad Score Log Data for Editing 1-6,8-19/Dyad Videos/AVI Converted/11.avi",2227.23,59.94,Dominant,Chase,Aggressive,,POINT
438,438,1862.155,"C:/Users/Biolab/Desktop/Dyad Score Log Data for Editing 1-6,8-19/Dyad Videos/AVI Converted/11.avi",2227.23,59.94,Dominant,Biting,Aggressive,,POINT
439,439,1862.155,"C:/Users/Biolab/Desktop/Dyad Score Log Data for Editing 1-6,8-19/Dyad Videos/AVI Converted/11.avi",2227.23,59.94,Dominant,Chase,Aggressive,,POINT
440,440,1868.58,"C:/Users/Biolab/Desktop/Dyad Score Log Data for Editing 1-6,8-19/Dyad Videos/AVI Converted/11.avi",2227.23,59.94,Dominant,Chase,Aggressive,,POINT
441,441,1869.655,"C:/Users/Biolab/Desktop/Dyad Score Log Data for Editing 1-6,8-19/Dyad Videos/AVI Converted/11.avi",2227.23,59.94,Dominant,Charge,Aggressive,,POINT
442,442,1869.655,"C:/Users/Biolab/Desktop/Dyad Score Log Data for Editing 1-6,8-19/Dyad Videos/AVI Converted/11.avi",2227.23,59.94,Dominant,Scrape,Aggressive,,POINT
443,443,1872.206,"C:/Users/Biolab/Desktop/Dyad Score Log Data for Editing 1-6,8-19/Dyad Videos/AVI Converted/11.avi",2227.23,59.94,Dominant,Chase,Aggressive,,POINT
444,444,1882.356,"C:/Users/Biolab/Desktop/Dyad Score Log Data for Editing 1-6,8-19/Dyad Videos/AVI Converted/11.avi",2227.23,59.94,Dominant,Biting,Aggressive,,POINT
445,445,1882.556,"C:/Users/Biolab/Desktop/Dyad Score Log Data for Editing 1-6,8-19/Dyad Videos/AVI Converted/11.avi",2227.23,59.94,Dominant,Foraging,Reproductive,,POINT
446,446,1887.481,"C:/Users/Biolab/Desktop/Dyad Score Log Data for Editing 1-6,8-19/Dyad Videos/AVI Converted/11.avi",2227.23,59.94,Dominant,Charge,Aggressive,,POINT
447,447,1887.481,"C:/Users/Biolab/Desktop/Dyad Score Log Data for Editing 1-6,8-19/Dyad Videos/AVI Converted/11.avi",2227.23,59.94,Dominant,Biting,Aggressive,,POINT
448,448,1899.781,"C:/Users/Biolab/Desktop/Dyad Score Log Data for Editing 1-6,8-19/Dyad Videos/AVI Converted/11.avi",2227.23,59.94,Dominant,Dig Substrate,Reproductive,,POINT
449,449,1903.431,"C:/Users/Biolab/Desktop/Dyad Score Log Data for Editing 1-6,8-19/Dyad Videos/AVI Converted/11.avi",2227.23,59.94,Dominant,Charge,Aggressive,,POINT
450,450,1905.356,"C:/Users/Biolab/Desktop/Dyad Score Log Data for Editing 1-6,8-19/Dyad Videos/AVI Converted/11.avi",2227.23,59.94,Dominant,Charge,Aggressive,,POINT
451,451,1907.406,"C:/Users/Biolab/Desktop/Dyad Score Log Data for Editing 1-6,8-19/Dyad Videos/AVI Converted/11.avi",2227.23,59.94,Dominant,Chase,Aggressive,,POINT
452,452,1911.206,"C:/Users/Biolab/Desktop/Dyad Score Log Data for Editing 1-6,8-19/Dyad Videos/AVI Converted/11.avi",2227.23,59.94,Dominant,Biting,Aggressive,,POINT
453,453,1912.78,"C:/Users/Biolab/Desktop/Dyad Score Log Data for Editing 1-6,8-19/Dyad Videos/AVI Converted/11.avi",2227.23,59.94,Dominant,Biting,Aggressive,,POINT
454,454,1913.806,"C:/Users/Biolab/Desktop/Dyad Score Log Data for Editing 1-6,8-19/Dyad Videos/AVI Converted/11.avi",2227.23,59.94,Dominant,Biting,Aggressive,,POINT
455,455,1918.131,"C:/Users/Biolab/Desktop/Dyad Score Log Data for Editing 1-6,8-19/Dyad Videos/AVI Converted/11.avi",2227.23,59.94,Dominant,Chase,Aggressive,,POINT
456,456,1926.456,"C:/Users/Biolab/Desktop/Dyad Score Log Data for Editing 1-6,8-19/Dyad Videos/AVI Converted/11.avi",2227.23,59.94,Dominant,Chase,Aggressive,,POINT
457,457,1928.405,"C:/Users/Biolab/Desktop/Dyad Score Log Data for Editing 1-6,8-19/Dyad Videos/AVI Converted/11.avi",2227.23,59.94,Dominant,Biting,Aggressive,,POINT
458,458,1928.405,"C:/Users/Biolab/Desktop/Dyad Score Log Data for Editing 1-6,8-19/Dyad Videos/AVI Converted/11.avi",2227.23,59.94,Dominant,Chase,Aggressive,,POINT
459,459,1952.531,"C:/Users/Biolab/Desktop/Dyad Score Log Data for Editing 1-6,8-19/Dyad Videos/AVI Converted/11.avi",2227.23,59.94,Dominant,Lead,Reproductive,,POINT
460,460,1958.23,"C:/Users/Biolab/Desktop/Dyad Score Log Data for Editing 1-6,8-19/Dyad Videos/AVI Converted/11.avi",2227.23,59.94,Dominant,Dig Substrate,Reproductive,,POINT
461,461,1959.48,"C:/Users/Biolab/Desktop/Dyad Score Log Data for Editing 1-6,8-19/Dyad Videos/AVI Converted/11.avi",2227.23,59.94,Dominant,Dig Substrate,Reproductive,,POINT
462,462,1961.531,"C:/Users/Biolab/Desktop/Dyad Score Log Data for Editing 1-6,8-19/Dyad Videos/AVI Converted/11.avi",2227.23,59.94,Dominant,Dig Substrate,Reproductive,,POINT
463,463,1966.456,"C:/Users/Biolab/Desktop/Dyad Score Log Data for Editing 1-6,8-19/Dyad Videos/AVI Converted/11.avi",2227.23,59.94,Dominant,Chase,Aggressive,,POINT
464,464,1967.456,"C:/Users/Biolab/Desktop/Dyad Score Log Data for Editing 1-6,8-19/Dyad Videos/AVI Converted/11.avi",2227.23,59.94,Dominant,Chase,Aggressive,,POINT
465,465,1970.856,"C:/Users/Biolab/Desktop/Dyad Score Log Data for Editing 1-6,8-19/Dyad Videos/AVI Converted/11.avi",2227.23,59.94,Dominant,Lead,Reproductive,,POINT
466,466,1975.856,"C:/Users/Biolab/Desktop/Dyad Score Log Data for Editing 1-6,8-19/Dyad Videos/AVI Converted/11.avi",2227.23,59.94,Dominant,Charge,Aggressive,,POINT
467,467,1975.856,"C:/Users/Biolab/Desktop/Dyad Score Log Data for Editing 1-6,8-19/Dyad Videos/AVI Converted/11.avi",2227.23,59.94,Dominant,Lateral Side Display,Aggressive,,POINT
468,468,1981.431,"C:/Users/Biolab/Desktop/Dyad Score Log Data for Editing 1-6,8-19/Dyad Videos/AVI Converted/11.avi",2227.23,59.94,Dominant,Charge,Aggressive,,POINT
469,469,1983.255,"C:/Users/Biolab/Desktop/Dyad Score Log Data for Editing 1-6,8-19/Dyad Videos/AVI Converted/11.avi",2227.23,59.94,Dominant,Chase,Aggressive,,POINT
470,470,1989.631,"C:/Users/Biolab/Desktop/Dyad Score Log Data for Editing 1-6,8-19/Dyad Videos/AVI Converted/11.avi",2227.23,59.94,Dominant,Lead,Reproductive,,POINT
471,471,1992.131,"C:/Users/Biolab/Desktop/Dyad Score Log Data for Editing 1-6,8-19/Dyad Videos/AVI Converted/11.avi",2227.23,59.94,Dominant,Biting,Aggressive,,POINT
472,472,1992.306,"C:/Users/Biolab/Desktop/Dyad Score Log Data for Editing 1-6,8-19/Dyad Videos/AVI Converted/11.avi",2227.23,59.94,Dominant,Chase,Aggressive,,POINT
473,473,1996.431,"C:/Users/Biolab/Desktop/Dyad Score Log Data for Editing 1-6,8-19/Dyad Videos/AVI Converted/11.avi",2227.23,59.94,Dominant,Lead,Reproductive,,POINT
474,474,2002.005,"C:/Users/Biolab/Desktop/Dyad Score Log Data for Editing 1-6,8-19/Dyad Videos/AVI Converted/11.avi",2227.23,59.94,Dominant,Pot Entry,Reproductive,,POINT
475,475,2002.806,"C:/Users/Biolab/Desktop/Dyad Score Log Data for Editing 1-6,8-19/Dyad Videos/AVI Converted/11.avi",2227.23,59.94,Dominant,Pot Dig,Reproductive,,POINT
476,476,2009.281,"C:/Users/Biolab/Desktop/Dyad Score Log Data for Editing 1-6,8-19/Dyad Videos/AVI Converted/11.avi",2227.23,59.94,Dominant,Pot Exit,Reproductive,,POINT
477,477,2011.355,"C:/Users/Biolab/Desktop/Dyad Score Log Data for Editing 1-6,8-19/Dyad Videos/AVI Converted/11.avi",2227.23,59.94,Dominant,Chase,Aggressive,,POINT
478,478,2014.881,"C:/Users/Biolab/Desktop/Dyad Score Log Data for Editing 1-6,8-19/Dyad Videos/AVI Converted/11.avi",2227.23,59.94,Dominant,Charge,Aggressive,,POINT
479,479,2014.881,"C:/Users/Biolab/Desktop/Dyad Score Log Data for Editing 1-6,8-19/Dyad Videos/AVI Converted/11.avi",2227.23,59.94,Dominant,Biting,Aggressive,,POINT
480,480,2019.481,"C:/Users/Biolab/Desktop/Dyad Score Log Data for Editing 1-6,8-19/Dyad Videos/AVI Converted/11.avi",2227.23,59.94,Dominant,Chase,Aggressive,,POINT
481,481,2019.481,"C:/Users/Biolab/Desktop/Dyad Score Log Data for Editing 1-6,8-19/Dyad Videos/AVI Converted/11.avi",2227.23,59.94,Dominant,Scrape,Aggressive,,POINT
482,482,2022.18,"C:/Users/Biolab/Desktop/Dyad Score Log Data for Editing 1-6,8-19/Dyad Videos/AVI Converted/11.avi",2227.23,59.94,Dominant,Chase,Aggressive,,POINT
483,483,2024.93,"C:/Users/Biolab/Desktop/Dyad Score Log Data for Editing 1-6,8-19/Dyad Videos/AVI Converted/11.avi",2227.23,59.94,Dominant,Chase,Aggressive,,POINT
484,484,2029.48,"C:/Users/Biolab/Desktop/Dyad Score Log Data for Editing 1-6,8-19/Dyad Videos/AVI Converted/11.avi",2227.23,59.94,Dominant,Charge,Aggressive,,POINT
485,485,2029.48,"C:/Users/Biolab/Desktop/Dyad Score Log Data for Editing 1-6,8-19/Dyad Videos/AVI Converted/11.avi",2227.23,59.94,Dominant,Biting,Aggressive,,POINT
486,486,2033.856,"C:/Users/Biolab/Desktop/Dyad Score Log Data for Editing 1-6,8-19/Dyad Videos/AVI Converted/11.avi",2227.23,59.94,Dominant,Lead,Reproductive,,POINT
487,487,2040.556,"C:/Users/Biolab/Desktop/Dyad Score Log Data for Editing 1-6,8-19/Dyad Videos/AVI Converted/11.avi",2227.23,59.94,Dominant,Foraging,Reproductive,,POINT
488,488,2040.831,"C:/Users/Biolab/Desktop/Dyad Score Log Data for Editing 1-6,8-19/Dyad Videos/AVI Converted/11.avi",2227.23,59.94,Dominant,Foraging,Reproductive,,POINT
489,489,2042.881,"C:/Users/Biolab/Desktop/Dyad Score Log Data for Editing 1-6,8-19/Dyad Videos/AVI Converted/11.avi",2227.23,59.94,Dominant,Foraging,Reproductive,,POINT
490,490,2045.955,"C:/Users/Biolab/Desktop/Dyad Score Log Data for Editing 1-6,8-19/Dyad Videos/AVI Converted/11.avi",2227.23,59.94,Dominant,Chase,Aggressive,,POINT
491,491,2047.88,"C:/Users/Biolab/Desktop/Dyad Score Log Data for Editing 1-6,8-19/Dyad Videos/AVI Converted/11.avi",2227.23,59.94,Dominant,Chase,Aggressive,,POINT
492,492,2052.556,"C:/Users/Biolab/Desktop/Dyad Score Log Data for Editing 1-6,8-19/Dyad Videos/AVI Converted/11.avi",2227.23,59.94,Dominant,Foraging,Reproductive,,POINT
493,493,2053.881,"C:/Users/Biolab/Desktop/Dyad Score Log Data for Editing 1-6,8-19/Dyad Videos/AVI Converted/11.avi",2227.23,59.94,Dominant,Foraging,Reproductive,,POINT
494,494,2054.631,"C:/Users/Biolab/Desktop/Dyad Score Log Data for Editing 1-6,8-19/Dyad Videos/AVI Converted/11.avi",2227.23,59.94,Dominant,Foraging,Reproductive,,POINT
495,495,2055.955,"C:/Users/Biolab/Desktop/Dyad Score Log Data for Editing 1-6,8-19/Dyad Videos/AVI Converted/11.avi",2227.23,59.94,Dominant,Foraging,Reproductive,,POINT
496,496,2057.981,"C:/Users/Biolab/Desktop/Dyad Score Log Data for Editing 1-6,8-19/Dyad Videos/AVI Converted/11.avi",2227.23,59.94,Dominant,Foraging,Reproductive,,POINT
497,497,2058.755,"C:/Users/Biolab/Desktop/Dyad Score Log Data for Editing 1-6,8-19/Dyad Videos/AVI Converted/11.avi",2227.23,59.94,Dominant,Foraging,Reproductive,,POINT
498,498,2059.505,"C:/Users/Biolab/Desktop/Dyad Score Log Data for Editing 1-6,8-19/Dyad Videos/AVI Converted/11.avi",2227.23,59.94,Dominant,Foraging,Reproductive,,POINT
499,499,2061.056,"C:/Users/Biolab/Desktop/Dyad Score Log Data for Editing 1-6,8-19/Dyad Videos/AVI Converted/11.avi",2227.23,59.94,Dominant,Charge,Aggressive,,POINT
500,500,2064.181,"C:/Users/Biolab/Desktop/Dyad Score Log Data for Editing 1-6,8-19/Dyad Videos/AVI Converted/11.avi",2227.23,59.94,Dominant,Lead,Reproductive,,POINT
501,501,2068.881,"C:/Users/Biolab/Desktop/Dyad Score Log Data for Editing 1-6,8-19/Dyad Videos/AVI Converted/11.avi",2227.23,59.94,Dominant,Lead,Reproductive,,POINT
502,502,2069.931,"C:/Users/Biolab/Desktop/Dyad Score Log Data for Editing 1-6,8-19/Dyad Videos/AVI Converted/11.avi",2227.23,59.94,Dominant,Biting,Aggressive,,POINT
503,503,2074.806,"C:/Users/Biolab/Desktop/Dyad Score Log Data for Editing 1-6,8-19/Dyad Videos/AVI Converted/11.avi",2227.23,59.94,Dominant,Foraging,Reproductive,,POINT
504,504,2079.681,"C:/Users/Biolab/Desktop/Dyad Score Log Data for Editing 1-6,8-19/Dyad Videos/AVI Converted/11.avi",2227.23,59.94,Dominant,Charge,Aggressive,,POINT
505,505,2080.355,"C:/Users/Biolab/Desktop/Dyad Score Log Data for Editing 1-6,8-19/Dyad Videos/AVI Converted/11.avi",2227.23,59.94,Dominant,Lead,Reproductive,,POINT
506,506,2080.355,"C:/Users/Biolab/Desktop/Dyad Score Log Data for Editing 1-6,8-19/Dyad Videos/AVI Converted/11.avi",2227.23,59.94,Dominant,Quiver,Reproductive,,POINT
507,507,2082.756,"C:/Users/Biolab/Desktop/Dyad Score Log Data for Editing 1-6,8-19/Dyad Videos/AVI Converted/11.avi",2227.23,59.94,Dominant,Lead,Reproductive,,POINT
508,508,2089.306,"C:/Users/Biolab/Desktop/Dyad Score Log Data for Editing 1-6,8-19/Dyad Videos/AVI Converted/11.avi",2227.23,59.94,Dominant,Charge,Aggressive,,POINT
509,509,2091.806,"C:/Users/Biolab/Desktop/Dyad Score Log Data for Editing 1-6,8-19/Dyad Videos/AVI Converted/11.avi",2227.23,59.94,Dominant,Chase,Aggressive,,POINT
510,510,2091.806,"C:/Users/Biolab/Desktop/Dyad Score Log Data for Editing 1-6,8-19/Dyad Videos/AVI Converted/11.avi",2227.23,59.94,Dominant,Scrape,Aggressive,,POINT
511,511,2100.18,"C:/Users/Biolab/Desktop/Dyad Score Log Data for Editing 1-6,8-19/Dyad Videos/AVI Converted/11.avi",2227.23,59.94,Dominant,Lead,Reproductive,,POINT
512,512,2103.481,"C:/Users/Biolab/Desktop/Dyad Score Log Data for Editing 1-6,8-19/Dyad Videos/AVI Converted/11.avi",2227.23,59.94,Dominant,Foraging,Reproductive,,POINT
513,513,2104.231,"C:/Users/Biolab/Desktop/Dyad Score Log Data for Editing 1-6,8-19/Dyad Videos/AVI Converted/11.avi",2227.23,59.94,Dominant,Foraging,Reproductive,,POINT
514,514,2105.03,"C:/Users/Biolab/Desktop/Dyad Score Log Data for Editing 1-6,8-19/Dyad Videos/AVI Converted/11.avi",2227.23,59.94,Dominant,Foraging,Reproductive,,POINT
515,515,2105.555,"C:/Users/Biolab/Desktop/Dyad Score Log Data for Editing 1-6,8-19/Dyad Videos/AVI Converted/11.avi",2227.23,59.94,Dominant,Foraging,Reproductive,,POINT
516,516,2108.131,"C:/Users/Biolab/Desktop/Dyad Score Log Data for Editing 1-6,8-19/Dyad Videos/AVI Converted/11.avi",2227.23,59.94,Dominant,Biting,Aggressive,,POINT
517,517,2114.856,"C:/Users/Biolab/Desktop/Dyad Score Log Data for Editing 1-6,8-19/Dyad Videos/AVI Converted/11.avi",2227.23,59.94,Dominant,Dig Substrate,Reproductive,,POINT
518,518,2115.381,"C:/Users/Biolab/Desktop/Dyad Score Log Data for Editing 1-6,8-19/Dyad Videos/AVI Converted/11.avi",2227.23,59.94,Dominant,Dig Substrate,Reproductive,,POINT
519,519,2118.78,"C:/Users/Biolab/Desktop/Dyad Score Log Data for Editing 1-6,8-19/Dyad Videos/AVI Converted/11.avi",2227.23,59.94,Dominant,Dig Substrate,Reproductive,,POINT
520,520,2119.781,"C:/Users/Biolab/Desktop/Dyad Score Log Data for Editing 1-6,8-19/Dyad Videos/AVI Converted/11.avi",2227.23,59.94,Dominant,Dig Substrate,Reproductive,,POINT
521,521,2121.356,"C:/Users/Biolab/Desktop/Dyad Score Log Data for Editing 1-6,8-19/Dyad Videos/AVI Converted/11.avi",2227.23,59.94,Dominant,Dig Substrate,Reproductive,,POINT
522,522,2124.43,"C:/Users/Biolab/Desktop/Dyad Score Log Data for Editing 1-6,8-19/Dyad Videos/AVI Converted/11.avi",2227.23,59.94,Dominant,Foraging,Reproductive,,POINT
523,523,2125.956,"C:/Users/Biolab/Desktop/Dyad Score Log Data for Editing 1-6,8-19/Dyad Videos/AVI Converted/11.avi",2227.23,59.94,Dominant,Foraging,Reproductive,,POINT
524,524,2128.556,"C:/Users/Biolab/Desktop/Dyad Score Log Data for Editing 1-6,8-19/Dyad Videos/AVI Converted/11.avi",2227.23,59.94,Dominant,Foraging,Reproductive,,POINT
525,525,2134.006,"C:/Users/Biolab/Desktop/Dyad Score Log Data for Editing 1-6,8-19/Dyad Videos/AVI Converted/11.avi",2227.23,59.94,Dominant,Foraging,Reproductive,,POINT
526,526,2134.281,"C:/Users/Biolab/Desktop/Dyad Score Log Data for Editing 1-6,8-19/Dyad Videos/AVI Converted/11.avi",2227.23,59.94,Dominant,Foraging,Reproductive,,POINT
527,527,2135.081,"C:/Users/Biolab/Desktop/Dyad Score Log Data for Editing 1-6,8-19/Dyad Videos/AVI Converted/11.avi",2227.23,59.94,Dominant,Foraging,Reproductive,,POINT
528,528,2135.88,"C:/Users/Biolab/Desktop/Dyad Score Log Data for Editing 1-6,8-19/Dyad Videos/AVI Converted/11.avi",2227.23,59.94,Dominant,Foraging,Reproductive,,POINT
529,529,2138.781,"C:/Users/Biolab/Desktop/Dyad Score Log Data for Editing 1-6,8-19/Dyad Videos/AVI Converted/11.avi",2227.23,59.94,Dominant,Foraging,Reproductive,,POINT
530,530,2140.356,"C:/Users/Biolab/Desktop/Dyad Score Log Data for Editing 1-6,8-19/Dyad Videos/AVI Converted/11.avi",2227.23,59.94,Dominant,Foraging,Reproductive,,POINT
531,531,2140.856,"C:/Users/Biolab/Desktop/Dyad Score Log Data for Editing 1-6,8-19/Dyad Videos/AVI Converted/11.avi",2227.23,59.94,Dominant,Foraging,Reproductive,,POINT
532,532,2143.655,"C:/Users/Biolab/Desktop/Dyad Score Log Data for Editing 1-6,8-19/Dyad Videos/AVI Converted/11.avi",2227.23,59.94,Dominant,Lead,Reproductive,,POINT
533,533,2145.555,"C:/Users/Biolab/Desktop/Dyad Score Log Data for Editing 1-6,8-19/Dyad Videos/AVI Converted/11.avi",2227.23,59.94,Dominant,Lead,Reproductive,,POINT
