,Unnamed: 0,Time,Media file path,Total length,FPS,Subject,Behavior,Behavioral category,Comment,Status
0,0,300.506,"C:/Users/Biolab/Desktop/Dyad Score Log Data for Editing 1-6,8-19/Dyad Videos/AVI Converted/13.avi",3198.7,29.97,Dominant,Pot Dig,Reproductive,,POINT
1,1,301.305,"C:/Users/Biolab/Desktop/Dyad Score Log Data for Editing 1-6,8-19/Dyad Videos/AVI Converted/13.avi",3198.7,29.97,Dominant,Pot Dig,Reproductive,,POINT
2,2,303.709,"C:/Users/Biolab/Desktop/Dyad Score Log Data for Editing 1-6,8-19/Dyad Videos/AVI Converted/13.avi",3198.7,29.97,Dominant,Pot Exit,Reproductive,,POINT
3,3,310.114,"C:/Users/Biolab/Desktop/Dyad Score Log Data for Editing 1-6,8-19/Dyad Videos/AVI Converted/13.avi",3198.7,29.97,Dominant,Foraging,Reproductive,,POINT
4,4,311.416,"C:/Users/Biolab/Desktop/Dyad Score Log Data for Editing 1-6,8-19/Dyad Videos/AVI Converted/13.avi",3198.7,29.97,Dominant,Dig Substrate,Reproductive,,POINT
5,5,312.417,"C:/Users/Biolab/Desktop/Dyad Score Log Data for Editing 1-6,8-19/Dyad Videos/AVI Converted/13.avi",3198.7,29.97,Dominant,Dig Substrate,Reproductive,,POINT
6,6,316.221,"C:/Users/Biolab/Desktop/Dyad Score Log Data for Editing 1-6,8-19/Dyad Videos/AVI Converted/13.avi",3198.7,29.97,Dominant,Dig Substrate,Reproductive,,POINT
7,7,319.024,"C:/Users/Biolab/Desktop/Dyad Score Log Data for Editing 1-6,8-19/Dyad Videos/AVI Converted/13.avi",3198.7,29.97,Dominant,Dig Substrate,Reproductive,,POINT
8,8,321.225,"C:/Users/Biolab/Desktop/Dyad Score Log Data for Editing 1-6,8-19/Dyad Videos/AVI Converted/13.avi",3198.7,29.97,Dominant,Dig Substrate,Reproductive,,POINT
9,9,326.433,"C:/Users/Biolab/Desktop/Dyad Score Log Data for Editing 1-6,8-19/Dyad Videos/AVI Converted/13.avi",3198.7,29.97,Dominant,Foraging,Reproductive,,POINT
10,10,331.638,"C:/Users/Biolab/Desktop/Dyad Score Log Data for Editing 1-6,8-19/Dyad Videos/AVI Converted/13.avi",3198.7,29.97,Dominant,Foraging,Reproductive,,POINT
11,11,332.437,"C:/Users/Biolab/Desktop/Dyad Score Log Data for Editing 1-6,8-19/Dyad Videos/AVI Converted/13.avi",3198.7,29.97,Dominant,Foraging,Reproductive,,POINT
12,12,337.243,"C:/Users/Biolab/Desktop/Dyad Score Log Data for Editing 1-6,8-19/Dyad Videos/AVI Converted/13.avi",3198.7,29.97,Dominant,Dig Substrate,Reproductive,,POINT
13,13,344.048,"C:/Users/Biolab/Desktop/Dyad Score Log Data for Editing 1-6,8-19/Dyad Videos/AVI Converted/13.avi",3198.7,29.97,Dominant,Lead,Reproductive,,POINT
14,14,345.75,"C:/Users/Biolab/Desktop/Dyad Score Log Data for Editing 1-6,8-19/Dyad Videos/AVI Converted/13.avi",3198.7,29.97,Dominant,Lead,Reproductive,,POINT
15,15,347.651,"C:/Users/Biolab/Desktop/Dyad Score Log Data for Editing 1-6,8-19/Dyad Videos/AVI Converted/13.avi",3198.7,29.97,Dominant,Chase,Aggressive,,POINT
16,16,349.054,"C:/Users/Biolab/Desktop/Dyad Score Log Data for Editing 1-6,8-19/Dyad Videos/AVI Converted/13.avi",3198.7,29.97,Dominant,Chase,Aggressive,,POINT
17,17,349.151,"C:/Users/Biolab/Desktop/Dyad Score Log Data for Editing 1-6,8-19/Dyad Videos/AVI Converted/13.avi",3198.7,29.97,Dominant,Biting,Aggressive,,POINT
18,18,352.658,"C:/Users/Biolab/Desktop/Dyad Score Log Data for Editing 1-6,8-19/Dyad Videos/AVI Converted/13.avi",3198.7,29.97,Dominant,Charge,Aggressive,,POINT
19,19,353.563,"C:/Users/Biolab/Desktop/Dyad Score Log Data for Editing 1-6,8-19/Dyad Videos/AVI Converted/13.avi",3198.7,29.97,Dominant,Charge,Aggressive,,POINT
20,20,354.36,"C:/Users/Biolab/Desktop/Dyad Score Log Data for Editing 1-6,8-19/Dyad Videos/AVI Converted/13.avi",3198.7,29.97,Dominant,Chase,Aggressive,,POINT
21,21,355.861,"C:/Users/Biolab/Desktop/Dyad Score Log Data for Editing 1-6,8-19/Dyad Videos/AVI Converted/13.avi",3198.7,29.97,Dominant,Chase,Aggressive,,POINT
22,22,363.768,"C:/Users/Biolab/Desktop/Dyad Score Log Data for Editing 1-6,8-19/Dyad Videos/AVI Converted/13.avi",3198.7,29.97,Dominant,Dig Substrate,Reproductive,,POINT
23,23,364.569,"C:/Users/Biolab/Desktop/Dyad Score Log Data for Editing 1-6,8-19/Dyad Videos/AVI Converted/13.avi",3198.7,29.97,Dominant,Dig Substrate,Reproductive,,POINT
24,24,367.071,"C:/Users/Biolab/Desktop/Dyad Score Log Data for Editing 1-6,8-19/Dyad Videos/AVI Converted/13.avi",3198.7,29.97,Dominant,Dig Substrate,Reproductive,,POINT
25,25,373.812,"C:/Users/Biolab/Desktop/Dyad Score Log Data for Editing 1-6,8-19/Dyad Videos/AVI Converted/13.avi",3198.7,29.97,Dominant,Charge,Aggressive,,POINT
26,26,376.663,"C:/Users/Biolab/Desktop/Dyad Score Log Data for Editing 1-6,8-19/Dyad Videos/AVI Converted/13.avi",3198.7,29.97,Dominant,Biting,Aggressive,,POINT
27,27,383.438,"C:/Users/Biolab/Desktop/Dyad Score Log Data for Editing 1-6,8-19/Dyad Videos/AVI Converted/13.avi",3198.7,29.97,Dominant,Charge,Aggressive,,POINT
28,28,383.438,"C:/Users/Biolab/Desktop/Dyad Score Log Data for Editing 1-6,8-19/Dyad Videos/AVI Converted/13.avi",3198.7,29.97,Dominant,Biting,Aggressive,,POINT
29,29,383.988,"C:/Users/Biolab/Desktop/Dyad Score Log Data for Editing 1-6,8-19/Dyad Videos/AVI Converted/13.avi",3198.7,29.97,Dominant,Chase,Aggressive,,POINT
30,30,388.393,"C:/Users/Biolab/Desktop/Dyad Score Log Data for Editing 1-6,8-19/Dyad Videos/AVI Converted/13.avi",3198.7,29.97,Dominant,Foraging,Reproductive,,POINT
31,31,391.696,"C:/Users/Biolab/Desktop/Dyad Score Log Data for Editing 1-6,8-19/Dyad Videos/AVI Converted/13.avi",3198.7,29.97,Dominant,Dig Substrate,Reproductive,,POINT
32,32,396.001,"C:/Users/Biolab/Desktop/Dyad Score Log Data for Editing 1-6,8-19/Dyad Videos/AVI Converted/13.avi",3198.7,29.97,Dominant,Dig Substrate,Reproductive,,POINT
33,33,402.505,"C:/Users/Biolab/Desktop/Dyad Score Log Data for Editing 1-6,8-19/Dyad Videos/AVI Converted/13.avi",3198.7,29.97,Dominant,Foraging,Reproductive,,POINT
34,34,405.111,"C:/Users/Biolab/Desktop/Dyad Score Log Data for Editing 1-6,8-19/Dyad Videos/AVI Converted/13.avi",3198.7,29.97,Dominant,Dig Substrate,Reproductive,,POINT
35,35,408.613,"C:/Users/Biolab/Desktop/Dyad Score Log Data for Editing 1-6,8-19/Dyad Videos/AVI Converted/13.avi",3198.7,29.97,Dominant,Dig Substrate,Reproductive,,POINT
36,36,414.718,"C:/Users/Biolab/Desktop/Dyad Score Log Data for Editing 1-6,8-19/Dyad Videos/AVI Converted/13.avi",3198.7,29.97,Dominant,Dig Substrate,Reproductive,,POINT
37,37,416.822,"C:/Users/Biolab/Desktop/Dyad Score Log Data for Editing 1-6,8-19/Dyad Videos/AVI Converted/13.avi",3198.7,29.97,Dominant,Foraging,Reproductive,,POINT
38,38,417.623,"C:/Users/Biolab/Desktop/Dyad Score Log Data for Editing 1-6,8-19/Dyad Videos/AVI Converted/13.avi",3198.7,29.97,Dominant,Foraging,Reproductive,,POINT
39,39,418.423,"C:/Users/Biolab/Desktop/Dyad Score Log Data for Editing 1-6,8-19/Dyad Videos/AVI Converted/13.avi",3198.7,29.97,Dominant,Dig Substrate,Reproductive,,POINT
40,40,421.527,"C:/Users/Biolab/Desktop/Dyad Score Log Data for Editing 1-6,8-19/Dyad Videos/AVI Converted/13.avi",3198.7,29.97,Dominant,Dig Substrate,Reproductive,,POINT
41,41,423.028,"C:/Users/Biolab/Desktop/Dyad Score Log Data for Editing 1-6,8-19/Dyad Videos/AVI Converted/13.avi",3198.7,29.97,Dominant,Dig Substrate,Reproductive,,POINT
42,42,426.332,"C:/Users/Biolab/Desktop/Dyad Score Log Data for Editing 1-6,8-19/Dyad Videos/AVI Converted/13.avi",3198.7,29.97,Dominant,Dig Substrate,Reproductive,,POINT
43,43,437.441,"C:/Users/Biolab/Desktop/Dyad Score Log Data for Editing 1-6,8-19/Dyad Videos/AVI Converted/13.avi",3198.7,29.97,Dominant,Foraging,Reproductive,,POINT
44,44,442.05,"C:/Users/Biolab/Desktop/Dyad Score Log Data for Editing 1-6,8-19/Dyad Videos/AVI Converted/13.avi",3198.7,29.97,Dominant,Dig Substrate,Reproductive,,POINT
45,45,450.558,"C:/Users/Biolab/Desktop/Dyad Score Log Data for Editing 1-6,8-19/Dyad Videos/AVI Converted/13.avi",3198.7,29.97,Dominant,Dig Substrate,Reproductive,,POINT
46,46,461.463,"C:/Users/Biolab/Desktop/Dyad Score Log Data for Editing 1-6,8-19/Dyad Videos/AVI Converted/13.avi",3198.7,29.97,Dominant,Foraging,Reproductive,,POINT
47,47,462.968,"C:/Users/Biolab/Desktop/Dyad Score Log Data for Editing 1-6,8-19/Dyad Videos/AVI Converted/13.avi",3198.7,29.97,Dominant,Dig Substrate,Reproductive,,POINT
48,48,466.47,"C:/Users/Biolab/Desktop/Dyad Score Log Data for Editing 1-6,8-19/Dyad Videos/AVI Converted/13.avi",3198.7,29.97,Dominant,Dig Substrate,Reproductive,,POINT
49,49,473.08,"C:/Users/Biolab/Desktop/Dyad Score Log Data for Editing 1-6,8-19/Dyad Videos/AVI Converted/13.avi",3198.7,29.97,Dominant,Dig Substrate,Reproductive,,POINT
50,50,473.879,"C:/Users/Biolab/Desktop/Dyad Score Log Data for Editing 1-6,8-19/Dyad Videos/AVI Converted/13.avi",3198.7,29.97,Dominant,Foraging,Reproductive,,POINT
51,51,479.685,"C:/Users/Biolab/Desktop/Dyad Score Log Data for Editing 1-6,8-19/Dyad Videos/AVI Converted/13.avi",3198.7,29.97,Dominant,Dig Substrate,Reproductive,,POINT
52,52,484.288,"C:/Users/Biolab/Desktop/Dyad Score Log Data for Editing 1-6,8-19/Dyad Videos/AVI Converted/13.avi",3198.7,29.97,Dominant,Dig Substrate,Reproductive,,POINT
53,53,495.1,"C:/Users/Biolab/Desktop/Dyad Score Log Data for Editing 1-6,8-19/Dyad Videos/AVI Converted/13.avi",3198.7,29.97,Dominant,Pot Entry,Reproductive,,POINT
54,54,497.098,"C:/Users/Biolab/Desktop/Dyad Score Log Data for Editing 1-6,8-19/Dyad Videos/AVI Converted/13.avi",3198.7,29.97,Dominant,Pot Dig,Reproductive,,POINT
55,55,498.403,"C:/Users/Biolab/Desktop/Dyad Score Log Data for Editing 1-6,8-19/Dyad Videos/AVI Converted/13.avi",3198.7,29.97,Dominant,Pot Dig,Reproductive,,POINT
56,56,499.404,"C:/Users/Biolab/Desktop/Dyad Score Log Data for Editing 1-6,8-19/Dyad Videos/AVI Converted/13.avi",3198.7,29.97,Dominant,Pot Dig,Reproductive,,POINT
57,57,502.408,"C:/Users/Biolab/Desktop/Dyad Score Log Data for Editing 1-6,8-19/Dyad Videos/AVI Converted/13.avi",3198.7,29.97,Dominant,Pot Exit,Reproductive,,POINT
58,58,506.818,"C:/Users/Biolab/Desktop/Dyad Score Log Data for Editing 1-6,8-19/Dyad Videos/AVI Converted/13.avi",3198.7,29.97,Dominant,Dig Substrate,Reproductive,,POINT
59,59,513.918,"C:/Users/Biolab/Desktop/Dyad Score Log Data for Editing 1-6,8-19/Dyad Videos/AVI Converted/13.avi",3198.7,29.97,Dominant,Dig Substrate,Reproductive,,POINT
60,60,517.522,"C:/Users/Biolab/Desktop/Dyad Score Log Data for Editing 1-6,8-19/Dyad Videos/AVI Converted/13.avi",3198.7,29.97,Dominant,Dig Substrate,Reproductive,,POINT
61,61,524.327,"C:/Users/Biolab/Desktop/Dyad Score Log Data for Editing 1-6,8-19/Dyad Videos/AVI Converted/13.avi",3198.7,29.97,Dominant,Chase,Aggressive,,POINT
62,62,524.327,"C:/Users/Biolab/Desktop/Dyad Score Log Data for Editing 1-6,8-19/Dyad Videos/AVI Converted/13.avi",3198.7,29.97,Dominant,Scrape,Aggressive,,POINT
63,63,526.127,"C:/Users/Biolab/Desktop/Dyad Score Log Data for Editing 1-6,8-19/Dyad Videos/AVI Converted/13.avi",3198.7,29.97,Dominant,Chase,Aggressive,,POINT
64,64,536.14,"C:/Users/Biolab/Desktop/Dyad Score Log Data for Editing 1-6,8-19/Dyad Videos/AVI Converted/13.avi",3198.7,29.97,Dominant,Foraging,Reproductive,,POINT
65,65,537.342,"C:/Users/Biolab/Desktop/Dyad Score Log Data for Editing 1-6,8-19/Dyad Videos/AVI Converted/13.avi",3198.7,29.97,Dominant,Dig Substrate,Reproductive,,POINT
66,66,543.05,"C:/Users/Biolab/Desktop/Dyad Score Log Data for Editing 1-6,8-19/Dyad Videos/AVI Converted/13.avi",3198.7,29.97,Dominant,Dig Substrate,Reproductive,,POINT
67,67,544.547,"C:/Users/Biolab/Desktop/Dyad Score Log Data for Editing 1-6,8-19/Dyad Videos/AVI Converted/13.avi",3198.7,29.97,Dominant,Dig Substrate,Reproductive,,POINT
68,68,556.066,"C:/Users/Biolab/Desktop/Dyad Score Log Data for Editing 1-6,8-19/Dyad Videos/AVI Converted/13.avi",3198.7,29.97,Dominant,Charge,Aggressive,,POINT
69,69,574.979,"C:/Users/Biolab/Desktop/Dyad Score Log Data for Editing 1-6,8-19/Dyad Videos/AVI Converted/13.avi",3198.7,29.97,Dominant,Dig Substrate,Reproductive,,POINT
70,70,578.984,"C:/Users/Biolab/Desktop/Dyad Score Log Data for Editing 1-6,8-19/Dyad Videos/AVI Converted/13.avi",3198.7,29.97,Dominant,Dig Substrate,Reproductive,,POINT
71,71,584.593,"C:/Users/Biolab/Desktop/Dyad Score Log Data for Editing 1-6,8-19/Dyad Videos/AVI Converted/13.avi",3198.7,29.97,Dominant,Dig Substrate,Reproductive,,POINT
72,72,590.796,"C:/Users/Biolab/Desktop/Dyad Score Log Data for Editing 1-6,8-19/Dyad Videos/AVI Converted/13.avi",3198.7,29.97,Dominant,Dig Substrate,Reproductive,,POINT
73,73,597.899,"C:/Users/Biolab/Desktop/Dyad Score Log Data for Editing 1-6,8-19/Dyad Videos/AVI Converted/13.avi",3198.7,29.97,Dominant,Dig Substrate,Reproductive,,POINT
74,74,604.21,"C:/Users/Biolab/Desktop/Dyad Score Log Data for Editing 1-6,8-19/Dyad Videos/AVI Converted/13.avi",3198.7,29.97,Dominant,Dig Substrate,Reproductive,,POINT
75,75,606.913,"C:/Users/Biolab/Desktop/Dyad Score Log Data for Editing 1-6,8-19/Dyad Videos/AVI Converted/13.avi",3198.7,29.97,Dominant,Foraging,Reproductive,,POINT
76,76,607.212,"C:/Users/Biolab/Desktop/Dyad Score Log Data for Editing 1-6,8-19/Dyad Videos/AVI Converted/13.avi",3198.7,29.97,Dominant,Foraging,Reproductive,,POINT
77,77,620.125,"C:/Users/Biolab/Desktop/Dyad Score Log Data for Editing 1-6,8-19/Dyad Videos/AVI Converted/13.avi",3198.7,29.97,Dominant,Pot Entry,Reproductive,,POINT
78,78,621.425,"C:/Users/Biolab/Desktop/Dyad Score Log Data for Editing 1-6,8-19/Dyad Videos/AVI Converted/13.avi",3198.7,29.97,Dominant,Pot Dig,Reproductive,,POINT
79,79,624.429,"C:/Users/Biolab/Desktop/Dyad Score Log Data for Editing 1-6,8-19/Dyad Videos/AVI Converted/13.avi",3198.7,29.97,Dominant,Pot Dig,Reproductive,,POINT
80,80,628.232,"C:/Users/Biolab/Desktop/Dyad Score Log Data for Editing 1-6,8-19/Dyad Videos/AVI Converted/13.avi",3198.7,29.97,Dominant,Pot Dig,Reproductive,,POINT
81,81,631.236,"C:/Users/Biolab/Desktop/Dyad Score Log Data for Editing 1-6,8-19/Dyad Videos/AVI Converted/13.avi",3198.7,29.97,Dominant,Pot Dig,Reproductive,,POINT
82,82,632.838,"C:/Users/Biolab/Desktop/Dyad Score Log Data for Editing 1-6,8-19/Dyad Videos/AVI Converted/13.avi",3198.7,29.97,Dominant,Pot Dig,Reproductive,,POINT
83,83,636.142,"C:/Users/Biolab/Desktop/Dyad Score Log Data for Editing 1-6,8-19/Dyad Videos/AVI Converted/13.avi",3198.7,29.97,Dominant,Pot Dig,Reproductive,,POINT
84,84,638.343,"C:/Users/Biolab/Desktop/Dyad Score Log Data for Editing 1-6,8-19/Dyad Videos/AVI Converted/13.avi",3198.7,29.97,Dominant,Pot Exit,Reproductive,,POINT
85,85,641.444,"C:/Users/Biolab/Desktop/Dyad Score Log Data for Editing 1-6,8-19/Dyad Videos/AVI Converted/13.avi",3198.7,29.97,Dominant,Dig Substrate,Reproductive,,POINT
86,86,643.751,"C:/Users/Biolab/Desktop/Dyad Score Log Data for Editing 1-6,8-19/Dyad Videos/AVI Converted/13.avi",3198.7,29.97,Dominant,Quiver,Reproductive,,POINT
87,87,646.25,"C:/Users/Biolab/Desktop/Dyad Score Log Data for Editing 1-6,8-19/Dyad Videos/AVI Converted/13.avi",3198.7,29.97,Dominant,Biting,Aggressive,,POINT
88,88,646.877,"C:/Users/Biolab/Desktop/Dyad Score Log Data for Editing 1-6,8-19/Dyad Videos/AVI Converted/13.avi",3198.7,29.97,Dominant,Charge,Aggressive,,POINT
89,89,649.053,"C:/Users/Biolab/Desktop/Dyad Score Log Data for Editing 1-6,8-19/Dyad Videos/AVI Converted/13.avi",3198.7,29.97,Dominant,Charge,Aggressive,,POINT
90,90,650.555,"C:/Users/Biolab/Desktop/Dyad Score Log Data for Editing 1-6,8-19/Dyad Videos/AVI Converted/13.avi",3198.7,29.97,Dominant,Biting,Aggressive,,POINT
91,91,650.555,"C:/Users/Biolab/Desktop/Dyad Score Log Data for Editing 1-6,8-19/Dyad Videos/AVI Converted/13.avi",3198.7,29.97,Dominant,Chase,Aggressive,,POINT
92,92,654.427,"C:/Users/Biolab/Desktop/Dyad Score Log Data for Editing 1-6,8-19/Dyad Videos/AVI Converted/13.avi",3198.7,29.97,Dominant,Charge,Aggressive,,POINT
93,93,654.427,"C:/Users/Biolab/Desktop/Dyad Score Log Data for Editing 1-6,8-19/Dyad Videos/AVI Converted/13.avi",3198.7,29.97,Dominant,Biting,Aggressive,,POINT
94,94,654.659,"C:/Users/Biolab/Desktop/Dyad Score Log Data for Editing 1-6,8-19/Dyad Videos/AVI Converted/13.avi",3198.7,29.97,Dominant,Chase,Aggressive,,POINT
95,95,655.727,"C:/Users/Biolab/Desktop/Dyad Score Log Data for Editing 1-6,8-19/Dyad Videos/AVI Converted/13.avi",3198.7,29.97,Dominant,Charge,Aggressive,,POINT
96,96,656.002,"C:/Users/Biolab/Desktop/Dyad Score Log Data for Editing 1-6,8-19/Dyad Videos/AVI Converted/13.avi",3198.7,29.97,Dominant,Chase,Aggressive,,POINT
97,97,657.327,"C:/Users/Biolab/Desktop/Dyad Score Log Data for Editing 1-6,8-19/Dyad Videos/AVI Converted/13.avi",3198.7,29.97,Dominant,Chase,Aggressive,,POINT
98,98,657.962,"C:/Users/Biolab/Desktop/Dyad Score Log Data for Editing 1-6,8-19/Dyad Videos/AVI Converted/13.avi",3198.7,29.97,Dominant,Chase,Aggressive,,POINT
99,99,658.126,"C:/Users/Biolab/Desktop/Dyad Score Log Data for Editing 1-6,8-19/Dyad Videos/AVI Converted/13.avi",3198.7,29.97,Dominant,Chase,Aggressive,,POINT
100,100,658.627,"C:/Users/Biolab/Desktop/Dyad Score Log Data for Editing 1-6,8-19/Dyad Videos/AVI Converted/13.avi",3198.7,29.97,Dominant,Biting,Aggressive,,POINT
101,101,659.577,"C:/Users/Biolab/Desktop/Dyad Score Log Data for Editing 1-6,8-19/Dyad Videos/AVI Converted/13.avi",3198.7,29.97,Dominant,Charge,Aggressive,,POINT
102,102,659.577,"C:/Users/Biolab/Desktop/Dyad Score Log Data for Editing 1-6,8-19/Dyad Videos/AVI Converted/13.avi",3198.7,29.97,Dominant,Biting,Aggressive,,POINT
103,103,663.127,"C:/Users/Biolab/Desktop/Dyad Score Log Data for Editing 1-6,8-19/Dyad Videos/AVI Converted/13.avi",3198.7,29.97,Dominant,Biting,Aggressive,,POINT
104,104,664.401,"C:/Users/Biolab/Desktop/Dyad Score Log Data for Editing 1-6,8-19/Dyad Videos/AVI Converted/13.avi",3198.7,29.97,Dominant,Chase,Aggressive,,POINT
105,105,667.052,"C:/Users/Biolab/Desktop/Dyad Score Log Data for Editing 1-6,8-19/Dyad Videos/AVI Converted/13.avi",3198.7,29.97,Dominant,Charge,Aggressive,,POINT
106,106,667.052,"C:/Users/Biolab/Desktop/Dyad Score Log Data for Editing 1-6,8-19/Dyad Videos/AVI Converted/13.avi",3198.7,29.97,Dominant,Biting,Aggressive,,POINT
107,107,668.102,"C:/Users/Biolab/Desktop/Dyad Score Log Data for Editing 1-6,8-19/Dyad Videos/AVI Converted/13.avi",3198.7,29.97,Dominant,Biting,Aggressive,,POINT
108,108,668.273,"C:/Users/Biolab/Desktop/Dyad Score Log Data for Editing 1-6,8-19/Dyad Videos/AVI Converted/13.avi",3198.7,29.97,Dominant,Chase,Aggressive,,POINT
109,109,668.627,"C:/Users/Biolab/Desktop/Dyad Score Log Data for Editing 1-6,8-19/Dyad Videos/AVI Converted/13.avi",3198.7,29.97,Dominant,Biting,Aggressive,,POINT
110,110,669.152,"C:/Users/Biolab/Desktop/Dyad Score Log Data for Editing 1-6,8-19/Dyad Videos/AVI Converted/13.avi",3198.7,29.97,Dominant,Biting,Aggressive,,POINT
111,111,670.702,"C:/Users/Biolab/Desktop/Dyad Score Log Data for Editing 1-6,8-19/Dyad Videos/AVI Converted/13.avi",3198.7,29.97,Dominant,Charge,Aggressive,,POINT
112,112,671.051,"C:/Users/Biolab/Desktop/Dyad Score Log Data for Editing 1-6,8-19/Dyad Videos/AVI Converted/13.avi",3198.7,29.97,Dominant,Biting,Aggressive,,POINT
113,113,671.977,"C:/Users/Biolab/Desktop/Dyad Score Log Data for Editing 1-6,8-19/Dyad Videos/AVI Converted/13.avi",3198.7,29.97,Dominant,Lead,Reproductive,,POINT
114,114,677.076,"C:/Users/Biolab/Desktop/Dyad Score Log Data for Editing 1-6,8-19/Dyad Videos/AVI Converted/13.avi",3198.7,29.97,Dominant,Charge,Aggressive,,POINT
115,115,678.327,"C:/Users/Biolab/Desktop/Dyad Score Log Data for Editing 1-6,8-19/Dyad Videos/AVI Converted/13.avi",3198.7,29.97,Dominant,Chase,Aggressive,,POINT
116,116,678.383,"C:/Users/Biolab/Desktop/Dyad Score Log Data for Editing 1-6,8-19/Dyad Videos/AVI Converted/13.avi",3198.7,29.97,Dominant,Chase,Aggressive,,POINT
117,117,679.702,"C:/Users/Biolab/Desktop/Dyad Score Log Data for Editing 1-6,8-19/Dyad Videos/AVI Converted/13.avi",3198.7,29.97,Dominant,Chase,Aggressive,,POINT
118,118,680.384,"C:/Users/Biolab/Desktop/Dyad Score Log Data for Editing 1-6,8-19/Dyad Videos/AVI Converted/13.avi",3198.7,29.97,Dominant,Chase,Aggressive,,POINT
119,119,684.889,"C:/Users/Biolab/Desktop/Dyad Score Log Data for Editing 1-6,8-19/Dyad Videos/AVI Converted/13.avi",3198.7,29.97,Dominant,Dig Substrate,Reproductive,,POINT
120,120,686.302,"C:/Users/Biolab/Desktop/Dyad Score Log Data for Editing 1-6,8-19/Dyad Videos/AVI Converted/13.avi",3198.7,29.97,Dominant,Biting,Aggressive,,POINT
121,121,688.751,"C:/Users/Biolab/Desktop/Dyad Score Log Data for Editing 1-6,8-19/Dyad Videos/AVI Converted/13.avi",3198.7,29.97,Dominant,Charge,Aggressive,,POINT
122,122,689.994,"C:/Users/Biolab/Desktop/Dyad Score Log Data for Editing 1-6,8-19/Dyad Videos/AVI Converted/13.avi",3198.7,29.97,Dominant,Chase,Aggressive,,POINT
123,123,695.126,"C:/Users/Biolab/Desktop/Dyad Score Log Data for Editing 1-6,8-19/Dyad Videos/AVI Converted/13.avi",3198.7,29.97,Dominant,Charge,Aggressive,,POINT
124,124,695.8,"C:/Users/Biolab/Desktop/Dyad Score Log Data for Editing 1-6,8-19/Dyad Videos/AVI Converted/13.avi",3198.7,29.97,Dominant,Chase,Aggressive,,POINT
125,125,696.599,"C:/Users/Biolab/Desktop/Dyad Score Log Data for Editing 1-6,8-19/Dyad Videos/AVI Converted/13.avi",3198.7,29.97,Dominant,Scrape,Aggressive,,POINT
126,126,699.504,"C:/Users/Biolab/Desktop/Dyad Score Log Data for Editing 1-6,8-19/Dyad Videos/AVI Converted/13.avi",3198.7,29.97,Dominant,Chase,Aggressive,,POINT
127,127,701.205,"C:/Users/Biolab/Desktop/Dyad Score Log Data for Editing 1-6,8-19/Dyad Videos/AVI Converted/13.avi",3198.7,29.97,Dominant,Quiver,Reproductive,,POINT
128,128,707.251,"C:/Users/Biolab/Desktop/Dyad Score Log Data for Editing 1-6,8-19/Dyad Videos/AVI Converted/13.avi",3198.7,29.97,Dominant,Charge,Aggressive,,POINT
129,129,708.01,"C:/Users/Biolab/Desktop/Dyad Score Log Data for Editing 1-6,8-19/Dyad Videos/AVI Converted/13.avi",3198.7,29.97,Dominant,Chase,Aggressive,,POINT
130,130,708.01,"C:/Users/Biolab/Desktop/Dyad Score Log Data for Editing 1-6,8-19/Dyad Videos/AVI Converted/13.avi",3198.7,29.97,Dominant,Biting,Aggressive,,POINT
131,131,708.702,"C:/Users/Biolab/Desktop/Dyad Score Log Data for Editing 1-6,8-19/Dyad Videos/AVI Converted/13.avi",3198.7,29.97,Dominant,Biting,Aggressive,,POINT
132,132,709.927,"C:/Users/Biolab/Desktop/Dyad Score Log Data for Editing 1-6,8-19/Dyad Videos/AVI Converted/13.avi",3198.7,29.97,Dominant,Biting,Aggressive,,POINT
133,133,709.927,"C:/Users/Biolab/Desktop/Dyad Score Log Data for Editing 1-6,8-19/Dyad Videos/AVI Converted/13.avi",3198.7,29.97,Dominant,Chase,Aggressive,,POINT
134,134,712.327,"C:/Users/Biolab/Desktop/Dyad Score Log Data for Editing 1-6,8-19/Dyad Videos/AVI Converted/13.avi",3198.7,29.97,Dominant,Charge,Aggressive,,POINT
135,135,712.901,"C:/Users/Biolab/Desktop/Dyad Score Log Data for Editing 1-6,8-19/Dyad Videos/AVI Converted/13.avi",3198.7,29.97,Dominant,Chase,Aggressive,,POINT
136,136,713.127,"C:/Users/Biolab/Desktop/Dyad Score Log Data for Editing 1-6,8-19/Dyad Videos/AVI Converted/13.avi",3198.7,29.97,Dominant,Biting,Aggressive,,POINT
137,137,716.977,"C:/Users/Biolab/Desktop/Dyad Score Log Data for Editing 1-6,8-19/Dyad Videos/AVI Converted/13.avi",3198.7,29.97,Dominant,Charge,Aggressive,,POINT
138,138,716.977,"C:/Users/Biolab/Desktop/Dyad Score Log Data for Editing 1-6,8-19/Dyad Videos/AVI Converted/13.avi",3198.7,29.97,Dominant,Biting,Aggressive,,POINT
139,139,718.652,"C:/Users/Biolab/Desktop/Dyad Score Log Data for Editing 1-6,8-19/Dyad Videos/AVI Converted/13.avi",3198.7,29.97,Dominant,Lateral Side Display,Aggressive,,POINT
140,140,721.726,"C:/Users/Biolab/Desktop/Dyad Score Log Data for Editing 1-6,8-19/Dyad Videos/AVI Converted/13.avi",3198.7,29.97,Dominant,Foraging,Reproductive,,POINT
141,141,722.529,"C:/Users/Biolab/Desktop/Dyad Score Log Data for Editing 1-6,8-19/Dyad Videos/AVI Converted/13.avi",3198.7,29.97,Dominant,Foraging,Reproductive,,POINT
142,142,725.029,"C:/Users/Biolab/Desktop/Dyad Score Log Data for Editing 1-6,8-19/Dyad Videos/AVI Converted/13.avi",3198.7,29.97,Dominant,Foraging,Reproductive,,POINT
143,143,726.332,"C:/Users/Biolab/Desktop/Dyad Score Log Data for Editing 1-6,8-19/Dyad Videos/AVI Converted/13.avi",3198.7,29.97,Dominant,Foraging,Reproductive,,POINT
144,144,727.529,"C:/Users/Biolab/Desktop/Dyad Score Log Data for Editing 1-6,8-19/Dyad Videos/AVI Converted/13.avi",3198.7,29.97,Dominant,Foraging,Reproductive,,POINT
145,145,733.138,"C:/Users/Biolab/Desktop/Dyad Score Log Data for Editing 1-6,8-19/Dyad Videos/AVI Converted/13.avi",3198.7,29.97,Dominant,Dig Substrate,Reproductive,,POINT
146,146,735.438,"C:/Users/Biolab/Desktop/Dyad Score Log Data for Editing 1-6,8-19/Dyad Videos/AVI Converted/13.avi",3198.7,29.97,Dominant,Dig Substrate,Reproductive,,POINT
147,147,737.241,"C:/Users/Biolab/Desktop/Dyad Score Log Data for Editing 1-6,8-19/Dyad Videos/AVI Converted/13.avi",3198.7,29.97,Dominant,Dig Substrate,Reproductive,,POINT
148,148,739.544,"C:/Users/Biolab/Desktop/Dyad Score Log Data for Editing 1-6,8-19/Dyad Videos/AVI Converted/13.avi",3198.7,29.97,Dominant,Dig Substrate,Reproductive,,POINT
149,149,741.545,"C:/Users/Biolab/Desktop/Dyad Score Log Data for Editing 1-6,8-19/Dyad Videos/AVI Converted/13.avi",3198.7,29.97,Dominant,Dig Substrate,Reproductive,,POINT
150,150,750.417,"C:/Users/Biolab/Desktop/Dyad Score Log Data for Editing 1-6,8-19/Dyad Videos/AVI Converted/13.avi",3198.7,29.97,Dominant,Biting,Aggressive,,POINT
151,151,750.655,"C:/Users/Biolab/Desktop/Dyad Score Log Data for Editing 1-6,8-19/Dyad Videos/AVI Converted/13.avi",3198.7,29.97,Dominant,Chase,Aggressive,,POINT
152,152,751.118,"C:/Users/Biolab/Desktop/Dyad Score Log Data for Editing 1-6,8-19/Dyad Videos/AVI Converted/13.avi",3198.7,29.97,Dominant,Charge,Aggressive,,POINT
153,153,752.357,"C:/Users/Biolab/Desktop/Dyad Score Log Data for Editing 1-6,8-19/Dyad Videos/AVI Converted/13.avi",3198.7,29.97,Dominant,Chase,Aggressive,,POINT
154,154,753.592,"C:/Users/Biolab/Desktop/Dyad Score Log Data for Editing 1-6,8-19/Dyad Videos/AVI Converted/13.avi",3198.7,29.97,Dominant,Charge,Aggressive,,POINT
155,155,754.26,"C:/Users/Biolab/Desktop/Dyad Score Log Data for Editing 1-6,8-19/Dyad Videos/AVI Converted/13.avi",3198.7,29.97,Dominant,Chase,Aggressive,,POINT
156,156,755.059,"C:/Users/Biolab/Desktop/Dyad Score Log Data for Editing 1-6,8-19/Dyad Videos/AVI Converted/13.avi",3198.7,29.97,Dominant,Scrape,Aggressive,,POINT
157,157,756.06,"C:/Users/Biolab/Desktop/Dyad Score Log Data for Editing 1-6,8-19/Dyad Videos/AVI Converted/13.avi",3198.7,29.97,Dominant,Scrape,Aggressive,,POINT
158,158,757.493,"C:/Users/Biolab/Desktop/Dyad Score Log Data for Editing 1-6,8-19/Dyad Videos/AVI Converted/13.avi",3198.7,29.97,Dominant,Charge,Aggressive,,POINT
159,159,757.493,"C:/Users/Biolab/Desktop/Dyad Score Log Data for Editing 1-6,8-19/Dyad Videos/AVI Converted/13.avi",3198.7,29.97,Dominant,Biting,Aggressive,,POINT
160,160,763.167,"C:/Users/Biolab/Desktop/Dyad Score Log Data for Editing 1-6,8-19/Dyad Videos/AVI Converted/13.avi",3198.7,29.97,Dominant,Charge,Aggressive,,POINT
161,161,763.668,"C:/Users/Biolab/Desktop/Dyad Score Log Data for Editing 1-6,8-19/Dyad Videos/AVI Converted/13.avi",3198.7,29.97,Dominant,Chase,Aggressive,,POINT
162,162,770.576,"C:/Users/Biolab/Desktop/Dyad Score Log Data for Editing 1-6,8-19/Dyad Videos/AVI Converted/13.avi",3198.7,29.97,Dominant,Foraging,Reproductive,,POINT
163,163,776.682,"C:/Users/Biolab/Desktop/Dyad Score Log Data for Editing 1-6,8-19/Dyad Videos/AVI Converted/13.avi",3198.7,29.97,Dominant,Dig Substrate,Reproductive,,POINT
164,164,783.789,"C:/Users/Biolab/Desktop/Dyad Score Log Data for Editing 1-6,8-19/Dyad Videos/AVI Converted/13.avi",3198.7,29.97,Dominant,Dig Substrate,Reproductive,,POINT
165,165,786.291,"C:/Users/Biolab/Desktop/Dyad Score Log Data for Editing 1-6,8-19/Dyad Videos/AVI Converted/13.avi",3198.7,29.97,Dominant,Foraging,Reproductive,,POINT
166,166,787.091,"C:/Users/Biolab/Desktop/Dyad Score Log Data for Editing 1-6,8-19/Dyad Videos/AVI Converted/13.avi",3198.7,29.97,Dominant,Foraging,Reproductive,,POINT
167,167,787.792,"C:/Users/Biolab/Desktop/Dyad Score Log Data for Editing 1-6,8-19/Dyad Videos/AVI Converted/13.avi",3198.7,29.97,Dominant,Foraging,Reproductive,,POINT
168,168,788.894,"C:/Users/Biolab/Desktop/Dyad Score Log Data for Editing 1-6,8-19/Dyad Videos/AVI Converted/13.avi",3198.7,29.97,Dominant,Foraging,Reproductive,,POINT
169,169,791.097,"C:/Users/Biolab/Desktop/Dyad Score Log Data for Editing 1-6,8-19/Dyad Videos/AVI Converted/13.avi",3198.7,29.97,Dominant,Foraging,Reproductive,,POINT
170,170,791.897,"C:/Users/Biolab/Desktop/Dyad Score Log Data for Editing 1-6,8-19/Dyad Videos/AVI Converted/13.avi",3198.7,29.97,Dominant,Foraging,Reproductive,,POINT
171,171,802.106,"C:/Users/Biolab/Desktop/Dyad Score Log Data for Editing 1-6,8-19/Dyad Videos/AVI Converted/13.avi",3198.7,29.97,Dominant,Foraging,Reproductive,,POINT
172,172,802.808,"C:/Users/Biolab/Desktop/Dyad Score Log Data for Editing 1-6,8-19/Dyad Videos/AVI Converted/13.avi",3198.7,29.97,Dominant,Foraging,Reproductive,,POINT
173,173,816.51,"C:/Users/Biolab/Desktop/Dyad Score Log Data for Editing 1-6,8-19/Dyad Videos/AVI Converted/13.avi",3198.7,29.97,Dominant,Charge,Aggressive,,POINT
174,174,817.321,"C:/Users/Biolab/Desktop/Dyad Score Log Data for Editing 1-6,8-19/Dyad Videos/AVI Converted/13.avi",3198.7,29.97,Dominant,Lead,Reproductive,,POINT
175,175,817.822,"C:/Users/Biolab/Desktop/Dyad Score Log Data for Editing 1-6,8-19/Dyad Videos/AVI Converted/13.avi",3198.7,29.97,Dominant,Lead,Reproductive,,POINT
176,176,819.635,"C:/Users/Biolab/Desktop/Dyad Score Log Data for Editing 1-6,8-19/Dyad Videos/AVI Converted/13.avi",3198.7,29.97,Dominant,Charge,Aggressive,,POINT
177,177,819.635,"C:/Users/Biolab/Desktop/Dyad Score Log Data for Editing 1-6,8-19/Dyad Videos/AVI Converted/13.avi",3198.7,29.97,Dominant,Biting,Aggressive,,POINT
178,178,820.624,"C:/Users/Biolab/Desktop/Dyad Score Log Data for Editing 1-6,8-19/Dyad Videos/AVI Converted/13.avi",3198.7,29.97,Dominant,Chase,Aggressive,,POINT
179,179,821.685,"C:/Users/Biolab/Desktop/Dyad Score Log Data for Editing 1-6,8-19/Dyad Videos/AVI Converted/13.avi",3198.7,29.97,Dominant,Charge,Aggressive,,POINT
180,180,829.535,"C:/Users/Biolab/Desktop/Dyad Score Log Data for Editing 1-6,8-19/Dyad Videos/AVI Converted/13.avi",3198.7,29.97,Dominant,Foraging,Reproductive,,POINT
181,181,831.837,"C:/Users/Biolab/Desktop/Dyad Score Log Data for Editing 1-6,8-19/Dyad Videos/AVI Converted/13.avi",3198.7,29.97,Dominant,Dig Substrate,Reproductive,,POINT
182,182,832.537,"C:/Users/Biolab/Desktop/Dyad Score Log Data for Editing 1-6,8-19/Dyad Videos/AVI Converted/13.avi",3198.7,29.97,Dominant,Dig Substrate,Reproductive,,POINT
183,183,833.836,"C:/Users/Biolab/Desktop/Dyad Score Log Data for Editing 1-6,8-19/Dyad Videos/AVI Converted/13.avi",3198.7,29.97,Dominant,Dig Substrate,Reproductive,,POINT
184,184,835.641,"C:/Users/Biolab/Desktop/Dyad Score Log Data for Editing 1-6,8-19/Dyad Videos/AVI Converted/13.avi",3198.7,29.97,Dominant,Dig Substrate,Reproductive,,POINT
185,185,836.441,"C:/Users/Biolab/Desktop/Dyad Score Log Data for Editing 1-6,8-19/Dyad Videos/AVI Converted/13.avi",3198.7,29.97,Dominant,Dig Substrate,Reproductive,,POINT
186,186,843.848,"C:/Users/Biolab/Desktop/Dyad Score Log Data for Editing 1-6,8-19/Dyad Videos/AVI Converted/13.avi",3198.7,29.97,Dominant,Foraging,Reproductive,,POINT
187,187,847.151,"C:/Users/Biolab/Desktop/Dyad Score Log Data for Editing 1-6,8-19/Dyad Videos/AVI Converted/13.avi",3198.7,29.97,Dominant,Foraging,Reproductive,,POINT
188,188,847.651,"C:/Users/Biolab/Desktop/Dyad Score Log Data for Editing 1-6,8-19/Dyad Videos/AVI Converted/13.avi",3198.7,29.97,Dominant,Foraging,Reproductive,,POINT
189,189,854.92,"C:/Users/Biolab/Desktop/Dyad Score Log Data for Editing 1-6,8-19/Dyad Videos/AVI Converted/13.avi",3198.7,29.97,Dominant,Biting,Aggressive,,POINT
190,190,857.844,"C:/Users/Biolab/Desktop/Dyad Score Log Data for Editing 1-6,8-19/Dyad Videos/AVI Converted/13.avi",3198.7,29.97,Dominant,Charge,Aggressive,,POINT
191,191,857.862,"C:/Users/Biolab/Desktop/Dyad Score Log Data for Editing 1-6,8-19/Dyad Videos/AVI Converted/13.avi",3198.7,29.97,Dominant,Chase,Aggressive,,POINT
192,192,859.663,"C:/Users/Biolab/Desktop/Dyad Score Log Data for Editing 1-6,8-19/Dyad Videos/AVI Converted/13.avi",3198.7,29.97,Dominant,Lead,Reproductive,,POINT
193,193,862.695,"C:/Users/Biolab/Desktop/Dyad Score Log Data for Editing 1-6,8-19/Dyad Videos/AVI Converted/13.avi",3198.7,29.97,Dominant,Charge,Aggressive,,POINT
194,194,863.768,"C:/Users/Biolab/Desktop/Dyad Score Log Data for Editing 1-6,8-19/Dyad Videos/AVI Converted/13.avi",3198.7,29.97,Dominant,Lead,Reproductive,,POINT
195,195,863.768,"C:/Users/Biolab/Desktop/Dyad Score Log Data for Editing 1-6,8-19/Dyad Videos/AVI Converted/13.avi",3198.7,29.97,Dominant,Biting,Aggressive,,POINT
196,196,866.195,"C:/Users/Biolab/Desktop/Dyad Score Log Data for Editing 1-6,8-19/Dyad Videos/AVI Converted/13.avi",3198.7,29.97,Dominant,Charge,Aggressive,,POINT
197,197,866.195,"C:/Users/Biolab/Desktop/Dyad Score Log Data for Editing 1-6,8-19/Dyad Videos/AVI Converted/13.avi",3198.7,29.97,Dominant,Biting,Aggressive,,POINT
198,198,871.72,"C:/Users/Biolab/Desktop/Dyad Score Log Data for Editing 1-6,8-19/Dyad Videos/AVI Converted/13.avi",3198.7,29.97,Dominant,Charge,Aggressive,,POINT
199,199,872.37,"C:/Users/Biolab/Desktop/Dyad Score Log Data for Editing 1-6,8-19/Dyad Videos/AVI Converted/13.avi",3198.7,29.97,Dominant,Biting,Aggressive,,POINT
200,200,877.083,"C:/Users/Biolab/Desktop/Dyad Score Log Data for Editing 1-6,8-19/Dyad Videos/AVI Converted/13.avi",3198.7,29.97,Dominant,Dig Substrate,Reproductive,,POINT
201,201,878.995,"C:/Users/Biolab/Desktop/Dyad Score Log Data for Editing 1-6,8-19/Dyad Videos/AVI Converted/13.avi",3198.7,29.97,Dominant,Charge,Aggressive,,POINT
202,202,879.871,"C:/Users/Biolab/Desktop/Dyad Score Log Data for Editing 1-6,8-19/Dyad Videos/AVI Converted/13.avi",3198.7,29.97,Dominant,Biting,Aggressive,,POINT
203,203,881.086,"C:/Users/Biolab/Desktop/Dyad Score Log Data for Editing 1-6,8-19/Dyad Videos/AVI Converted/13.avi",3198.7,29.97,Dominant,Biting,Aggressive,,POINT
204,204,886.188,"C:/Users/Biolab/Desktop/Dyad Score Log Data for Editing 1-6,8-19/Dyad Videos/AVI Converted/13.avi",3198.7,29.97,Dominant,Chase,Aggressive,,POINT
205,205,886.27,"C:/Users/Biolab/Desktop/Dyad Score Log Data for Editing 1-6,8-19/Dyad Videos/AVI Converted/13.avi",3198.7,29.97,Dominant,Biting,Aggressive,,POINT
206,206,887.189,"C:/Users/Biolab/Desktop/Dyad Score Log Data for Editing 1-6,8-19/Dyad Videos/AVI Converted/13.avi",3198.7,29.97,Dominant,Chase,Aggressive,,POINT
207,207,890.494,"C:/Users/Biolab/Desktop/Dyad Score Log Data for Editing 1-6,8-19/Dyad Videos/AVI Converted/13.avi",3198.7,29.97,Dominant,Foraging,Reproductive,,POINT
208,208,890.996,"C:/Users/Biolab/Desktop/Dyad Score Log Data for Editing 1-6,8-19/Dyad Videos/AVI Converted/13.avi",3198.7,29.97,Dominant,Foraging,Reproductive,,POINT
209,209,891.995,"C:/Users/Biolab/Desktop/Dyad Score Log Data for Editing 1-6,8-19/Dyad Videos/AVI Converted/13.avi",3198.7,29.97,Dominant,Foraging,Reproductive,,POINT
210,210,893.299,"C:/Users/Biolab/Desktop/Dyad Score Log Data for Editing 1-6,8-19/Dyad Videos/AVI Converted/13.avi",3198.7,29.97,Dominant,Foraging,Reproductive,,POINT
211,211,897.802,"C:/Users/Biolab/Desktop/Dyad Score Log Data for Editing 1-6,8-19/Dyad Videos/AVI Converted/13.avi",3198.7,29.97,Dominant,Dig Substrate,Reproductive,,POINT
212,212,904.509,"C:/Users/Biolab/Desktop/Dyad Score Log Data for Editing 1-6,8-19/Dyad Videos/AVI Converted/13.avi",3198.7,29.97,Dominant,Chase,Aggressive,,POINT
213,213,906.21,"C:/Users/Biolab/Desktop/Dyad Score Log Data for Editing 1-6,8-19/Dyad Videos/AVI Converted/13.avi",3198.7,29.97,Dominant,Chase,Aggressive,,POINT
214,214,913.118,"C:/Users/Biolab/Desktop/Dyad Score Log Data for Editing 1-6,8-19/Dyad Videos/AVI Converted/13.avi",3198.7,29.97,Dominant,Dig Substrate,Reproductive,,POINT
215,215,916.92,"C:/Users/Biolab/Desktop/Dyad Score Log Data for Editing 1-6,8-19/Dyad Videos/AVI Converted/13.avi",3198.7,29.97,Dominant,Dig Substrate,Reproductive,,POINT
216,216,924.629,"C:/Users/Biolab/Desktop/Dyad Score Log Data for Editing 1-6,8-19/Dyad Videos/AVI Converted/13.avi",3198.7,29.97,Dominant,Dig Substrate,Reproductive,,POINT
217,217,927.133,"C:/Users/Biolab/Desktop/Dyad Score Log Data for Editing 1-6,8-19/Dyad Videos/AVI Converted/13.avi",3198.7,29.97,Dominant,Dig Substrate,Reproductive,,POINT
218,218,933.438,"C:/Users/Biolab/Desktop/Dyad Score Log Data for Editing 1-6,8-19/Dyad Videos/AVI Converted/13.avi",3198.7,29.97,Dominant,Charge,Aggressive,,POINT
219,219,934.036,"C:/Users/Biolab/Desktop/Dyad Score Log Data for Editing 1-6,8-19/Dyad Videos/AVI Converted/13.avi",3198.7,29.97,Dominant,Chase,Aggressive,,POINT
220,220,936.841,"C:/Users/Biolab/Desktop/Dyad Score Log Data for Editing 1-6,8-19/Dyad Videos/AVI Converted/13.avi",3198.7,29.97,Dominant,Biting,Aggressive,,POINT
221,221,936.841,"C:/Users/Biolab/Desktop/Dyad Score Log Data for Editing 1-6,8-19/Dyad Videos/AVI Converted/13.avi",3198.7,29.97,Dominant,Scrape,Aggressive,,POINT
222,222,936.941,"C:/Users/Biolab/Desktop/Dyad Score Log Data for Editing 1-6,8-19/Dyad Videos/AVI Converted/13.avi",3198.7,29.97,Dominant,Chase,Aggressive,,POINT
223,223,952.963,"C:/Users/Biolab/Desktop/Dyad Score Log Data for Editing 1-6,8-19/Dyad Videos/AVI Converted/13.avi",3198.7,29.97,Dominant,Charge,Aggressive,,POINT
224,224,953.554,"C:/Users/Biolab/Desktop/Dyad Score Log Data for Editing 1-6,8-19/Dyad Videos/AVI Converted/13.avi",3198.7,29.97,Dominant,Biting,Aggressive,,POINT
225,225,953.554,"C:/Users/Biolab/Desktop/Dyad Score Log Data for Editing 1-6,8-19/Dyad Videos/AVI Converted/13.avi",3198.7,29.97,Dominant,Chase,Aggressive,,POINT
226,226,954.058,"C:/Users/Biolab/Desktop/Dyad Score Log Data for Editing 1-6,8-19/Dyad Videos/AVI Converted/13.avi",3198.7,29.97,Dominant,Scrape,Aggressive,,POINT
227,227,956.361,"C:/Users/Biolab/Desktop/Dyad Score Log Data for Editing 1-6,8-19/Dyad Videos/AVI Converted/13.avi",3198.7,29.97,Dominant,Lead,Reproductive,,POINT
228,228,959.163,"C:/Users/Biolab/Desktop/Dyad Score Log Data for Editing 1-6,8-19/Dyad Videos/AVI Converted/13.avi",3198.7,29.97,Dominant,Foraging,Reproductive,,POINT
229,229,970.075,"C:/Users/Biolab/Desktop/Dyad Score Log Data for Editing 1-6,8-19/Dyad Videos/AVI Converted/13.avi",3198.7,29.97,Dominant,Foraging,Reproductive,,POINT
230,230,983.29,"C:/Users/Biolab/Desktop/Dyad Score Log Data for Editing 1-6,8-19/Dyad Videos/AVI Converted/13.avi",3198.7,29.97,Dominant,Dig Substrate,Reproductive,,POINT
231,231,987.492,"C:/Users/Biolab/Desktop/Dyad Score Log Data for Editing 1-6,8-19/Dyad Videos/AVI Converted/13.avi",3198.7,29.97,Dominant,Dig Substrate,Reproductive,,POINT
232,232,988.191,"C:/Users/Biolab/Desktop/Dyad Score Log Data for Editing 1-6,8-19/Dyad Videos/AVI Converted/13.avi",3198.7,29.97,Dominant,Dig Substrate,Reproductive,,POINT
233,233,997.101,"C:/Users/Biolab/Desktop/Dyad Score Log Data for Editing 1-6,8-19/Dyad Videos/AVI Converted/13.avi",3198.7,29.97,Dominant,Dig Substrate,Reproductive,,POINT
234,234,997.903,"C:/Users/Biolab/Desktop/Dyad Score Log Data for Editing 1-6,8-19/Dyad Videos/AVI Converted/13.avi",3198.7,29.97,Dominant,Dig Substrate,Reproductive,,POINT
235,235,1003.208,"C:/Users/Biolab/Desktop/Dyad Score Log Data for Editing 1-6,8-19/Dyad Videos/AVI Converted/13.avi",3198.7,29.97,Dominant,Quiver,Reproductive,,POINT
236,236,1004.568,"C:/Users/Biolab/Desktop/Dyad Score Log Data for Editing 1-6,8-19/Dyad Videos/AVI Converted/13.avi",3198.7,29.97,Dominant,Charge,Aggressive,,POINT
237,237,1004.71,"C:/Users/Biolab/Desktop/Dyad Score Log Data for Editing 1-6,8-19/Dyad Videos/AVI Converted/13.avi",3198.7,29.97,Dominant,Chase,Aggressive,,POINT
238,238,1004.71,"C:/Users/Biolab/Desktop/Dyad Score Log Data for Editing 1-6,8-19/Dyad Videos/AVI Converted/13.avi",3198.7,29.97,Dominant,Scrape,Aggressive,,POINT
239,239,1011.417,"C:/Users/Biolab/Desktop/Dyad Score Log Data for Editing 1-6,8-19/Dyad Videos/AVI Converted/13.avi",3198.7,29.97,Dominant,Lead,Reproductive,,POINT
240,240,1013.218,"C:/Users/Biolab/Desktop/Dyad Score Log Data for Editing 1-6,8-19/Dyad Videos/AVI Converted/13.avi",3198.7,29.97,Dominant,Lead,Reproductive,,POINT
241,241,1018.02,"C:/Users/Biolab/Desktop/Dyad Score Log Data for Editing 1-6,8-19/Dyad Videos/AVI Converted/13.avi",3198.7,29.97,Dominant,Chase,Aggressive,,POINT
242,242,1019.324,"C:/Users/Biolab/Desktop/Dyad Score Log Data for Editing 1-6,8-19/Dyad Videos/AVI Converted/13.avi",3198.7,29.97,Dominant,Lead,Reproductive,,POINT
243,243,1019.524,"C:/Users/Biolab/Desktop/Dyad Score Log Data for Editing 1-6,8-19/Dyad Videos/AVI Converted/13.avi",3198.7,29.97,Dominant,Lead,Reproductive,,POINT
244,244,1019.993,"C:/Users/Biolab/Desktop/Dyad Score Log Data for Editing 1-6,8-19/Dyad Videos/AVI Converted/13.avi",3198.7,29.97,Dominant,Biting,Aggressive,,POINT
245,245,1028.234,"C:/Users/Biolab/Desktop/Dyad Score Log Data for Editing 1-6,8-19/Dyad Videos/AVI Converted/13.avi",3198.7,29.97,Dominant,Dig Substrate,Reproductive,,POINT
246,246,1030.835,"C:/Users/Biolab/Desktop/Dyad Score Log Data for Editing 1-6,8-19/Dyad Videos/AVI Converted/13.avi",3198.7,29.97,Dominant,Dig Substrate,Reproductive,,POINT
247,247,1034.135,"C:/Users/Biolab/Desktop/Dyad Score Log Data for Editing 1-6,8-19/Dyad Videos/AVI Converted/13.avi",3198.7,29.97,Dominant,Dig Substrate,Reproductive,,POINT
248,248,1035.442,"C:/Users/Biolab/Desktop/Dyad Score Log Data for Editing 1-6,8-19/Dyad Videos/AVI Converted/13.avi",3198.7,29.97,Dominant,Dig Substrate,Reproductive,,POINT
249,249,1039.443,"C:/Users/Biolab/Desktop/Dyad Score Log Data for Editing 1-6,8-19/Dyad Videos/AVI Converted/13.avi",3198.7,29.97,Dominant,Dig Substrate,Reproductive,,POINT
250,250,1039.745,"C:/Users/Biolab/Desktop/Dyad Score Log Data for Editing 1-6,8-19/Dyad Videos/AVI Converted/13.avi",3198.7,29.97,Dominant,Dig Substrate,Reproductive,,POINT
251,251,1042.048,"C:/Users/Biolab/Desktop/Dyad Score Log Data for Editing 1-6,8-19/Dyad Videos/AVI Converted/13.avi",3198.7,29.97,Dominant,Dig Substrate,Reproductive,,POINT
252,252,1045.048,"C:/Users/Biolab/Desktop/Dyad Score Log Data for Editing 1-6,8-19/Dyad Videos/AVI Converted/13.avi",3198.7,29.97,Dominant,Dig Substrate,Reproductive,,POINT
253,253,1050.652,"C:/Users/Biolab/Desktop/Dyad Score Log Data for Editing 1-6,8-19/Dyad Videos/AVI Converted/13.avi",3198.7,29.97,Dominant,Dig Substrate,Reproductive,,POINT
254,254,1051.655,"C:/Users/Biolab/Desktop/Dyad Score Log Data for Editing 1-6,8-19/Dyad Videos/AVI Converted/13.avi",3198.7,29.97,Dominant,Dig Substrate,Reproductive,,POINT
255,255,1055.76,"C:/Users/Biolab/Desktop/Dyad Score Log Data for Editing 1-6,8-19/Dyad Videos/AVI Converted/13.avi",3198.7,29.97,Dominant,Foraging,Reproductive,,POINT
256,256,1072.577,"C:/Users/Biolab/Desktop/Dyad Score Log Data for Editing 1-6,8-19/Dyad Videos/AVI Converted/13.avi",3198.7,29.97,Dominant,Pot Entry,Reproductive,,POINT
257,257,1073.676,"C:/Users/Biolab/Desktop/Dyad Score Log Data for Editing 1-6,8-19/Dyad Videos/AVI Converted/13.avi",3198.7,29.97,Dominant,Pot Dig,Reproductive,,POINT
258,258,1075.48,"C:/Users/Biolab/Desktop/Dyad Score Log Data for Editing 1-6,8-19/Dyad Videos/AVI Converted/13.avi",3198.7,29.97,Dominant,Pot Dig,Reproductive,,POINT
259,259,1077.278,"C:/Users/Biolab/Desktop/Dyad Score Log Data for Editing 1-6,8-19/Dyad Videos/AVI Converted/13.avi",3198.7,29.97,Dominant,Pot Dig,Reproductive,,POINT
260,260,1078.983,"C:/Users/Biolab/Desktop/Dyad Score Log Data for Editing 1-6,8-19/Dyad Videos/AVI Converted/13.avi",3198.7,29.97,Dominant,Pot Dig,Reproductive,,POINT
261,261,1080.284,"C:/Users/Biolab/Desktop/Dyad Score Log Data for Editing 1-6,8-19/Dyad Videos/AVI Converted/13.avi",3198.7,29.97,Dominant,Pot Exit,Reproductive,,POINT
262,262,1083.289,"C:/Users/Biolab/Desktop/Dyad Score Log Data for Editing 1-6,8-19/Dyad Videos/AVI Converted/13.avi",3198.7,29.97,Dominant,Dig Substrate,Reproductive,,POINT
263,263,1085.99,"C:/Users/Biolab/Desktop/Dyad Score Log Data for Editing 1-6,8-19/Dyad Videos/AVI Converted/13.avi",3198.7,29.97,Dominant,Dig Substrate,Reproductive,,POINT
264,264,1086.491,"C:/Users/Biolab/Desktop/Dyad Score Log Data for Editing 1-6,8-19/Dyad Videos/AVI Converted/13.avi",3198.7,29.97,Dominant,Dig Substrate,Reproductive,,POINT
265,265,1088.593,"C:/Users/Biolab/Desktop/Dyad Score Log Data for Editing 1-6,8-19/Dyad Videos/AVI Converted/13.avi",3198.7,29.97,Dominant,Dig Substrate,Reproductive,,POINT
266,266,1090.795,"C:/Users/Biolab/Desktop/Dyad Score Log Data for Editing 1-6,8-19/Dyad Videos/AVI Converted/13.avi",3198.7,29.97,Dominant,Dig Substrate,Reproductive,,POINT
267,267,1092.898,"C:/Users/Biolab/Desktop/Dyad Score Log Data for Editing 1-6,8-19/Dyad Videos/AVI Converted/13.avi",3198.7,29.97,Dominant,Dig Substrate,Reproductive,,POINT
268,268,1094.399,"C:/Users/Biolab/Desktop/Dyad Score Log Data for Editing 1-6,8-19/Dyad Videos/AVI Converted/13.avi",3198.7,29.97,Dominant,Dig Substrate,Reproductive,,POINT
269,269,1096.902,"C:/Users/Biolab/Desktop/Dyad Score Log Data for Editing 1-6,8-19/Dyad Videos/AVI Converted/13.avi",3198.7,29.97,Dominant,Dig Substrate,Reproductive,,POINT
270,270,1102.931,"C:/Users/Biolab/Desktop/Dyad Score Log Data for Editing 1-6,8-19/Dyad Videos/AVI Converted/13.avi",3198.7,29.97,Dominant,Charge,Aggressive,,POINT
271,271,1105.807,"C:/Users/Biolab/Desktop/Dyad Score Log Data for Editing 1-6,8-19/Dyad Videos/AVI Converted/13.avi",3198.7,29.97,Dominant,Chase,Aggressive,,POINT
272,272,1106.507,"C:/Users/Biolab/Desktop/Dyad Score Log Data for Editing 1-6,8-19/Dyad Videos/AVI Converted/13.avi",3198.7,29.97,Dominant,Biting,Aggressive,,POINT
273,273,1108.081,"C:/Users/Biolab/Desktop/Dyad Score Log Data for Editing 1-6,8-19/Dyad Videos/AVI Converted/13.avi",3198.7,29.97,Dominant,Biting,Aggressive,,POINT
274,274,1109.514,"C:/Users/Biolab/Desktop/Dyad Score Log Data for Editing 1-6,8-19/Dyad Videos/AVI Converted/13.avi",3198.7,29.97,Dominant,Chase,Aggressive,,POINT
275,275,1110.314,"C:/Users/Biolab/Desktop/Dyad Score Log Data for Editing 1-6,8-19/Dyad Videos/AVI Converted/13.avi",3198.7,29.97,Dominant,Chase,Aggressive,,POINT
276,276,1112.482,"C:/Users/Biolab/Desktop/Dyad Score Log Data for Editing 1-6,8-19/Dyad Videos/AVI Converted/13.avi",3198.7,29.97,Dominant,Charge,Aggressive,,POINT
277,277,1114.307,"C:/Users/Biolab/Desktop/Dyad Score Log Data for Editing 1-6,8-19/Dyad Videos/AVI Converted/13.avi",3198.7,29.97,Dominant,Charge,Aggressive,,POINT
278,278,1122.357,"C:/Users/Biolab/Desktop/Dyad Score Log Data for Editing 1-6,8-19/Dyad Videos/AVI Converted/13.avi",3198.7,29.97,Dominant,Charge,Aggressive,,POINT
279,279,1122.357,"C:/Users/Biolab/Desktop/Dyad Score Log Data for Editing 1-6,8-19/Dyad Videos/AVI Converted/13.avi",3198.7,29.97,Dominant,Biting,Aggressive,,POINT
280,280,1124.329,"C:/Users/Biolab/Desktop/Dyad Score Log Data for Editing 1-6,8-19/Dyad Videos/AVI Converted/13.avi",3198.7,29.97,Dominant,Biting,Aggressive,,POINT
281,281,1124.529,"C:/Users/Biolab/Desktop/Dyad Score Log Data for Editing 1-6,8-19/Dyad Videos/AVI Converted/13.avi",3198.7,29.97,Dominant,Scrape,Aggressive,,POINT
282,282,1132.236,"C:/Users/Biolab/Desktop/Dyad Score Log Data for Editing 1-6,8-19/Dyad Videos/AVI Converted/13.avi",3198.7,29.97,Dominant,Dig Substrate,Reproductive,,POINT
283,283,1133.282,"C:/Users/Biolab/Desktop/Dyad Score Log Data for Editing 1-6,8-19/Dyad Videos/AVI Converted/13.avi",3198.7,29.97,Dominant,Charge,Aggressive,,POINT
284,284,1134.181,"C:/Users/Biolab/Desktop/Dyad Score Log Data for Editing 1-6,8-19/Dyad Videos/AVI Converted/13.avi",3198.7,29.97,Dominant,Biting,Aggressive,,POINT
285,285,1137.843,"C:/Users/Biolab/Desktop/Dyad Score Log Data for Editing 1-6,8-19/Dyad Videos/AVI Converted/13.avi",3198.7,29.97,Dominant,Lead,Reproductive,,POINT
286,286,1143.848,"C:/Users/Biolab/Desktop/Dyad Score Log Data for Editing 1-6,8-19/Dyad Videos/AVI Converted/13.avi",3198.7,29.97,Dominant,Chase,Aggressive,,POINT
287,287,1146.849,"C:/Users/Biolab/Desktop/Dyad Score Log Data for Editing 1-6,8-19/Dyad Videos/AVI Converted/13.avi",3198.7,29.97,Dominant,Lead,Reproductive,,POINT
288,288,1150.155,"C:/Users/Biolab/Desktop/Dyad Score Log Data for Editing 1-6,8-19/Dyad Videos/AVI Converted/13.avi",3198.7,29.97,Dominant,Lead,Reproductive,,POINT
289,289,1153.755,"C:/Users/Biolab/Desktop/Dyad Score Log Data for Editing 1-6,8-19/Dyad Videos/AVI Converted/13.avi",3198.7,29.97,Dominant,Dig Substrate,Reproductive,,POINT
290,290,1155.26,"C:/Users/Biolab/Desktop/Dyad Score Log Data for Editing 1-6,8-19/Dyad Videos/AVI Converted/13.avi",3198.7,29.97,Dominant,Foraging,Reproductive,,POINT
291,291,1156.261,"C:/Users/Biolab/Desktop/Dyad Score Log Data for Editing 1-6,8-19/Dyad Videos/AVI Converted/13.avi",3198.7,29.97,Dominant,Foraging,Reproductive,,POINT
292,292,1160.764,"C:/Users/Biolab/Desktop/Dyad Score Log Data for Editing 1-6,8-19/Dyad Videos/AVI Converted/13.avi",3198.7,29.97,Dominant,Foraging,Reproductive,,POINT
293,293,1163.067,"C:/Users/Biolab/Desktop/Dyad Score Log Data for Editing 1-6,8-19/Dyad Videos/AVI Converted/13.avi",3198.7,29.97,Dominant,Chase,Aggressive,,POINT
294,294,1163.067,"C:/Users/Biolab/Desktop/Dyad Score Log Data for Editing 1-6,8-19/Dyad Videos/AVI Converted/13.avi",3198.7,29.97,Dominant,Scrape,Aggressive,,POINT
295,295,1173.778,"C:/Users/Biolab/Desktop/Dyad Score Log Data for Editing 1-6,8-19/Dyad Videos/AVI Converted/13.avi",3198.7,29.97,Dominant,Chase,Aggressive,,POINT
296,296,1174.007,"C:/Users/Biolab/Desktop/Dyad Score Log Data for Editing 1-6,8-19/Dyad Videos/AVI Converted/13.avi",3198.7,29.97,Dominant,Charge,Aggressive,,POINT
297,297,1178.78,"C:/Users/Biolab/Desktop/Dyad Score Log Data for Editing 1-6,8-19/Dyad Videos/AVI Converted/13.avi",3198.7,29.97,Dominant,Lead,Reproductive,,POINT
298,298,1191.3,"C:/Users/Biolab/Desktop/Dyad Score Log Data for Editing 1-6,8-19/Dyad Videos/AVI Converted/13.avi",3198.7,29.97,Dominant,Dig Substrate,Reproductive,,POINT
299,299,1192.896,"C:/Users/Biolab/Desktop/Dyad Score Log Data for Editing 1-6,8-19/Dyad Videos/AVI Converted/13.avi",3198.7,29.97,Dominant,Dig Substrate,Reproductive,,POINT
300,300,1195.399,"C:/Users/Biolab/Desktop/Dyad Score Log Data for Editing 1-6,8-19/Dyad Videos/AVI Converted/13.avi",3198.7,29.97,Dominant,Foraging,Reproductive,,POINT
301,301,1195.899,"C:/Users/Biolab/Desktop/Dyad Score Log Data for Editing 1-6,8-19/Dyad Videos/AVI Converted/13.avi",3198.7,29.97,Dominant,Foraging,Reproductive,,POINT
302,302,1199.704,"C:/Users/Biolab/Desktop/Dyad Score Log Data for Editing 1-6,8-19/Dyad Videos/AVI Converted/13.avi",3198.7,29.97,Dominant,Lead,Reproductive,,POINT
303,303,1201.958,"C:/Users/Biolab/Desktop/Dyad Score Log Data for Editing 1-6,8-19/Dyad Videos/AVI Converted/13.avi",3198.7,29.97,Dominant,Charge,Aggressive,,POINT
304,304,1201.958,"C:/Users/Biolab/Desktop/Dyad Score Log Data for Editing 1-6,8-19/Dyad Videos/AVI Converted/13.avi",3198.7,29.97,Dominant,Biting,Aggressive,,POINT
305,305,1202.306,"C:/Users/Biolab/Desktop/Dyad Score Log Data for Editing 1-6,8-19/Dyad Videos/AVI Converted/13.avi",3198.7,29.97,Dominant,Chase,Aggressive,,POINT
306,306,1208.114,"C:/Users/Biolab/Desktop/Dyad Score Log Data for Editing 1-6,8-19/Dyad Videos/AVI Converted/13.avi",3198.7,29.97,Dominant,Dig Substrate,Reproductive,,POINT
307,307,1214.208,"C:/Users/Biolab/Desktop/Dyad Score Log Data for Editing 1-6,8-19/Dyad Videos/AVI Converted/13.avi",3198.7,29.97,Dominant,Charge,Aggressive,,POINT
308,308,1214.208,"C:/Users/Biolab/Desktop/Dyad Score Log Data for Editing 1-6,8-19/Dyad Videos/AVI Converted/13.avi",3198.7,29.97,Dominant,Biting,Aggressive,,POINT
309,309,1219.324,"C:/Users/Biolab/Desktop/Dyad Score Log Data for Editing 1-6,8-19/Dyad Videos/AVI Converted/13.avi",3198.7,29.97,Dominant,Dig Substrate,Reproductive,,POINT
310,310,1219.623,"C:/Users/Biolab/Desktop/Dyad Score Log Data for Editing 1-6,8-19/Dyad Videos/AVI Converted/13.avi",3198.7,29.97,Dominant,Dig Substrate,Reproductive,,POINT
311,311,1222.958,"C:/Users/Biolab/Desktop/Dyad Score Log Data for Editing 1-6,8-19/Dyad Videos/AVI Converted/13.avi",3198.7,29.97,Dominant,Charge,Aggressive,,POINT
312,312,1223.127,"C:/Users/Biolab/Desktop/Dyad Score Log Data for Editing 1-6,8-19/Dyad Videos/AVI Converted/13.avi",3198.7,29.97,Dominant,Biting,Aggressive,,POINT
313,313,1225.108,"C:/Users/Biolab/Desktop/Dyad Score Log Data for Editing 1-6,8-19/Dyad Videos/AVI Converted/13.avi",3198.7,29.97,Dominant,Charge,Aggressive,,POINT
314,314,1225.108,"C:/Users/Biolab/Desktop/Dyad Score Log Data for Editing 1-6,8-19/Dyad Videos/AVI Converted/13.avi",3198.7,29.97,Dominant,Biting,Aggressive,,POINT
315,315,1231.183,"C:/Users/Biolab/Desktop/Dyad Score Log Data for Editing 1-6,8-19/Dyad Videos/AVI Converted/13.avi",3198.7,29.97,Dominant,Pot Entry,Reproductive,,POINT
316,316,1232.737,"C:/Users/Biolab/Desktop/Dyad Score Log Data for Editing 1-6,8-19/Dyad Videos/AVI Converted/13.avi",3198.7,29.97,Dominant,Pot Dig,Reproductive,,POINT
317,317,1237.041,"C:/Users/Biolab/Desktop/Dyad Score Log Data for Editing 1-6,8-19/Dyad Videos/AVI Converted/13.avi",3198.7,29.97,Dominant,Pot Dig,Reproductive,,POINT
318,318,1240.341,"C:/Users/Biolab/Desktop/Dyad Score Log Data for Editing 1-6,8-19/Dyad Videos/AVI Converted/13.avi",3198.7,29.97,Dominant,Pot Dig,Reproductive,,POINT
319,319,1241.345,"C:/Users/Biolab/Desktop/Dyad Score Log Data for Editing 1-6,8-19/Dyad Videos/AVI Converted/13.avi",3198.7,29.97,Dominant,Pot Dig,Reproductive,,POINT
320,320,1242.478,"C:/Users/Biolab/Desktop/Dyad Score Log Data for Editing 1-6,8-19/Dyad Videos/AVI Converted/13.avi",3198.7,29.97,Dominant,Pot Exit,Reproductive,,POINT
321,321,1246.247,"C:/Users/Biolab/Desktop/Dyad Score Log Data for Editing 1-6,8-19/Dyad Videos/AVI Converted/13.avi",3198.7,29.97,Dominant,Chase,Aggressive,,POINT
322,322,1246.304,"C:/Users/Biolab/Desktop/Dyad Score Log Data for Editing 1-6,8-19/Dyad Videos/AVI Converted/13.avi",3198.7,29.97,Dominant,Chase,Aggressive,,POINT
323,323,1247.352,"C:/Users/Biolab/Desktop/Dyad Score Log Data for Editing 1-6,8-19/Dyad Videos/AVI Converted/13.avi",3198.7,29.97,Dominant,Biting,Aggressive,,POINT
324,324,1247.352,"C:/Users/Biolab/Desktop/Dyad Score Log Data for Editing 1-6,8-19/Dyad Videos/AVI Converted/13.avi",3198.7,29.97,Dominant,Chase,Aggressive,,POINT
325,325,1247.352,"C:/Users/Biolab/Desktop/Dyad Score Log Data for Editing 1-6,8-19/Dyad Videos/AVI Converted/13.avi",3198.7,29.97,Dominant,Scrape,Aggressive,,POINT
326,326,1247.352,"C:/Users/Biolab/Desktop/Dyad Score Log Data for Editing 1-6,8-19/Dyad Videos/AVI Converted/13.avi",3198.7,29.97,Dominant,Scrape,Aggressive,,POINT
327,327,1254.558,"C:/Users/Biolab/Desktop/Dyad Score Log Data for Editing 1-6,8-19/Dyad Videos/AVI Converted/13.avi",3198.7,29.97,Dominant,Dig Substrate,Reproductive,,POINT
328,328,1255.559,"C:/Users/Biolab/Desktop/Dyad Score Log Data for Editing 1-6,8-19/Dyad Videos/AVI Converted/13.avi",3198.7,29.97,Dominant,Dig Substrate,Reproductive,,POINT
329,329,1262.165,"C:/Users/Biolab/Desktop/Dyad Score Log Data for Editing 1-6,8-19/Dyad Videos/AVI Converted/13.avi",3198.7,29.97,Dominant,Dig Substrate,Reproductive,,POINT
330,330,1264.269,"C:/Users/Biolab/Desktop/Dyad Score Log Data for Editing 1-6,8-19/Dyad Videos/AVI Converted/13.avi",3198.7,29.97,Dominant,Dig Substrate,Reproductive,,POINT
331,331,1266.771,"C:/Users/Biolab/Desktop/Dyad Score Log Data for Editing 1-6,8-19/Dyad Videos/AVI Converted/13.avi",3198.7,29.97,Dominant,Dig Substrate,Reproductive,,POINT
332,332,1267.571,"C:/Users/Biolab/Desktop/Dyad Score Log Data for Editing 1-6,8-19/Dyad Videos/AVI Converted/13.avi",3198.7,29.97,Dominant,Dig Substrate,Reproductive,,POINT
333,333,1272.179,"C:/Users/Biolab/Desktop/Dyad Score Log Data for Editing 1-6,8-19/Dyad Videos/AVI Converted/13.avi",3198.7,29.97,Dominant,Dig Substrate,Reproductive,,POINT
334,334,1272.975,"C:/Users/Biolab/Desktop/Dyad Score Log Data for Editing 1-6,8-19/Dyad Videos/AVI Converted/13.avi",3198.7,29.97,Dominant,Dig Substrate,Reproductive,,POINT
335,335,1278.183,"C:/Users/Biolab/Desktop/Dyad Score Log Data for Editing 1-6,8-19/Dyad Videos/AVI Converted/13.avi",3198.7,29.97,Dominant,Dig Substrate,Reproductive,,POINT
336,336,1280.484,"C:/Users/Biolab/Desktop/Dyad Score Log Data for Editing 1-6,8-19/Dyad Videos/AVI Converted/13.avi",3198.7,29.97,Dominant,Dig Substrate,Reproductive,,POINT
337,337,1286.517,"C:/Users/Biolab/Desktop/Dyad Score Log Data for Editing 1-6,8-19/Dyad Videos/AVI Converted/13.avi",3198.7,29.97,Dominant,Dig Substrate,Reproductive,,POINT
338,338,1286.99,"C:/Users/Biolab/Desktop/Dyad Score Log Data for Editing 1-6,8-19/Dyad Videos/AVI Converted/13.avi",3198.7,29.97,Dominant,Scrape,Aggressive,,POINT
339,339,1287.418,"C:/Users/Biolab/Desktop/Dyad Score Log Data for Editing 1-6,8-19/Dyad Videos/AVI Converted/13.avi",3198.7,29.97,Dominant,Charge,Aggressive,,POINT
340,340,1287.693,"C:/Users/Biolab/Desktop/Dyad Score Log Data for Editing 1-6,8-19/Dyad Videos/AVI Converted/13.avi",3198.7,29.97,Dominant,Biting,Aggressive,,POINT
341,341,1288.767,"C:/Users/Biolab/Desktop/Dyad Score Log Data for Editing 1-6,8-19/Dyad Videos/AVI Converted/13.avi",3198.7,29.97,Dominant,Biting,Aggressive,,POINT
342,342,1289.292,"C:/Users/Biolab/Desktop/Dyad Score Log Data for Editing 1-6,8-19/Dyad Videos/AVI Converted/13.avi",3198.7,29.97,Dominant,Scrape,Aggressive,,POINT
343,343,1289.595,"C:/Users/Biolab/Desktop/Dyad Score Log Data for Editing 1-6,8-19/Dyad Videos/AVI Converted/13.avi",3198.7,29.97,Dominant,Chase,Aggressive,,POINT
344,344,1291.943,"C:/Users/Biolab/Desktop/Dyad Score Log Data for Editing 1-6,8-19/Dyad Videos/AVI Converted/13.avi",3198.7,29.97,Dominant,Charge,Aggressive,,POINT
345,345,1292.496,"C:/Users/Biolab/Desktop/Dyad Score Log Data for Editing 1-6,8-19/Dyad Videos/AVI Converted/13.avi",3198.7,29.97,Dominant,Chase,Aggressive,,POINT
346,346,1295.6,"C:/Users/Biolab/Desktop/Dyad Score Log Data for Editing 1-6,8-19/Dyad Videos/AVI Converted/13.avi",3198.7,29.97,Dominant,Chase,Aggressive,,POINT
347,347,1301.304,"C:/Users/Biolab/Desktop/Dyad Score Log Data for Editing 1-6,8-19/Dyad Videos/AVI Converted/13.avi",3198.7,29.97,Dominant,Chase,Aggressive,,POINT
348,348,1301.304,"C:/Users/Biolab/Desktop/Dyad Score Log Data for Editing 1-6,8-19/Dyad Videos/AVI Converted/13.avi",3198.7,29.97,Dominant,Lateral Side Display,Aggressive,,POINT
349,349,1301.593,"C:/Users/Biolab/Desktop/Dyad Score Log Data for Editing 1-6,8-19/Dyad Videos/AVI Converted/13.avi",3198.7,29.97,Dominant,Charge,Aggressive,,POINT
350,350,1311.493,"C:/Users/Biolab/Desktop/Dyad Score Log Data for Editing 1-6,8-19/Dyad Videos/AVI Converted/13.avi",3198.7,29.97,Dominant,Biting,Aggressive,,POINT
351,351,1312.293,"C:/Users/Biolab/Desktop/Dyad Score Log Data for Editing 1-6,8-19/Dyad Videos/AVI Converted/13.avi",3198.7,29.97,Dominant,Biting,Aggressive,,POINT
352,352,1313.067,"C:/Users/Biolab/Desktop/Dyad Score Log Data for Editing 1-6,8-19/Dyad Videos/AVI Converted/13.avi",3198.7,29.97,Dominant,Charge,Aggressive,,POINT
353,353,1313.067,"C:/Users/Biolab/Desktop/Dyad Score Log Data for Editing 1-6,8-19/Dyad Videos/AVI Converted/13.avi",3198.7,29.97,Dominant,Biting,Aggressive,,POINT
354,354,1314.268,"C:/Users/Biolab/Desktop/Dyad Score Log Data for Editing 1-6,8-19/Dyad Videos/AVI Converted/13.avi",3198.7,29.97,Dominant,Lead,Reproductive,,POINT
355,355,1315.218,"C:/Users/Biolab/Desktop/Dyad Score Log Data for Editing 1-6,8-19/Dyad Videos/AVI Converted/13.avi",3198.7,29.97,Dominant,Lead,Reproductive,,POINT
356,356,1317.768,"C:/Users/Biolab/Desktop/Dyad Score Log Data for Editing 1-6,8-19/Dyad Videos/AVI Converted/13.avi",3198.7,29.97,Dominant,Charge,Aggressive,,POINT
357,357,1317.768,"C:/Users/Biolab/Desktop/Dyad Score Log Data for Editing 1-6,8-19/Dyad Videos/AVI Converted/13.avi",3198.7,29.97,Dominant,Biting,Aggressive,,POINT
358,358,1321.643,"C:/Users/Biolab/Desktop/Dyad Score Log Data for Editing 1-6,8-19/Dyad Videos/AVI Converted/13.avi",3198.7,29.97,Dominant,Charge,Aggressive,,POINT
359,359,1323.643,"C:/Users/Biolab/Desktop/Dyad Score Log Data for Editing 1-6,8-19/Dyad Videos/AVI Converted/13.avi",3198.7,29.97,Dominant,Charge,Aggressive,,POINT
360,360,1323.643,"C:/Users/Biolab/Desktop/Dyad Score Log Data for Editing 1-6,8-19/Dyad Videos/AVI Converted/13.avi",3198.7,29.97,Dominant,Biting,Aggressive,,POINT
361,361,1326.831,"C:/Users/Biolab/Desktop/Dyad Score Log Data for Editing 1-6,8-19/Dyad Videos/AVI Converted/13.avi",3198.7,29.97,Dominant,Chase,Aggressive,,POINT
362,362,1328.218,"C:/Users/Biolab/Desktop/Dyad Score Log Data for Editing 1-6,8-19/Dyad Videos/AVI Converted/13.avi",3198.7,29.97,Dominant,Biting,Aggressive,,POINT
363,363,1328.432,"C:/Users/Biolab/Desktop/Dyad Score Log Data for Editing 1-6,8-19/Dyad Videos/AVI Converted/13.avi",3198.7,29.97,Dominant,Chase,Aggressive,,POINT
364,364,1331.068,"C:/Users/Biolab/Desktop/Dyad Score Log Data for Editing 1-6,8-19/Dyad Videos/AVI Converted/13.avi",3198.7,29.97,Dominant,Charge,Aggressive,,POINT
365,365,1331.118,"C:/Users/Biolab/Desktop/Dyad Score Log Data for Editing 1-6,8-19/Dyad Videos/AVI Converted/13.avi",3198.7,29.97,Dominant,Biting,Aggressive,,POINT
366,366,1331.437,"C:/Users/Biolab/Desktop/Dyad Score Log Data for Editing 1-6,8-19/Dyad Videos/AVI Converted/13.avi",3198.7,29.97,Dominant,Chase,Aggressive,,POINT
367,367,1332.636,"C:/Users/Biolab/Desktop/Dyad Score Log Data for Editing 1-6,8-19/Dyad Videos/AVI Converted/13.avi",3198.7,29.97,Dominant,Scrape,Aggressive,,POINT
368,368,1334.939,"C:/Users/Biolab/Desktop/Dyad Score Log Data for Editing 1-6,8-19/Dyad Videos/AVI Converted/13.avi",3198.7,29.97,Dominant,Chase,Aggressive,,POINT
369,369,1338.217,"C:/Users/Biolab/Desktop/Dyad Score Log Data for Editing 1-6,8-19/Dyad Videos/AVI Converted/13.avi",3198.7,29.97,Dominant,Charge,Aggressive,,POINT
370,370,1338.217,"C:/Users/Biolab/Desktop/Dyad Score Log Data for Editing 1-6,8-19/Dyad Videos/AVI Converted/13.avi",3198.7,29.97,Dominant,Biting,Aggressive,,POINT
371,371,1338.442,"C:/Users/Biolab/Desktop/Dyad Score Log Data for Editing 1-6,8-19/Dyad Videos/AVI Converted/13.avi",3198.7,29.97,Dominant,Chase,Aggressive,,POINT
372,372,1339.443,"C:/Users/Biolab/Desktop/Dyad Score Log Data for Editing 1-6,8-19/Dyad Videos/AVI Converted/13.avi",3198.7,29.97,Dominant,Scrape,Aggressive,,POINT
373,373,1343.247,"C:/Users/Biolab/Desktop/Dyad Score Log Data for Editing 1-6,8-19/Dyad Videos/AVI Converted/13.avi",3198.7,29.97,Dominant,Chase,Aggressive,,POINT
374,374,1343.743,"C:/Users/Biolab/Desktop/Dyad Score Log Data for Editing 1-6,8-19/Dyad Videos/AVI Converted/13.avi",3198.7,29.97,Dominant,Biting,Aggressive,,POINT
375,375,1347.518,"C:/Users/Biolab/Desktop/Dyad Score Log Data for Editing 1-6,8-19/Dyad Videos/AVI Converted/13.avi",3198.7,29.97,Dominant,Charge,Aggressive,,POINT
376,376,1350.854,"C:/Users/Biolab/Desktop/Dyad Score Log Data for Editing 1-6,8-19/Dyad Videos/AVI Converted/13.avi",3198.7,29.97,Dominant,Chase,Aggressive,,POINT
377,377,1351.118,"C:/Users/Biolab/Desktop/Dyad Score Log Data for Editing 1-6,8-19/Dyad Videos/AVI Converted/13.avi",3198.7,29.97,Dominant,Biting,Aggressive,,POINT
378,378,1355.96,"C:/Users/Biolab/Desktop/Dyad Score Log Data for Editing 1-6,8-19/Dyad Videos/AVI Converted/13.avi",3198.7,29.97,Dominant,Chase,Aggressive,,POINT
379,379,1356.043,"C:/Users/Biolab/Desktop/Dyad Score Log Data for Editing 1-6,8-19/Dyad Videos/AVI Converted/13.avi",3198.7,29.97,Dominant,Biting,Aggressive,,POINT
380,380,1356.043,"C:/Users/Biolab/Desktop/Dyad Score Log Data for Editing 1-6,8-19/Dyad Videos/AVI Converted/13.avi",3198.7,29.97,Dominant,Scrape,Aggressive,,POINT
381,381,1363.317,"C:/Users/Biolab/Desktop/Dyad Score Log Data for Editing 1-6,8-19/Dyad Videos/AVI Converted/13.avi",3198.7,29.97,Dominant,Biting,Aggressive,,POINT
382,382,1364.968,"C:/Users/Biolab/Desktop/Dyad Score Log Data for Editing 1-6,8-19/Dyad Videos/AVI Converted/13.avi",3198.7,29.97,Dominant,Biting,Aggressive,,POINT
383,383,1365.77,"C:/Users/Biolab/Desktop/Dyad Score Log Data for Editing 1-6,8-19/Dyad Videos/AVI Converted/13.avi",3198.7,29.97,Dominant,Chase,Aggressive,,POINT
384,384,1366.073,"C:/Users/Biolab/Desktop/Dyad Score Log Data for Editing 1-6,8-19/Dyad Videos/AVI Converted/13.avi",3198.7,29.97,Dominant,Chase,Aggressive,,POINT
385,385,1370.774,"C:/Users/Biolab/Desktop/Dyad Score Log Data for Editing 1-6,8-19/Dyad Videos/AVI Converted/13.avi",3198.7,29.97,Dominant,Dig Substrate,Reproductive,,POINT
386,386,1381.385,"C:/Users/Biolab/Desktop/Dyad Score Log Data for Editing 1-6,8-19/Dyad Videos/AVI Converted/13.avi",3198.7,29.97,Dominant,Lead,Reproductive,,POINT
387,387,1384.689,"C:/Users/Biolab/Desktop/Dyad Score Log Data for Editing 1-6,8-19/Dyad Videos/AVI Converted/13.avi",3198.7,29.97,Dominant,Scrape,Aggressive,,POINT
388,388,1394.799,"C:/Users/Biolab/Desktop/Dyad Score Log Data for Editing 1-6,8-19/Dyad Videos/AVI Converted/13.avi",3198.7,29.97,Dominant,Dig Substrate,Reproductive,,POINT
389,389,1398.1,"C:/Users/Biolab/Desktop/Dyad Score Log Data for Editing 1-6,8-19/Dyad Videos/AVI Converted/13.avi",3198.7,29.97,Dominant,Dig Substrate,Reproductive,,POINT
390,390,1400.406,"C:/Users/Biolab/Desktop/Dyad Score Log Data for Editing 1-6,8-19/Dyad Videos/AVI Converted/13.avi",3198.7,29.97,Dominant,Dig Substrate,Reproductive,,POINT
391,391,1406.209,"C:/Users/Biolab/Desktop/Dyad Score Log Data for Editing 1-6,8-19/Dyad Videos/AVI Converted/13.avi",3198.7,29.97,Dominant,Dig Substrate,Reproductive,,POINT
392,392,1415.919,"C:/Users/Biolab/Desktop/Dyad Score Log Data for Editing 1-6,8-19/Dyad Videos/AVI Converted/13.avi",3198.7,29.97,Dominant,Dig Substrate,Reproductive,,POINT
393,393,1417.919,"C:/Users/Biolab/Desktop/Dyad Score Log Data for Editing 1-6,8-19/Dyad Videos/AVI Converted/13.avi",3198.7,29.97,Dominant,Foraging,Reproductive,,POINT
394,394,1420.763,"C:/Users/Biolab/Desktop/Dyad Score Log Data for Editing 1-6,8-19/Dyad Videos/AVI Converted/13.avi",3198.7,29.97,Dominant,Charge,Aggressive,,POINT
395,395,1420.763,"C:/Users/Biolab/Desktop/Dyad Score Log Data for Editing 1-6,8-19/Dyad Videos/AVI Converted/13.avi",3198.7,29.97,Dominant,Biting,Aggressive,,POINT
396,396,1421.024,"C:/Users/Biolab/Desktop/Dyad Score Log Data for Editing 1-6,8-19/Dyad Videos/AVI Converted/13.avi",3198.7,29.97,Dominant,Lateral Side Display,Aggressive,,POINT
397,397,1423.239,"C:/Users/Biolab/Desktop/Dyad Score Log Data for Editing 1-6,8-19/Dyad Videos/AVI Converted/13.avi",3198.7,29.97,Dominant,Charge,Aggressive,,POINT
398,398,1423.929,"C:/Users/Biolab/Desktop/Dyad Score Log Data for Editing 1-6,8-19/Dyad Videos/AVI Converted/13.avi",3198.7,29.97,Dominant,Chase,Aggressive,,POINT
399,399,1427.364,"C:/Users/Biolab/Desktop/Dyad Score Log Data for Editing 1-6,8-19/Dyad Videos/AVI Converted/13.avi",3198.7,29.97,Dominant,Biting,Aggressive,,POINT
400,400,1428.031,"C:/Users/Biolab/Desktop/Dyad Score Log Data for Editing 1-6,8-19/Dyad Videos/AVI Converted/13.avi",3198.7,29.97,Dominant,Chase,Aggressive,,POINT
401,401,1428.332,"C:/Users/Biolab/Desktop/Dyad Score Log Data for Editing 1-6,8-19/Dyad Videos/AVI Converted/13.avi",3198.7,29.97,Dominant,Biting,Aggressive,,POINT
402,402,1429.332,"C:/Users/Biolab/Desktop/Dyad Score Log Data for Editing 1-6,8-19/Dyad Videos/AVI Converted/13.avi",3198.7,29.97,Dominant,Foraging,Reproductive,,POINT
403,403,1434.139,"C:/Users/Biolab/Desktop/Dyad Score Log Data for Editing 1-6,8-19/Dyad Videos/AVI Converted/13.avi",3198.7,29.97,Dominant,Foraging,Reproductive,,POINT
404,404,1438.643,"C:/Users/Biolab/Desktop/Dyad Score Log Data for Editing 1-6,8-19/Dyad Videos/AVI Converted/13.avi",3198.7,29.97,Dominant,Chase,Aggressive,,POINT
405,405,1438.643,"C:/Users/Biolab/Desktop/Dyad Score Log Data for Editing 1-6,8-19/Dyad Videos/AVI Converted/13.avi",3198.7,29.97,Dominant,Scrape,Aggressive,,POINT
406,406,1442.938,"C:/Users/Biolab/Desktop/Dyad Score Log Data for Editing 1-6,8-19/Dyad Videos/AVI Converted/13.avi",3198.7,29.97,Dominant,Biting,Aggressive,,POINT
407,407,1449.655,"C:/Users/Biolab/Desktop/Dyad Score Log Data for Editing 1-6,8-19/Dyad Videos/AVI Converted/13.avi",3198.7,29.97,Dominant,Dig Substrate,Reproductive,,POINT
408,408,1453.655,"C:/Users/Biolab/Desktop/Dyad Score Log Data for Editing 1-6,8-19/Dyad Videos/AVI Converted/13.avi",3198.7,29.97,Dominant,Dig Substrate,Reproductive,,POINT
409,409,1454.959,"C:/Users/Biolab/Desktop/Dyad Score Log Data for Editing 1-6,8-19/Dyad Videos/AVI Converted/13.avi",3198.7,29.97,Dominant,Dig Substrate,Reproductive,,POINT
410,410,1458.965,"C:/Users/Biolab/Desktop/Dyad Score Log Data for Editing 1-6,8-19/Dyad Videos/AVI Converted/13.avi",3198.7,29.97,Dominant,Dig Substrate,Reproductive,,POINT
411,411,1461.065,"C:/Users/Biolab/Desktop/Dyad Score Log Data for Editing 1-6,8-19/Dyad Videos/AVI Converted/13.avi",3198.7,29.97,Dominant,Dig Substrate,Reproductive,,POINT
412,412,1464.068,"C:/Users/Biolab/Desktop/Dyad Score Log Data for Editing 1-6,8-19/Dyad Videos/AVI Converted/13.avi",3198.7,29.97,Dominant,Dig Substrate,Reproductive,,POINT
413,413,1468.873,"C:/Users/Biolab/Desktop/Dyad Score Log Data for Editing 1-6,8-19/Dyad Videos/AVI Converted/13.avi",3198.7,29.97,Dominant,Dig Substrate,Reproductive,,POINT
414,414,1477.681,"C:/Users/Biolab/Desktop/Dyad Score Log Data for Editing 1-6,8-19/Dyad Videos/AVI Converted/13.avi",3198.7,29.97,Dominant,Dig Substrate,Reproductive,,POINT
415,415,1487.592,"C:/Users/Biolab/Desktop/Dyad Score Log Data for Editing 1-6,8-19/Dyad Videos/AVI Converted/13.avi",3198.7,29.97,Dominant,Biting,Aggressive,,POINT
416,416,1487.592,"C:/Users/Biolab/Desktop/Dyad Score Log Data for Editing 1-6,8-19/Dyad Videos/AVI Converted/13.avi",3198.7,29.97,Dominant,Chase,Aggressive,,POINT
417,417,1487.592,"C:/Users/Biolab/Desktop/Dyad Score Log Data for Editing 1-6,8-19/Dyad Videos/AVI Converted/13.avi",3198.7,29.97,Dominant,Scrape,Aggressive,,POINT
418,418,1491.315,"C:/Users/Biolab/Desktop/Dyad Score Log Data for Editing 1-6,8-19/Dyad Videos/AVI Converted/13.avi",3198.7,29.97,Dominant,Biting,Aggressive,,POINT
419,419,1491.594,"C:/Users/Biolab/Desktop/Dyad Score Log Data for Editing 1-6,8-19/Dyad Videos/AVI Converted/13.avi",3198.7,29.97,Dominant,Lead,Reproductive,,POINT
420,420,1500.704,"C:/Users/Biolab/Desktop/Dyad Score Log Data for Editing 1-6,8-19/Dyad Videos/AVI Converted/13.avi",3198.7,29.97,Dominant,Dig Substrate,Reproductive,,POINT
421,421,1507.414,"C:/Users/Biolab/Desktop/Dyad Score Log Data for Editing 1-6,8-19/Dyad Videos/AVI Converted/13.avi",3198.7,29.97,Dominant,Dig Substrate,Reproductive,,POINT
422,422,1509.418,"C:/Users/Biolab/Desktop/Dyad Score Log Data for Editing 1-6,8-19/Dyad Videos/AVI Converted/13.avi",3198.7,29.97,Dominant,Dig Substrate,Reproductive,,POINT
423,423,1512.216,"C:/Users/Biolab/Desktop/Dyad Score Log Data for Editing 1-6,8-19/Dyad Videos/AVI Converted/13.avi",3198.7,29.97,Dominant,Dig Substrate,Reproductive,,POINT
424,424,1514.718,"C:/Users/Biolab/Desktop/Dyad Score Log Data for Editing 1-6,8-19/Dyad Videos/AVI Converted/13.avi",3198.7,29.97,Dominant,Dig Substrate,Reproductive,,POINT
425,425,1519.322,"C:/Users/Biolab/Desktop/Dyad Score Log Data for Editing 1-6,8-19/Dyad Videos/AVI Converted/13.avi",3198.7,29.97,Dominant,Dig Substrate,Reproductive,,POINT
426,426,1522.095,"C:/Users/Biolab/Desktop/Dyad Score Log Data for Editing 1-6,8-19/Dyad Videos/AVI Converted/13.avi",3198.7,29.97,Dominant,Biting,Aggressive,,POINT
427,427,1522.127,"C:/Users/Biolab/Desktop/Dyad Score Log Data for Editing 1-6,8-19/Dyad Videos/AVI Converted/13.avi",3198.7,29.97,Dominant,Chase,Aggressive,,POINT
428,428,1522.87,"C:/Users/Biolab/Desktop/Dyad Score Log Data for Editing 1-6,8-19/Dyad Videos/AVI Converted/13.avi",3198.7,29.97,Dominant,Charge,Aggressive,,POINT
429,429,1522.87,"C:/Users/Biolab/Desktop/Dyad Score Log Data for Editing 1-6,8-19/Dyad Videos/AVI Converted/13.avi",3198.7,29.97,Dominant,Biting,Aggressive,,POINT
430,430,1525.231,"C:/Users/Biolab/Desktop/Dyad Score Log Data for Editing 1-6,8-19/Dyad Videos/AVI Converted/13.avi",3198.7,29.97,Dominant,Lead,Reproductive,,POINT
431,431,1537.241,"C:/Users/Biolab/Desktop/Dyad Score Log Data for Editing 1-6,8-19/Dyad Videos/AVI Converted/13.avi",3198.7,29.97,Dominant,Foraging,Reproductive,,POINT
432,432,1547.651,"C:/Users/Biolab/Desktop/Dyad Score Log Data for Editing 1-6,8-19/Dyad Videos/AVI Converted/13.avi",3198.7,29.97,Dominant,Dig Substrate,Reproductive,,POINT
433,433,1550.754,"C:/Users/Biolab/Desktop/Dyad Score Log Data for Editing 1-6,8-19/Dyad Videos/AVI Converted/13.avi",3198.7,29.97,Dominant,Dig Substrate,Reproductive,,POINT
434,434,1562.966,"C:/Users/Biolab/Desktop/Dyad Score Log Data for Editing 1-6,8-19/Dyad Videos/AVI Converted/13.avi",3198.7,29.97,Dominant,Dig Substrate,Reproductive,,POINT
435,435,1569.875,"C:/Users/Biolab/Desktop/Dyad Score Log Data for Editing 1-6,8-19/Dyad Videos/AVI Converted/13.avi",3198.7,29.97,Dominant,Dig Substrate,Reproductive,,POINT
436,436,1574.179,"C:/Users/Biolab/Desktop/Dyad Score Log Data for Editing 1-6,8-19/Dyad Videos/AVI Converted/13.avi",3198.7,29.97,Dominant,Dig Substrate,Reproductive,,POINT
437,437,1579.984,"C:/Users/Biolab/Desktop/Dyad Score Log Data for Editing 1-6,8-19/Dyad Videos/AVI Converted/13.avi",3198.7,29.97,Dominant,Dig Substrate,Reproductive,,POINT
438,438,1585.29,"C:/Users/Biolab/Desktop/Dyad Score Log Data for Editing 1-6,8-19/Dyad Videos/AVI Converted/13.avi",3198.7,29.97,Dominant,Dig Substrate,Reproductive,,POINT
439,439,1586.391,"C:/Users/Biolab/Desktop/Dyad Score Log Data for Editing 1-6,8-19/Dyad Videos/AVI Converted/13.avi",3198.7,29.97,Dominant,Dig Substrate,Reproductive,,POINT
440,440,1591.191,"C:/Users/Biolab/Desktop/Dyad Score Log Data for Editing 1-6,8-19/Dyad Videos/AVI Converted/13.avi",3198.7,29.97,Dominant,Dig Substrate,Reproductive,,POINT
441,441,1594.999,"C:/Users/Biolab/Desktop/Dyad Score Log Data for Editing 1-6,8-19/Dyad Videos/AVI Converted/13.avi",3198.7,29.97,Dominant,Dig Substrate,Reproductive,,POINT
442,442,1599.103,"C:/Users/Biolab/Desktop/Dyad Score Log Data for Editing 1-6,8-19/Dyad Videos/AVI Converted/13.avi",3198.7,29.97,Dominant,Lead,Reproductive,,POINT
443,443,1612.315,"C:/Users/Biolab/Desktop/Dyad Score Log Data for Editing 1-6,8-19/Dyad Videos/AVI Converted/13.avi",3198.7,29.97,Dominant,Dig Substrate,Reproductive,,POINT
444,444,1656.659,"C:/Users/Biolab/Desktop/Dyad Score Log Data for Editing 1-6,8-19/Dyad Videos/AVI Converted/13.avi",3198.7,29.97,Dominant,Foraging,Reproductive,,POINT
445,445,1692.997,"C:/Users/Biolab/Desktop/Dyad Score Log Data for Editing 1-6,8-19/Dyad Videos/AVI Converted/13.avi",3198.7,29.97,Dominant,Dig Substrate,Reproductive,,POINT
446,446,1702.559,"C:/Users/Biolab/Desktop/Dyad Score Log Data for Editing 1-6,8-19/Dyad Videos/AVI Converted/13.avi",3198.7,29.97,Dominant,Charge,Aggressive,,POINT
447,447,1702.606,"C:/Users/Biolab/Desktop/Dyad Score Log Data for Editing 1-6,8-19/Dyad Videos/AVI Converted/13.avi",3198.7,29.97,Dominant,Lead,Reproductive,,POINT
448,448,1704.11,"C:/Users/Biolab/Desktop/Dyad Score Log Data for Editing 1-6,8-19/Dyad Videos/AVI Converted/13.avi",3198.7,29.97,Dominant,Lead,Reproductive,,POINT
449,449,1713.383,"C:/Users/Biolab/Desktop/Dyad Score Log Data for Editing 1-6,8-19/Dyad Videos/AVI Converted/13.avi",3198.7,29.97,Dominant,Biting,Aggressive,,POINT
450,450,1713.417,"C:/Users/Biolab/Desktop/Dyad Score Log Data for Editing 1-6,8-19/Dyad Videos/AVI Converted/13.avi",3198.7,29.97,Dominant,Lead,Reproductive,,POINT
451,451,1713.617,"C:/Users/Biolab/Desktop/Dyad Score Log Data for Editing 1-6,8-19/Dyad Videos/AVI Converted/13.avi",3198.7,29.97,Dominant,Lead,Reproductive,,POINT
452,452,1736.838,"C:/Users/Biolab/Desktop/Dyad Score Log Data for Editing 1-6,8-19/Dyad Videos/AVI Converted/13.avi",3198.7,29.97,Dominant,Dig Substrate,Reproductive,,POINT
453,453,1745.75,"C:/Users/Biolab/Desktop/Dyad Score Log Data for Editing 1-6,8-19/Dyad Videos/AVI Converted/13.avi",3198.7,29.97,Dominant,Dig Substrate,Reproductive,,POINT
454,454,1749.858,"C:/Users/Biolab/Desktop/Dyad Score Log Data for Editing 1-6,8-19/Dyad Videos/AVI Converted/13.avi",3198.7,29.97,Dominant,Dig Substrate,Reproductive,,POINT
455,455,1758.362,"C:/Users/Biolab/Desktop/Dyad Score Log Data for Editing 1-6,8-19/Dyad Videos/AVI Converted/13.avi",3198.7,29.97,Dominant,Dig Substrate,Reproductive,,POINT
456,456,1765.369,"C:/Users/Biolab/Desktop/Dyad Score Log Data for Editing 1-6,8-19/Dyad Videos/AVI Converted/13.avi",3198.7,29.97,Dominant,Dig Substrate,Reproductive,,POINT
457,457,1776.076,"C:/Users/Biolab/Desktop/Dyad Score Log Data for Editing 1-6,8-19/Dyad Videos/AVI Converted/13.avi",3198.7,29.97,Dominant,Dig Substrate,Reproductive,,POINT
458,458,1784.687,"C:/Users/Biolab/Desktop/Dyad Score Log Data for Editing 1-6,8-19/Dyad Videos/AVI Converted/13.avi",3198.7,29.97,Dominant,Dig Substrate,Reproductive,,POINT
459,459,1789.492,"C:/Users/Biolab/Desktop/Dyad Score Log Data for Editing 1-6,8-19/Dyad Videos/AVI Converted/13.avi",3198.7,29.97,Dominant,Dig Substrate,Reproductive,,POINT
460,460,1809.415,"C:/Users/Biolab/Desktop/Dyad Score Log Data for Editing 1-6,8-19/Dyad Videos/AVI Converted/13.avi",3198.7,29.97,Dominant,Dig Substrate,Reproductive,,POINT
461,461,1820.324,"C:/Users/Biolab/Desktop/Dyad Score Log Data for Editing 1-6,8-19/Dyad Videos/AVI Converted/13.avi",3198.7,29.97,Dominant,Lead,Reproductive,,POINT
462,462,1822.623,"C:/Users/Biolab/Desktop/Dyad Score Log Data for Editing 1-6,8-19/Dyad Videos/AVI Converted/13.avi",3198.7,29.97,Dominant,Lead,Reproductive,,POINT
463,463,1854.958,"C:/Users/Biolab/Desktop/Dyad Score Log Data for Editing 1-6,8-19/Dyad Videos/AVI Converted/13.avi",3198.7,29.97,Dominant,Lead,Reproductive,,POINT
464,464,1862.966,"C:/Users/Biolab/Desktop/Dyad Score Log Data for Editing 1-6,8-19/Dyad Videos/AVI Converted/13.avi",3198.7,29.97,Dominant,Lead,Reproductive,,POINT
465,465,1881.485,"C:/Users/Biolab/Desktop/Dyad Score Log Data for Editing 1-6,8-19/Dyad Videos/AVI Converted/13.avi",3198.7,29.97,Dominant,Dig Substrate,Reproductive,,POINT
466,466,1885.087,"C:/Users/Biolab/Desktop/Dyad Score Log Data for Editing 1-6,8-19/Dyad Videos/AVI Converted/13.avi",3198.7,29.97,Dominant,Dig Substrate,Reproductive,,POINT
467,467,1886.39,"C:/Users/Biolab/Desktop/Dyad Score Log Data for Editing 1-6,8-19/Dyad Videos/AVI Converted/13.avi",3198.7,29.97,Dominant,Dig Substrate,Reproductive,,POINT
468,468,1888.39,"C:/Users/Biolab/Desktop/Dyad Score Log Data for Editing 1-6,8-19/Dyad Videos/AVI Converted/13.avi",3198.7,29.97,Dominant,Dig Substrate,Reproductive,,POINT
469,469,1894.998,"C:/Users/Biolab/Desktop/Dyad Score Log Data for Editing 1-6,8-19/Dyad Videos/AVI Converted/13.avi",3198.7,29.97,Dominant,Lead,Reproductive,,POINT
470,470,1899.926,"C:/Users/Biolab/Desktop/Dyad Score Log Data for Editing 1-6,8-19/Dyad Videos/AVI Converted/13.avi",3198.7,29.97,Dominant,Charge,Aggressive,,POINT
471,471,1900.604,"C:/Users/Biolab/Desktop/Dyad Score Log Data for Editing 1-6,8-19/Dyad Videos/AVI Converted/13.avi",3198.7,29.97,Dominant,Lead,Reproductive,,POINT
472,472,1901.808,"C:/Users/Biolab/Desktop/Dyad Score Log Data for Editing 1-6,8-19/Dyad Videos/AVI Converted/13.avi",3198.7,29.97,Dominant,Lead,Reproductive,,POINT
473,473,1902.104,"C:/Users/Biolab/Desktop/Dyad Score Log Data for Editing 1-6,8-19/Dyad Videos/AVI Converted/13.avi",3198.7,29.97,Dominant,Lead,Reproductive,,POINT
474,474,1919.122,"C:/Users/Biolab/Desktop/Dyad Score Log Data for Editing 1-6,8-19/Dyad Videos/AVI Converted/13.avi",3198.7,29.97,Dominant,Dig Substrate,Reproductive,,POINT
475,475,1932.536,"C:/Users/Biolab/Desktop/Dyad Score Log Data for Editing 1-6,8-19/Dyad Videos/AVI Converted/13.avi",3198.7,29.97,Dominant,Dig Substrate,Reproductive,,POINT
476,476,1942.746,"C:/Users/Biolab/Desktop/Dyad Score Log Data for Editing 1-6,8-19/Dyad Videos/AVI Converted/13.avi",3198.7,29.97,Dominant,Foraging,Reproductive,,POINT
477,477,1957.958,"C:/Users/Biolab/Desktop/Dyad Score Log Data for Editing 1-6,8-19/Dyad Videos/AVI Converted/13.avi",3198.7,29.97,Dominant,Dig Substrate,Reproductive,,POINT
478,478,1961.762,"C:/Users/Biolab/Desktop/Dyad Score Log Data for Editing 1-6,8-19/Dyad Videos/AVI Converted/13.avi",3198.7,29.97,Dominant,Dig Substrate,Reproductive,,POINT
479,479,1964.567,"C:/Users/Biolab/Desktop/Dyad Score Log Data for Editing 1-6,8-19/Dyad Videos/AVI Converted/13.avi",3198.7,29.97,Dominant,Dig Substrate,Reproductive,,POINT
480,480,1966.671,"C:/Users/Biolab/Desktop/Dyad Score Log Data for Editing 1-6,8-19/Dyad Videos/AVI Converted/13.avi",3198.7,29.97,Dominant,Dig Substrate,Reproductive,,POINT
481,481,1971.672,"C:/Users/Biolab/Desktop/Dyad Score Log Data for Editing 1-6,8-19/Dyad Videos/AVI Converted/13.avi",3198.7,29.97,Dominant,Dig Substrate,Reproductive,,POINT
482,482,1973.974,"C:/Users/Biolab/Desktop/Dyad Score Log Data for Editing 1-6,8-19/Dyad Videos/AVI Converted/13.avi",3198.7,29.97,Dominant,Dig Substrate,Reproductive,,POINT
483,483,1977.882,"C:/Users/Biolab/Desktop/Dyad Score Log Data for Editing 1-6,8-19/Dyad Videos/AVI Converted/13.avi",3198.7,29.97,Dominant,Dig Substrate,Reproductive,,POINT
484,484,1982.185,"C:/Users/Biolab/Desktop/Dyad Score Log Data for Editing 1-6,8-19/Dyad Videos/AVI Converted/13.avi",3198.7,29.97,Dominant,Dig Substrate,Reproductive,,POINT
485,485,1993.793,"C:/Users/Biolab/Desktop/Dyad Score Log Data for Editing 1-6,8-19/Dyad Videos/AVI Converted/13.avi",3198.7,29.97,Dominant,Dig Substrate,Reproductive,,POINT
486,486,1998.899,"C:/Users/Biolab/Desktop/Dyad Score Log Data for Editing 1-6,8-19/Dyad Videos/AVI Converted/13.avi",3198.7,29.97,Dominant,Dig Substrate,Reproductive,,POINT
487,487,2010.115,"C:/Users/Biolab/Desktop/Dyad Score Log Data for Editing 1-6,8-19/Dyad Videos/AVI Converted/13.avi",3198.7,29.97,Dominant,Dig Substrate,Reproductive,,POINT
488,488,2018.923,"C:/Users/Biolab/Desktop/Dyad Score Log Data for Editing 1-6,8-19/Dyad Videos/AVI Converted/13.avi",3198.7,29.97,Dominant,Dig Substrate,Reproductive,,POINT
489,489,2030.531,"C:/Users/Biolab/Desktop/Dyad Score Log Data for Editing 1-6,8-19/Dyad Videos/AVI Converted/13.avi",3198.7,29.97,Dominant,Dig Substrate,Reproductive,,POINT
490,490,2039.443,"C:/Users/Biolab/Desktop/Dyad Score Log Data for Editing 1-6,8-19/Dyad Videos/AVI Converted/13.avi",3198.7,29.97,Dominant,Dig Substrate,Reproductive,,POINT
491,491,2045.85,"C:/Users/Biolab/Desktop/Dyad Score Log Data for Editing 1-6,8-19/Dyad Videos/AVI Converted/13.avi",3198.7,29.97,Dominant,Foraging,Reproductive,,POINT
492,492,2052.456,"C:/Users/Biolab/Desktop/Dyad Score Log Data for Editing 1-6,8-19/Dyad Videos/AVI Converted/13.avi",3198.7,29.97,Dominant,Dig Substrate,Reproductive,,POINT
493,493,2064.067,"C:/Users/Biolab/Desktop/Dyad Score Log Data for Editing 1-6,8-19/Dyad Videos/AVI Converted/13.avi",3198.7,29.97,Dominant,Dig Substrate,Reproductive,,POINT
494,494,2077.781,"C:/Users/Biolab/Desktop/Dyad Score Log Data for Editing 1-6,8-19/Dyad Videos/AVI Converted/13.avi",3198.7,29.97,Dominant,Dig Substrate,Reproductive,,POINT
495,495,2091.797,"C:/Users/Biolab/Desktop/Dyad Score Log Data for Editing 1-6,8-19/Dyad Videos/AVI Converted/13.avi",3198.7,29.97,Dominant,Dig Substrate,Reproductive,,POINT
496,496,2098.7,"C:/Users/Biolab/Desktop/Dyad Score Log Data for Editing 1-6,8-19/Dyad Videos/AVI Converted/13.avi",3198.7,29.97,Dominant,Dig Substrate,Reproductive,,POINT
