,Unnamed: 0,Time,Media file path,Total length,FPS,Subject,Behavior,Behavioral category,Comment,Status
0,0,302.233,"C:/Users/Biolab/Desktop/Dyad Score Log Data for Editing 1-6,8-19/Dyad Videos/AVI Converted/10.avi",2161.245,59.94,Dominant,Chase,Aggressive,,POINT
1,1,302.233,"C:/Users/Biolab/Desktop/Dyad Score Log Data for Editing 1-6,8-19/Dyad Videos/AVI Converted/10.avi",2161.245,59.94,Dominant,Lateral Side Display,Aggressive,,POINT
2,2,303.758,"C:/Users/Biolab/Desktop/Dyad Score Log Data for Editing 1-6,8-19/Dyad Videos/AVI Converted/10.avi",2161.245,59.94,Dominant,Chase,Aggressive,,POINT
3,3,306.308,"C:/Users/Biolab/Desktop/Dyad Score Log Data for Editing 1-6,8-19/Dyad Videos/AVI Converted/10.avi",2161.245,59.94,Dominant,Lead,Reproductive,,POINT
4,4,306.308,"C:/Users/Biolab/Desktop/Dyad Score Log Data for Editing 1-6,8-19/Dyad Videos/AVI Converted/10.avi",2161.245,59.94,Dominant,Scrape,Aggressive,,POINT
5,5,312.808,"C:/Users/Biolab/Desktop/Dyad Score Log Data for Editing 1-6,8-19/Dyad Videos/AVI Converted/10.avi",2161.245,59.94,Dominant,Charge,Aggressive,,POINT
6,6,314.708,"C:/Users/Biolab/Desktop/Dyad Score Log Data for Editing 1-6,8-19/Dyad Videos/AVI Converted/10.avi",2161.245,59.94,Dominant,Charge,Aggressive,,POINT
7,7,316.132,"C:/Users/Biolab/Desktop/Dyad Score Log Data for Editing 1-6,8-19/Dyad Videos/AVI Converted/10.avi",2161.245,59.94,Dominant,Biting,Aggressive,,POINT
8,8,320.383,"C:/Users/Biolab/Desktop/Dyad Score Log Data for Editing 1-6,8-19/Dyad Videos/AVI Converted/10.avi",2161.245,59.94,Dominant,Chase,Aggressive,,POINT
9,9,320.383,"C:/Users/Biolab/Desktop/Dyad Score Log Data for Editing 1-6,8-19/Dyad Videos/AVI Converted/10.avi",2161.245,59.94,Dominant,Lead,Reproductive,,POINT
10,10,323.558,"C:/Users/Biolab/Desktop/Dyad Score Log Data for Editing 1-6,8-19/Dyad Videos/AVI Converted/10.avi",2161.245,59.94,Dominant,Foraging,Reproductive,,POINT
11,11,324.857,"C:/Users/Biolab/Desktop/Dyad Score Log Data for Editing 1-6,8-19/Dyad Videos/AVI Converted/10.avi",2161.245,59.94,Dominant,Charge,Aggressive,,POINT
12,12,324.857,"C:/Users/Biolab/Desktop/Dyad Score Log Data for Editing 1-6,8-19/Dyad Videos/AVI Converted/10.avi",2161.245,59.94,Dominant,Foraging,Reproductive,,POINT
13,13,328.983,"C:/Users/Biolab/Desktop/Dyad Score Log Data for Editing 1-6,8-19/Dyad Videos/AVI Converted/10.avi",2161.245,59.94,Dominant,Pot Entry,Reproductive,,POINT
14,14,337.107,"C:/Users/Biolab/Desktop/Dyad Score Log Data for Editing 1-6,8-19/Dyad Videos/AVI Converted/10.avi",2161.245,59.94,Dominant,Pot Dig,Reproductive,,POINT
15,15,337.332,"C:/Users/Biolab/Desktop/Dyad Score Log Data for Editing 1-6,8-19/Dyad Videos/AVI Converted/10.avi",2161.245,59.94,Dominant,Pot Exit,Reproductive,,POINT
16,16,338.382,"C:/Users/Biolab/Desktop/Dyad Score Log Data for Editing 1-6,8-19/Dyad Videos/AVI Converted/10.avi",2161.245,59.94,Dominant,Charge,Aggressive,,POINT
17,17,338.382,"C:/Users/Biolab/Desktop/Dyad Score Log Data for Editing 1-6,8-19/Dyad Videos/AVI Converted/10.avi",2161.245,59.94,Dominant,Lead,Reproductive,,POINT
18,18,342.158,"C:/Users/Biolab/Desktop/Dyad Score Log Data for Editing 1-6,8-19/Dyad Videos/AVI Converted/10.avi",2161.245,59.94,Dominant,Lead,Reproductive,,POINT
19,19,356.758,"C:/Users/Biolab/Desktop/Dyad Score Log Data for Editing 1-6,8-19/Dyad Videos/AVI Converted/10.avi",2161.245,59.94,Dominant,Pot Entry,Reproductive,,POINT
20,20,358.308,"C:/Users/Biolab/Desktop/Dyad Score Log Data for Editing 1-6,8-19/Dyad Videos/AVI Converted/10.avi",2161.245,59.94,Dominant,Pot Dig,Reproductive,,POINT
21,21,359.858,"C:/Users/Biolab/Desktop/Dyad Score Log Data for Editing 1-6,8-19/Dyad Videos/AVI Converted/10.avi",2161.245,59.94,Dominant,Pot Dig,Reproductive,,POINT
22,22,361.408,"C:/Users/Biolab/Desktop/Dyad Score Log Data for Editing 1-6,8-19/Dyad Videos/AVI Converted/10.avi",2161.245,59.94,Dominant,Pot Dig,Reproductive,,POINT
23,23,366.858,"C:/Users/Biolab/Desktop/Dyad Score Log Data for Editing 1-6,8-19/Dyad Videos/AVI Converted/10.avi",2161.245,59.94,Dominant,Pot Dig,Reproductive,,POINT
24,24,367.383,"C:/Users/Biolab/Desktop/Dyad Score Log Data for Editing 1-6,8-19/Dyad Videos/AVI Converted/10.avi",2161.245,59.94,Dominant,Pot Dig,Reproductive,,POINT
25,25,368.982,"C:/Users/Biolab/Desktop/Dyad Score Log Data for Editing 1-6,8-19/Dyad Videos/AVI Converted/10.avi",2161.245,59.94,Dominant,Pot Dig,Reproductive,,POINT
26,26,372.083,"C:/Users/Biolab/Desktop/Dyad Score Log Data for Editing 1-6,8-19/Dyad Videos/AVI Converted/10.avi",2161.245,59.94,Dominant,Pot Dig,Reproductive,,POINT
27,27,373.133,"C:/Users/Biolab/Desktop/Dyad Score Log Data for Editing 1-6,8-19/Dyad Videos/AVI Converted/10.avi",2161.245,59.94,Dominant,Pot Dig,Reproductive,,POINT
28,28,375.508,"C:/Users/Biolab/Desktop/Dyad Score Log Data for Editing 1-6,8-19/Dyad Videos/AVI Converted/10.avi",2161.245,59.94,Dominant,Pot Exit,Reproductive,,POINT
29,29,379.883,"C:/Users/Biolab/Desktop/Dyad Score Log Data for Editing 1-6,8-19/Dyad Videos/AVI Converted/10.avi",2161.245,59.94,Dominant,Lead,Reproductive,,POINT
30,30,382.783,"C:/Users/Biolab/Desktop/Dyad Score Log Data for Editing 1-6,8-19/Dyad Videos/AVI Converted/10.avi",2161.245,59.94,Dominant,Charge,Aggressive,,POINT
31,31,384.483,"C:/Users/Biolab/Desktop/Dyad Score Log Data for Editing 1-6,8-19/Dyad Videos/AVI Converted/10.avi",2161.245,59.94,Dominant,Charge,Aggressive,,POINT
32,32,384.483,"C:/Users/Biolab/Desktop/Dyad Score Log Data for Editing 1-6,8-19/Dyad Videos/AVI Converted/10.avi",2161.245,59.94,Dominant,Biting,Aggressive,,POINT
33,33,387.333,"C:/Users/Biolab/Desktop/Dyad Score Log Data for Editing 1-6,8-19/Dyad Videos/AVI Converted/10.avi",2161.245,59.94,Dominant,Lead,Reproductive,,POINT
34,34,391.457,"C:/Users/Biolab/Desktop/Dyad Score Log Data for Editing 1-6,8-19/Dyad Videos/AVI Converted/10.avi",2161.245,59.94,Dominant,Foraging,Reproductive,,POINT
35,35,394.258,"C:/Users/Biolab/Desktop/Dyad Score Log Data for Editing 1-6,8-19/Dyad Videos/AVI Converted/10.avi",2161.245,59.94,Dominant,Charge,Aggressive,,POINT
36,36,394.258,"C:/Users/Biolab/Desktop/Dyad Score Log Data for Editing 1-6,8-19/Dyad Videos/AVI Converted/10.avi",2161.245,59.94,Dominant,Chase,Aggressive,,POINT
37,37,395.758,"C:/Users/Biolab/Desktop/Dyad Score Log Data for Editing 1-6,8-19/Dyad Videos/AVI Converted/10.avi",2161.245,59.94,Dominant,Chase,Aggressive,,POINT
38,38,396.283,"C:/Users/Biolab/Desktop/Dyad Score Log Data for Editing 1-6,8-19/Dyad Videos/AVI Converted/10.avi",2161.245,59.94,Dominant,Chase,Aggressive,,POINT
39,39,397.833,"C:/Users/Biolab/Desktop/Dyad Score Log Data for Editing 1-6,8-19/Dyad Videos/AVI Converted/10.avi",2161.245,59.94,Dominant,Chase,Aggressive,,POINT
40,40,398.632,"C:/Users/Biolab/Desktop/Dyad Score Log Data for Editing 1-6,8-19/Dyad Videos/AVI Converted/10.avi",2161.245,59.94,Dominant,Chase,Aggressive,,POINT
41,41,398.632,"C:/Users/Biolab/Desktop/Dyad Score Log Data for Editing 1-6,8-19/Dyad Videos/AVI Converted/10.avi",2161.245,59.94,Dominant,Lateral Side Display,Aggressive,,POINT
42,42,401.057,"C:/Users/Biolab/Desktop/Dyad Score Log Data for Editing 1-6,8-19/Dyad Videos/AVI Converted/10.avi",2161.245,59.94,Dominant,Chase,Aggressive,,POINT
43,43,403.132,"C:/Users/Biolab/Desktop/Dyad Score Log Data for Editing 1-6,8-19/Dyad Videos/AVI Converted/10.avi",2161.245,59.94,Dominant,Chase,Aggressive,,POINT
44,44,403.632,"C:/Users/Biolab/Desktop/Dyad Score Log Data for Editing 1-6,8-19/Dyad Videos/AVI Converted/10.avi",2161.245,59.94,Dominant,Biting,Aggressive,,POINT
45,45,403.632,"C:/Users/Biolab/Desktop/Dyad Score Log Data for Editing 1-6,8-19/Dyad Videos/AVI Converted/10.avi",2161.245,59.94,Dominant,Lateral Side Display,Aggressive,,POINT
46,46,405.733,"C:/Users/Biolab/Desktop/Dyad Score Log Data for Editing 1-6,8-19/Dyad Videos/AVI Converted/10.avi",2161.245,59.94,Dominant,Chase,Aggressive,,POINT
47,47,409.107,"C:/Users/Biolab/Desktop/Dyad Score Log Data for Editing 1-6,8-19/Dyad Videos/AVI Converted/10.avi",2161.245,59.94,Dominant,Chase,Aggressive,,POINT
48,48,410.858,"C:/Users/Biolab/Desktop/Dyad Score Log Data for Editing 1-6,8-19/Dyad Videos/AVI Converted/10.avi",2161.245,59.94,Dominant,Chase,Aggressive,,POINT
49,49,423.233,"C:/Users/Biolab/Desktop/Dyad Score Log Data for Editing 1-6,8-19/Dyad Videos/AVI Converted/10.avi",2161.245,59.94,Dominant,Dig Substrate,Reproductive,,POINT
50,50,427.082,"C:/Users/Biolab/Desktop/Dyad Score Log Data for Editing 1-6,8-19/Dyad Videos/AVI Converted/10.avi",2161.245,59.94,Dominant,Dig Substrate,Reproductive,,POINT
51,51,428.883,"C:/Users/Biolab/Desktop/Dyad Score Log Data for Editing 1-6,8-19/Dyad Videos/AVI Converted/10.avi",2161.245,59.94,Dominant,Dig Substrate,Reproductive,,POINT
52,52,430.983,"C:/Users/Biolab/Desktop/Dyad Score Log Data for Editing 1-6,8-19/Dyad Videos/AVI Converted/10.avi",2161.245,59.94,Dominant,Dig Substrate,Reproductive,,POINT
53,53,434.083,"C:/Users/Biolab/Desktop/Dyad Score Log Data for Editing 1-6,8-19/Dyad Videos/AVI Converted/10.avi",2161.245,59.94,Dominant,Dig Substrate,Reproductive,,POINT
54,54,435.083,"C:/Users/Biolab/Desktop/Dyad Score Log Data for Editing 1-6,8-19/Dyad Videos/AVI Converted/10.avi",2161.245,59.94,Dominant,Pot Entry,Reproductive,,POINT
55,55,437.683,"C:/Users/Biolab/Desktop/Dyad Score Log Data for Editing 1-6,8-19/Dyad Videos/AVI Converted/10.avi",2161.245,59.94,Dominant,Pot Exit,Reproductive,,POINT
56,56,441.983,"C:/Users/Biolab/Desktop/Dyad Score Log Data for Editing 1-6,8-19/Dyad Videos/AVI Converted/10.avi",2161.245,59.94,Dominant,Chase,Aggressive,,POINT
57,57,441.983,"C:/Users/Biolab/Desktop/Dyad Score Log Data for Editing 1-6,8-19/Dyad Videos/AVI Converted/10.avi",2161.245,59.94,Dominant,Scrape,Aggressive,,POINT
58,58,443.058,"C:/Users/Biolab/Desktop/Dyad Score Log Data for Editing 1-6,8-19/Dyad Videos/AVI Converted/10.avi",2161.245,59.94,Dominant,Lateral Side Display,Aggressive,,POINT
59,59,455.958,"C:/Users/Biolab/Desktop/Dyad Score Log Data for Editing 1-6,8-19/Dyad Videos/AVI Converted/10.avi",2161.245,59.94,Dominant,Lead,Reproductive,,POINT
60,60,457.808,"C:/Users/Biolab/Desktop/Dyad Score Log Data for Editing 1-6,8-19/Dyad Videos/AVI Converted/10.avi",2161.245,59.94,Dominant,Chase,Aggressive,,POINT
61,61,459.033,"C:/Users/Biolab/Desktop/Dyad Score Log Data for Editing 1-6,8-19/Dyad Videos/AVI Converted/10.avi",2161.245,59.94,Dominant,Biting,Aggressive,,POINT
62,62,459.033,"C:/Users/Biolab/Desktop/Dyad Score Log Data for Editing 1-6,8-19/Dyad Videos/AVI Converted/10.avi",2161.245,59.94,Dominant,Chase,Aggressive,,POINT
63,63,465.508,"C:/Users/Biolab/Desktop/Dyad Score Log Data for Editing 1-6,8-19/Dyad Videos/AVI Converted/10.avi",2161.245,59.94,Dominant,Lead,Reproductive,,POINT
64,64,466.583,"C:/Users/Biolab/Desktop/Dyad Score Log Data for Editing 1-6,8-19/Dyad Videos/AVI Converted/10.avi",2161.245,59.94,Dominant,Biting,Aggressive,,POINT
65,65,472.858,"C:/Users/Biolab/Desktop/Dyad Score Log Data for Editing 1-6,8-19/Dyad Videos/AVI Converted/10.avi",2161.245,59.94,Dominant,Charge,Aggressive,,POINT
66,66,474.258,"C:/Users/Biolab/Desktop/Dyad Score Log Data for Editing 1-6,8-19/Dyad Videos/AVI Converted/10.avi",2161.245,59.94,Dominant,Chase,Aggressive,,POINT
67,67,476.733,"C:/Users/Biolab/Desktop/Dyad Score Log Data for Editing 1-6,8-19/Dyad Videos/AVI Converted/10.avi",2161.245,59.94,Dominant,Biting,Aggressive,,POINT
68,68,476.733,"C:/Users/Biolab/Desktop/Dyad Score Log Data for Editing 1-6,8-19/Dyad Videos/AVI Converted/10.avi",2161.245,59.94,Dominant,Lead,Reproductive,,POINT
69,69,478.158,"C:/Users/Biolab/Desktop/Dyad Score Log Data for Editing 1-6,8-19/Dyad Videos/AVI Converted/10.avi",2161.245,59.94,Dominant,Foraging,Reproductive,,POINT
70,70,479.208,"C:/Users/Biolab/Desktop/Dyad Score Log Data for Editing 1-6,8-19/Dyad Videos/AVI Converted/10.avi",2161.245,59.94,Dominant,Foraging,Reproductive,,POINT
71,71,480.233,"C:/Users/Biolab/Desktop/Dyad Score Log Data for Editing 1-6,8-19/Dyad Videos/AVI Converted/10.avi",2161.245,59.94,Dominant,Foraging,Reproductive,,POINT
72,72,480.508,"C:/Users/Biolab/Desktop/Dyad Score Log Data for Editing 1-6,8-19/Dyad Videos/AVI Converted/10.avi",2161.245,59.94,Dominant,Foraging,Reproductive,,POINT
73,73,481.033,"C:/Users/Biolab/Desktop/Dyad Score Log Data for Editing 1-6,8-19/Dyad Videos/AVI Converted/10.avi",2161.245,59.94,Dominant,Foraging,Reproductive,,POINT
74,74,485.983,"C:/Users/Biolab/Desktop/Dyad Score Log Data for Editing 1-6,8-19/Dyad Videos/AVI Converted/10.avi",2161.245,59.94,Dominant,Dig Substrate,Reproductive,,POINT
75,75,490.707,"C:/Users/Biolab/Desktop/Dyad Score Log Data for Editing 1-6,8-19/Dyad Videos/AVI Converted/10.avi",2161.245,59.94,Dominant,Charge,Aggressive,,POINT
76,76,490.707,"C:/Users/Biolab/Desktop/Dyad Score Log Data for Editing 1-6,8-19/Dyad Videos/AVI Converted/10.avi",2161.245,59.94,Dominant,Lead,Reproductive,,POINT
77,77,491.083,"C:/Users/Biolab/Desktop/Dyad Score Log Data for Editing 1-6,8-19/Dyad Videos/AVI Converted/10.avi",2161.245,59.94,Dominant,Lead,Reproductive,,POINT
78,78,495.957,"C:/Users/Biolab/Desktop/Dyad Score Log Data for Editing 1-6,8-19/Dyad Videos/AVI Converted/10.avi",2161.245,59.94,Dominant,Chase,Aggressive,,POINT
79,79,499.758,"C:/Users/Biolab/Desktop/Dyad Score Log Data for Editing 1-6,8-19/Dyad Videos/AVI Converted/10.avi",2161.245,59.94,Dominant,Lead,Reproductive,,POINT
80,80,504.183,"C:/Users/Biolab/Desktop/Dyad Score Log Data for Editing 1-6,8-19/Dyad Videos/AVI Converted/10.avi",2161.245,59.94,Dominant,Foraging,Reproductive,,POINT
81,81,504.433,"C:/Users/Biolab/Desktop/Dyad Score Log Data for Editing 1-6,8-19/Dyad Videos/AVI Converted/10.avi",2161.245,59.94,Dominant,Foraging,Reproductive,,POINT
82,82,505.233,"C:/Users/Biolab/Desktop/Dyad Score Log Data for Editing 1-6,8-19/Dyad Videos/AVI Converted/10.avi",2161.245,59.94,Dominant,Foraging,Reproductive,,POINT
83,83,505.733,"C:/Users/Biolab/Desktop/Dyad Score Log Data for Editing 1-6,8-19/Dyad Videos/AVI Converted/10.avi",2161.245,59.94,Dominant,Foraging,Reproductive,,POINT
84,84,507.283,"C:/Users/Biolab/Desktop/Dyad Score Log Data for Editing 1-6,8-19/Dyad Videos/AVI Converted/10.avi",2161.245,59.94,Dominant,Foraging,Reproductive,,POINT
85,85,507.807,"C:/Users/Biolab/Desktop/Dyad Score Log Data for Editing 1-6,8-19/Dyad Videos/AVI Converted/10.avi",2161.245,59.94,Dominant,Foraging,Reproductive,,POINT
86,86,511.383,"C:/Users/Biolab/Desktop/Dyad Score Log Data for Editing 1-6,8-19/Dyad Videos/AVI Converted/10.avi",2161.245,59.94,Dominant,Chase,Aggressive,,POINT
87,87,516.383,"C:/Users/Biolab/Desktop/Dyad Score Log Data for Editing 1-6,8-19/Dyad Videos/AVI Converted/10.avi",2161.245,59.94,Dominant,Foraging,Reproductive,,POINT
88,88,516.908,"C:/Users/Biolab/Desktop/Dyad Score Log Data for Editing 1-6,8-19/Dyad Videos/AVI Converted/10.avi",2161.245,59.94,Dominant,Foraging,Reproductive,,POINT
89,89,522.633,"C:/Users/Biolab/Desktop/Dyad Score Log Data for Editing 1-6,8-19/Dyad Videos/AVI Converted/10.avi",2161.245,59.94,Dominant,Foraging,Reproductive,,POINT
90,90,523.158,"C:/Users/Biolab/Desktop/Dyad Score Log Data for Editing 1-6,8-19/Dyad Videos/AVI Converted/10.avi",2161.245,59.94,Dominant,Foraging,Reproductive,,POINT
91,91,526.508,"C:/Users/Biolab/Desktop/Dyad Score Log Data for Editing 1-6,8-19/Dyad Videos/AVI Converted/10.avi",2161.245,59.94,Dominant,Charge,Aggressive,,POINT
92,92,526.508,"C:/Users/Biolab/Desktop/Dyad Score Log Data for Editing 1-6,8-19/Dyad Videos/AVI Converted/10.avi",2161.245,59.94,Dominant,Biting,Aggressive,,POINT
93,93,527.983,"C:/Users/Biolab/Desktop/Dyad Score Log Data for Editing 1-6,8-19/Dyad Videos/AVI Converted/10.avi",2161.245,59.94,Dominant,Foraging,Reproductive,,POINT
94,94,528.507,"C:/Users/Biolab/Desktop/Dyad Score Log Data for Editing 1-6,8-19/Dyad Videos/AVI Converted/10.avi",2161.245,59.94,Dominant,Foraging,Reproductive,,POINT
95,95,529.783,"C:/Users/Biolab/Desktop/Dyad Score Log Data for Editing 1-6,8-19/Dyad Videos/AVI Converted/10.avi",2161.245,59.94,Dominant,Chase,Aggressive,,POINT
96,96,539.882,"C:/Users/Biolab/Desktop/Dyad Score Log Data for Editing 1-6,8-19/Dyad Videos/AVI Converted/10.avi",2161.245,59.94,Dominant,Charge,Aggressive,,POINT
97,97,542.983,"C:/Users/Biolab/Desktop/Dyad Score Log Data for Editing 1-6,8-19/Dyad Videos/AVI Converted/10.avi",2161.245,59.94,Dominant,Dig Substrate,Reproductive,,POINT
98,98,548.983,"C:/Users/Biolab/Desktop/Dyad Score Log Data for Editing 1-6,8-19/Dyad Videos/AVI Converted/10.avi",2161.245,59.94,Dominant,Dig Substrate,Reproductive,,POINT
99,99,549.508,"C:/Users/Biolab/Desktop/Dyad Score Log Data for Editing 1-6,8-19/Dyad Videos/AVI Converted/10.avi",2161.245,59.94,Dominant,Dig Substrate,Reproductive,,POINT
100,100,550.008,"C:/Users/Biolab/Desktop/Dyad Score Log Data for Editing 1-6,8-19/Dyad Videos/AVI Converted/10.avi",2161.245,59.94,Dominant,Dig Substrate,Reproductive,,POINT
101,101,551.308,"C:/Users/Biolab/Desktop/Dyad Score Log Data for Editing 1-6,8-19/Dyad Videos/AVI Converted/10.avi",2161.245,59.94,Dominant,Foraging,Reproductive,,POINT
102,102,551.808,"C:/Users/Biolab/Desktop/Dyad Score Log Data for Editing 1-6,8-19/Dyad Videos/AVI Converted/10.avi",2161.245,59.94,Dominant,Foraging,Reproductive,,POINT
103,103,552.558,"C:/Users/Biolab/Desktop/Dyad Score Log Data for Editing 1-6,8-19/Dyad Videos/AVI Converted/10.avi",2161.245,59.94,Dominant,Foraging,Reproductive,,POINT
104,104,554.133,"C:/Users/Biolab/Desktop/Dyad Score Log Data for Editing 1-6,8-19/Dyad Videos/AVI Converted/10.avi",2161.245,59.94,Dominant,Foraging,Reproductive,,POINT
105,105,557.233,"C:/Users/Biolab/Desktop/Dyad Score Log Data for Editing 1-6,8-19/Dyad Videos/AVI Converted/10.avi",2161.245,59.94,Dominant,Lead,Reproductive,,POINT
106,106,559.933,"C:/Users/Biolab/Desktop/Dyad Score Log Data for Editing 1-6,8-19/Dyad Videos/AVI Converted/10.avi",2161.245,59.94,Dominant,Chase,Aggressive,,POINT
107,107,564.458,"C:/Users/Biolab/Desktop/Dyad Score Log Data for Editing 1-6,8-19/Dyad Videos/AVI Converted/10.avi",2161.245,59.94,Dominant,Lead,Reproductive,,POINT
108,108,572.808,"C:/Users/Biolab/Desktop/Dyad Score Log Data for Editing 1-6,8-19/Dyad Videos/AVI Converted/10.avi",2161.245,59.94,Dominant,Charge,Aggressive,,POINT
109,109,577.258,"C:/Users/Biolab/Desktop/Dyad Score Log Data for Editing 1-6,8-19/Dyad Videos/AVI Converted/10.avi",2161.245,59.94,Dominant,Dig Substrate,Reproductive,,POINT
110,110,577.783,"C:/Users/Biolab/Desktop/Dyad Score Log Data for Editing 1-6,8-19/Dyad Videos/AVI Converted/10.avi",2161.245,59.94,Dominant,Dig Substrate,Reproductive,,POINT
111,111,584.183,"C:/Users/Biolab/Desktop/Dyad Score Log Data for Editing 1-6,8-19/Dyad Videos/AVI Converted/10.avi",2161.245,59.94,Dominant,Dig Substrate,Reproductive,,POINT
112,112,584.683,"C:/Users/Biolab/Desktop/Dyad Score Log Data for Editing 1-6,8-19/Dyad Videos/AVI Converted/10.avi",2161.245,59.94,Dominant,Dig Substrate,Reproductive,,POINT
113,113,585.708,"C:/Users/Biolab/Desktop/Dyad Score Log Data for Editing 1-6,8-19/Dyad Videos/AVI Converted/10.avi",2161.245,59.94,Dominant,Dig Substrate,Reproductive,,POINT
114,114,600.283,"C:/Users/Biolab/Desktop/Dyad Score Log Data for Editing 1-6,8-19/Dyad Videos/AVI Converted/10.avi",2161.245,59.94,Dominant,Biting,Aggressive,,POINT
115,115,609.708,"C:/Users/Biolab/Desktop/Dyad Score Log Data for Editing 1-6,8-19/Dyad Videos/AVI Converted/10.avi",2161.245,59.94,Dominant,Charge,Aggressive,,POINT
116,116,609.708,"C:/Users/Biolab/Desktop/Dyad Score Log Data for Editing 1-6,8-19/Dyad Videos/AVI Converted/10.avi",2161.245,59.94,Dominant,Chase,Aggressive,,POINT
117,117,611.032,"C:/Users/Biolab/Desktop/Dyad Score Log Data for Editing 1-6,8-19/Dyad Videos/AVI Converted/10.avi",2161.245,59.94,Dominant,Chase,Aggressive,,POINT
118,118,613.083,"C:/Users/Biolab/Desktop/Dyad Score Log Data for Editing 1-6,8-19/Dyad Videos/AVI Converted/10.avi",2161.245,59.94,Dominant,Biting,Aggressive,,POINT
119,119,613.083,"C:/Users/Biolab/Desktop/Dyad Score Log Data for Editing 1-6,8-19/Dyad Videos/AVI Converted/10.avi",2161.245,59.94,Dominant,Chase,Aggressive,,POINT
120,120,625.357,"C:/Users/Biolab/Desktop/Dyad Score Log Data for Editing 1-6,8-19/Dyad Videos/AVI Converted/10.avi",2161.245,59.94,Dominant,Foraging,Reproductive,,POINT
121,121,626.383,"C:/Users/Biolab/Desktop/Dyad Score Log Data for Editing 1-6,8-19/Dyad Videos/AVI Converted/10.avi",2161.245,59.94,Dominant,Foraging,Reproductive,,POINT
122,122,634.908,"C:/Users/Biolab/Desktop/Dyad Score Log Data for Editing 1-6,8-19/Dyad Videos/AVI Converted/10.avi",2161.245,59.94,Dominant,Chase,Aggressive,,POINT
123,123,636.558,"C:/Users/Biolab/Desktop/Dyad Score Log Data for Editing 1-6,8-19/Dyad Videos/AVI Converted/10.avi",2161.245,59.94,Dominant,Chase,Aggressive,,POINT
124,124,651.132,"C:/Users/Biolab/Desktop/Dyad Score Log Data for Editing 1-6,8-19/Dyad Videos/AVI Converted/10.avi",2161.245,59.94,Dominant,Biting,Aggressive,,POINT
125,125,651.132,"C:/Users/Biolab/Desktop/Dyad Score Log Data for Editing 1-6,8-19/Dyad Videos/AVI Converted/10.avi",2161.245,59.94,Dominant,Frontal Side Display,Aggressive,,POINT
126,126,657.683,"C:/Users/Biolab/Desktop/Dyad Score Log Data for Editing 1-6,8-19/Dyad Videos/AVI Converted/10.avi",2161.245,59.94,Dominant,Foraging,Reproductive,,POINT
127,127,660.083,"C:/Users/Biolab/Desktop/Dyad Score Log Data for Editing 1-6,8-19/Dyad Videos/AVI Converted/10.avi",2161.245,59.94,Dominant,Charge,Aggressive,,POINT
128,128,660.083,"C:/Users/Biolab/Desktop/Dyad Score Log Data for Editing 1-6,8-19/Dyad Videos/AVI Converted/10.avi",2161.245,59.94,Dominant,Chase,Aggressive,,POINT
129,129,661.283,"C:/Users/Biolab/Desktop/Dyad Score Log Data for Editing 1-6,8-19/Dyad Videos/AVI Converted/10.avi",2161.245,59.94,Dominant,Chase,Aggressive,,POINT
130,130,661.283,"C:/Users/Biolab/Desktop/Dyad Score Log Data for Editing 1-6,8-19/Dyad Videos/AVI Converted/10.avi",2161.245,59.94,Dominant,Scrape,Aggressive,,POINT
131,131,662.833,"C:/Users/Biolab/Desktop/Dyad Score Log Data for Editing 1-6,8-19/Dyad Videos/AVI Converted/10.avi",2161.245,59.94,Dominant,Chase,Aggressive,,POINT
132,132,664.232,"C:/Users/Biolab/Desktop/Dyad Score Log Data for Editing 1-6,8-19/Dyad Videos/AVI Converted/10.avi",2161.245,59.94,Dominant,Lateral Side Display,Aggressive,,POINT
133,133,665.383,"C:/Users/Biolab/Desktop/Dyad Score Log Data for Editing 1-6,8-19/Dyad Videos/AVI Converted/10.avi",2161.245,59.94,Dominant,Charge,Aggressive,,POINT
134,134,665.457,"C:/Users/Biolab/Desktop/Dyad Score Log Data for Editing 1-6,8-19/Dyad Videos/AVI Converted/10.avi",2161.245,59.94,Dominant,Chase,Aggressive,,POINT
135,135,670.858,"C:/Users/Biolab/Desktop/Dyad Score Log Data for Editing 1-6,8-19/Dyad Videos/AVI Converted/10.avi",2161.245,59.94,Dominant,Chase,Aggressive,,POINT
136,136,676.757,"C:/Users/Biolab/Desktop/Dyad Score Log Data for Editing 1-6,8-19/Dyad Videos/AVI Converted/10.avi",2161.245,59.94,Dominant,Lead,Reproductive,,POINT
137,137,679.883,"C:/Users/Biolab/Desktop/Dyad Score Log Data for Editing 1-6,8-19/Dyad Videos/AVI Converted/10.avi",2161.245,59.94,Dominant,Biting,Aggressive,,POINT
138,138,679.883,"C:/Users/Biolab/Desktop/Dyad Score Log Data for Editing 1-6,8-19/Dyad Videos/AVI Converted/10.avi",2161.245,59.94,Dominant,Lead,Reproductive,,POINT
139,139,684.484,"C:/Users/Biolab/Desktop/Dyad Score Log Data for Editing 1-6,8-19/Dyad Videos/AVI Converted/10.avi",2161.245,59.94,Dominant,Foraging,Reproductive,,POINT
140,140,685.032,"C:/Users/Biolab/Desktop/Dyad Score Log Data for Editing 1-6,8-19/Dyad Videos/AVI Converted/10.avi",2161.245,59.94,Dominant,Foraging,Reproductive,,POINT
141,141,694.258,"C:/Users/Biolab/Desktop/Dyad Score Log Data for Editing 1-6,8-19/Dyad Videos/AVI Converted/10.avi",2161.245,59.94,Dominant,Lead,Reproductive,,POINT
142,142,700.433,"C:/Users/Biolab/Desktop/Dyad Score Log Data for Editing 1-6,8-19/Dyad Videos/AVI Converted/10.avi",2161.245,59.94,Dominant,Dig Substrate,Reproductive,,POINT
143,143,702.483,"C:/Users/Biolab/Desktop/Dyad Score Log Data for Editing 1-6,8-19/Dyad Videos/AVI Converted/10.avi",2161.245,59.94,Dominant,Dig Substrate,Reproductive,,POINT
144,144,703.557,"C:/Users/Biolab/Desktop/Dyad Score Log Data for Editing 1-6,8-19/Dyad Videos/AVI Converted/10.avi",2161.245,59.94,Dominant,Dig Substrate,Reproductive,,POINT
145,145,706.133,"C:/Users/Biolab/Desktop/Dyad Score Log Data for Editing 1-6,8-19/Dyad Videos/AVI Converted/10.avi",2161.245,59.94,Dominant,Lead,Reproductive,,POINT
146,146,708.482,"C:/Users/Biolab/Desktop/Dyad Score Log Data for Editing 1-6,8-19/Dyad Videos/AVI Converted/10.avi",2161.245,59.94,Dominant,Lead,Reproductive,,POINT
147,147,713.208,"C:/Users/Biolab/Desktop/Dyad Score Log Data for Editing 1-6,8-19/Dyad Videos/AVI Converted/10.avi",2161.245,59.94,Dominant,Biting,Aggressive,,POINT
148,148,713.208,"C:/Users/Biolab/Desktop/Dyad Score Log Data for Editing 1-6,8-19/Dyad Videos/AVI Converted/10.avi",2161.245,59.94,Dominant,Lead,Reproductive,,POINT
149,149,728.282,"C:/Users/Biolab/Desktop/Dyad Score Log Data for Editing 1-6,8-19/Dyad Videos/AVI Converted/10.avi",2161.245,59.94,Dominant,Dig Substrate,Reproductive,,POINT
150,150,729.808,"C:/Users/Biolab/Desktop/Dyad Score Log Data for Editing 1-6,8-19/Dyad Videos/AVI Converted/10.avi",2161.245,59.94,Dominant,Dig Substrate,Reproductive,,POINT
151,151,732.083,"C:/Users/Biolab/Desktop/Dyad Score Log Data for Editing 1-6,8-19/Dyad Videos/AVI Converted/10.avi",2161.245,59.94,Dominant,Dig Substrate,Reproductive,,POINT
152,152,734.608,"C:/Users/Biolab/Desktop/Dyad Score Log Data for Editing 1-6,8-19/Dyad Videos/AVI Converted/10.avi",2161.245,59.94,Dominant,Dig Substrate,Reproductive,,POINT
153,153,737.233,"C:/Users/Biolab/Desktop/Dyad Score Log Data for Editing 1-6,8-19/Dyad Videos/AVI Converted/10.avi",2161.245,59.94,Dominant,Dig Substrate,Reproductive,,POINT
154,154,744.258,"C:/Users/Biolab/Desktop/Dyad Score Log Data for Editing 1-6,8-19/Dyad Videos/AVI Converted/10.avi",2161.245,59.94,Dominant,Dig Substrate,Reproductive,,POINT
155,155,747.633,"C:/Users/Biolab/Desktop/Dyad Score Log Data for Editing 1-6,8-19/Dyad Videos/AVI Converted/10.avi",2161.245,59.94,Dominant,Dig Substrate,Reproductive,,POINT
156,156,752.607,"C:/Users/Biolab/Desktop/Dyad Score Log Data for Editing 1-6,8-19/Dyad Videos/AVI Converted/10.avi",2161.245,59.94,Dominant,Dig Substrate,Reproductive,,POINT
157,157,755.183,"C:/Users/Biolab/Desktop/Dyad Score Log Data for Editing 1-6,8-19/Dyad Videos/AVI Converted/10.avi",2161.245,59.94,Dominant,Dig Substrate,Reproductive,,POINT
158,158,769.333,"C:/Users/Biolab/Desktop/Dyad Score Log Data for Editing 1-6,8-19/Dyad Videos/AVI Converted/10.avi",2161.245,59.94,Dominant,Scrape,Aggressive,,POINT
159,159,774.657,"C:/Users/Biolab/Desktop/Dyad Score Log Data for Editing 1-6,8-19/Dyad Videos/AVI Converted/10.avi",2161.245,59.94,Dominant,Scrape,Aggressive,,POINT
160,160,775.433,"C:/Users/Biolab/Desktop/Dyad Score Log Data for Editing 1-6,8-19/Dyad Videos/AVI Converted/10.avi",2161.245,59.94,Dominant,Quiver,Reproductive,,POINT
161,161,776.808,"C:/Users/Biolab/Desktop/Dyad Score Log Data for Editing 1-6,8-19/Dyad Videos/AVI Converted/10.avi",2161.245,59.94,Dominant,Quiver,Reproductive,,POINT
162,162,778.058,"C:/Users/Biolab/Desktop/Dyad Score Log Data for Editing 1-6,8-19/Dyad Videos/AVI Converted/10.avi",2161.245,59.94,Dominant,Pot Entry,Reproductive,,POINT
163,163,782.258,"C:/Users/Biolab/Desktop/Dyad Score Log Data for Editing 1-6,8-19/Dyad Videos/AVI Converted/10.avi",2161.245,59.94,Dominant,Pot Exit,Reproductive,,POINT
164,164,783.033,"C:/Users/Biolab/Desktop/Dyad Score Log Data for Editing 1-6,8-19/Dyad Videos/AVI Converted/10.avi",2161.245,59.94,Dominant,Lead,Reproductive,,POINT
165,165,784.907,"C:/Users/Biolab/Desktop/Dyad Score Log Data for Editing 1-6,8-19/Dyad Videos/AVI Converted/10.avi",2161.245,59.94,Dominant,Lead,Reproductive,,POINT
166,166,786.757,"C:/Users/Biolab/Desktop/Dyad Score Log Data for Editing 1-6,8-19/Dyad Videos/AVI Converted/10.avi",2161.245,59.94,Dominant,Chase,Aggressive,,POINT
167,167,787.557,"C:/Users/Biolab/Desktop/Dyad Score Log Data for Editing 1-6,8-19/Dyad Videos/AVI Converted/10.avi",2161.245,59.94,Dominant,Chase,Aggressive,,POINT
168,168,789.858,"C:/Users/Biolab/Desktop/Dyad Score Log Data for Editing 1-6,8-19/Dyad Videos/AVI Converted/10.avi",2161.245,59.94,Dominant,Lead,Reproductive,,POINT
169,169,794.383,"C:/Users/Biolab/Desktop/Dyad Score Log Data for Editing 1-6,8-19/Dyad Videos/AVI Converted/10.avi",2161.245,59.94,Dominant,Lead,Reproductive,,POINT
170,170,795.733,"C:/Users/Biolab/Desktop/Dyad Score Log Data for Editing 1-6,8-19/Dyad Videos/AVI Converted/10.avi",2161.245,59.94,Dominant,Chase,Aggressive,,POINT
171,171,811.258,"C:/Users/Biolab/Desktop/Dyad Score Log Data for Editing 1-6,8-19/Dyad Videos/AVI Converted/10.avi",2161.245,59.94,Dominant,Chase,Aggressive,,POINT
172,172,819.083,"C:/Users/Biolab/Desktop/Dyad Score Log Data for Editing 1-6,8-19/Dyad Videos/AVI Converted/10.avi",2161.245,59.94,Dominant,Charge,Aggressive,,POINT
173,173,819.083,"C:/Users/Biolab/Desktop/Dyad Score Log Data for Editing 1-6,8-19/Dyad Videos/AVI Converted/10.avi",2161.245,59.94,Dominant,Biting,Aggressive,,POINT
174,174,825.032,"C:/Users/Biolab/Desktop/Dyad Score Log Data for Editing 1-6,8-19/Dyad Videos/AVI Converted/10.avi",2161.245,59.94,Dominant,Dig Substrate,Reproductive,,POINT
175,175,827.608,"C:/Users/Biolab/Desktop/Dyad Score Log Data for Editing 1-6,8-19/Dyad Videos/AVI Converted/10.avi",2161.245,59.94,Dominant,Foraging,Reproductive,,POINT
176,176,834.783,"C:/Users/Biolab/Desktop/Dyad Score Log Data for Editing 1-6,8-19/Dyad Videos/AVI Converted/10.avi",2161.245,59.94,Dominant,Chase,Aggressive,,POINT
177,177,835.983,"C:/Users/Biolab/Desktop/Dyad Score Log Data for Editing 1-6,8-19/Dyad Videos/AVI Converted/10.avi",2161.245,59.94,Dominant,Biting,Aggressive,,POINT
178,178,836.832,"C:/Users/Biolab/Desktop/Dyad Score Log Data for Editing 1-6,8-19/Dyad Videos/AVI Converted/10.avi",2161.245,59.94,Dominant,Frontal Side Display,Aggressive,,POINT
179,179,847.657,"C:/Users/Biolab/Desktop/Dyad Score Log Data for Editing 1-6,8-19/Dyad Videos/AVI Converted/10.avi",2161.245,59.94,Dominant,Chase,Aggressive,,POINT
180,180,850.983,"C:/Users/Biolab/Desktop/Dyad Score Log Data for Editing 1-6,8-19/Dyad Videos/AVI Converted/10.avi",2161.245,59.94,Dominant,Biting,Aggressive,,POINT
181,181,850.983,"C:/Users/Biolab/Desktop/Dyad Score Log Data for Editing 1-6,8-19/Dyad Videos/AVI Converted/10.avi",2161.245,59.94,Dominant,Chase,Aggressive,,POINT
182,182,880.509,"C:/Users/Biolab/Desktop/Dyad Score Log Data for Editing 1-6,8-19/Dyad Videos/AVI Converted/10.avi",2161.245,59.94,Dominant,Foraging,Reproductive,,POINT
183,183,881.032,"C:/Users/Biolab/Desktop/Dyad Score Log Data for Editing 1-6,8-19/Dyad Videos/AVI Converted/10.avi",2161.245,59.94,Dominant,Foraging,Reproductive,,POINT
184,184,883.083,"C:/Users/Biolab/Desktop/Dyad Score Log Data for Editing 1-6,8-19/Dyad Videos/AVI Converted/10.avi",2161.245,59.94,Dominant,Foraging,Reproductive,,POINT
185,185,893.258,"C:/Users/Biolab/Desktop/Dyad Score Log Data for Editing 1-6,8-19/Dyad Videos/AVI Converted/10.avi",2161.245,59.94,Dominant,Foraging,Reproductive,,POINT
186,186,913.358,"C:/Users/Biolab/Desktop/Dyad Score Log Data for Editing 1-6,8-19/Dyad Videos/AVI Converted/10.avi",2161.245,59.94,Dominant,Lead,Reproductive,,POINT
187,187,915.708,"C:/Users/Biolab/Desktop/Dyad Score Log Data for Editing 1-6,8-19/Dyad Videos/AVI Converted/10.avi",2161.245,59.94,Dominant,Pot Entry,Reproductive,,POINT
188,188,919.908,"C:/Users/Biolab/Desktop/Dyad Score Log Data for Editing 1-6,8-19/Dyad Videos/AVI Converted/10.avi",2161.245,59.94,Dominant,Pot Dig,Reproductive,,POINT
189,189,920.158,"C:/Users/Biolab/Desktop/Dyad Score Log Data for Editing 1-6,8-19/Dyad Videos/AVI Converted/10.avi",2161.245,59.94,Dominant,Pot Exit,Reproductive,,POINT
190,190,920.583,"C:/Users/Biolab/Desktop/Dyad Score Log Data for Editing 1-6,8-19/Dyad Videos/AVI Converted/10.avi",2161.245,59.94,Dominant,Lead,Reproductive,,POINT
191,191,921.358,"C:/Users/Biolab/Desktop/Dyad Score Log Data for Editing 1-6,8-19/Dyad Videos/AVI Converted/10.avi",2161.245,59.94,Dominant,Lead,Reproductive,,POINT
192,192,928.808,"C:/Users/Biolab/Desktop/Dyad Score Log Data for Editing 1-6,8-19/Dyad Videos/AVI Converted/10.avi",2161.245,59.94,Dominant,Chase,Aggressive,,POINT
193,193,937.358,"C:/Users/Biolab/Desktop/Dyad Score Log Data for Editing 1-6,8-19/Dyad Videos/AVI Converted/10.avi",2161.245,59.94,Dominant,Quiver,Reproductive,,POINT
194,194,941.907,"C:/Users/Biolab/Desktop/Dyad Score Log Data for Editing 1-6,8-19/Dyad Videos/AVI Converted/10.avi",2161.245,59.94,Dominant,Lead,Reproductive,,POINT
195,195,946.783,"C:/Users/Biolab/Desktop/Dyad Score Log Data for Editing 1-6,8-19/Dyad Videos/AVI Converted/10.avi",2161.245,59.94,Dominant,Pot Entry,Reproductive,,POINT
196,196,948.383,"C:/Users/Biolab/Desktop/Dyad Score Log Data for Editing 1-6,8-19/Dyad Videos/AVI Converted/10.avi",2161.245,59.94,Dominant,Pot Dig,Reproductive,,POINT
197,197,949.958,"C:/Users/Biolab/Desktop/Dyad Score Log Data for Editing 1-6,8-19/Dyad Videos/AVI Converted/10.avi",2161.245,59.94,Dominant,Pot Dig,Reproductive,,POINT
198,198,951.808,"C:/Users/Biolab/Desktop/Dyad Score Log Data for Editing 1-6,8-19/Dyad Videos/AVI Converted/10.avi",2161.245,59.94,Dominant,Pot Dig,Reproductive,,POINT
199,199,953.133,"C:/Users/Biolab/Desktop/Dyad Score Log Data for Editing 1-6,8-19/Dyad Videos/AVI Converted/10.avi",2161.245,59.94,Dominant,Pot Exit,Reproductive,,POINT
200,200,960.807,"C:/Users/Biolab/Desktop/Dyad Score Log Data for Editing 1-6,8-19/Dyad Videos/AVI Converted/10.avi",2161.245,59.94,Dominant,Chase,Aggressive,,POINT
201,201,960.807,"C:/Users/Biolab/Desktop/Dyad Score Log Data for Editing 1-6,8-19/Dyad Videos/AVI Converted/10.avi",2161.245,59.94,Dominant,Scrape,Aggressive,,POINT
202,202,961.657,"C:/Users/Biolab/Desktop/Dyad Score Log Data for Editing 1-6,8-19/Dyad Videos/AVI Converted/10.avi",2161.245,59.94,Dominant,Chase,Aggressive,,POINT
203,203,963.183,"C:/Users/Biolab/Desktop/Dyad Score Log Data for Editing 1-6,8-19/Dyad Videos/AVI Converted/10.avi",2161.245,59.94,Dominant,Chase,Aggressive,,POINT
204,204,965.608,"C:/Users/Biolab/Desktop/Dyad Score Log Data for Editing 1-6,8-19/Dyad Videos/AVI Converted/10.avi",2161.245,59.94,Dominant,Chase,Aggressive,,POINT
205,205,969.258,"C:/Users/Biolab/Desktop/Dyad Score Log Data for Editing 1-6,8-19/Dyad Videos/AVI Converted/10.avi",2161.245,59.94,Dominant,Foraging,Reproductive,,POINT
206,206,975.883,"C:/Users/Biolab/Desktop/Dyad Score Log Data for Editing 1-6,8-19/Dyad Videos/AVI Converted/10.avi",2161.245,59.94,Dominant,Foraging,Reproductive,,POINT
207,207,976.157,"C:/Users/Biolab/Desktop/Dyad Score Log Data for Editing 1-6,8-19/Dyad Videos/AVI Converted/10.avi",2161.245,59.94,Dominant,Foraging,Reproductive,,POINT
208,208,977.232,"C:/Users/Biolab/Desktop/Dyad Score Log Data for Editing 1-6,8-19/Dyad Videos/AVI Converted/10.avi",2161.245,59.94,Dominant,Foraging,Reproductive,,POINT
209,209,977.482,"C:/Users/Biolab/Desktop/Dyad Score Log Data for Editing 1-6,8-19/Dyad Videos/AVI Converted/10.avi",2161.245,59.94,Dominant,Foraging,Reproductive,,POINT
210,210,978.233,"C:/Users/Biolab/Desktop/Dyad Score Log Data for Editing 1-6,8-19/Dyad Videos/AVI Converted/10.avi",2161.245,59.94,Dominant,Foraging,Reproductive,,POINT
211,211,979.058,"C:/Users/Biolab/Desktop/Dyad Score Log Data for Editing 1-6,8-19/Dyad Videos/AVI Converted/10.avi",2161.245,59.94,Dominant,Foraging,Reproductive,,POINT
212,212,983.958,"C:/Users/Biolab/Desktop/Dyad Score Log Data for Editing 1-6,8-19/Dyad Videos/AVI Converted/10.avi",2161.245,59.94,Dominant,Chase,Aggressive,,POINT
213,213,984.833,"C:/Users/Biolab/Desktop/Dyad Score Log Data for Editing 1-6,8-19/Dyad Videos/AVI Converted/10.avi",2161.245,59.94,Dominant,Lateral Side Display,Aggressive,,POINT
214,214,984.833,"C:/Users/Biolab/Desktop/Dyad Score Log Data for Editing 1-6,8-19/Dyad Videos/AVI Converted/10.avi",2161.245,59.94,Dominant,Scrape,Aggressive,,POINT
215,215,986.032,"C:/Users/Biolab/Desktop/Dyad Score Log Data for Editing 1-6,8-19/Dyad Videos/AVI Converted/10.avi",2161.245,59.94,Dominant,Chase,Aggressive,,POINT
216,216,987.608,"C:/Users/Biolab/Desktop/Dyad Score Log Data for Editing 1-6,8-19/Dyad Videos/AVI Converted/10.avi",2161.245,59.94,Dominant,Charge,Aggressive,,POINT
217,217,987.608,"C:/Users/Biolab/Desktop/Dyad Score Log Data for Editing 1-6,8-19/Dyad Videos/AVI Converted/10.avi",2161.245,59.94,Dominant,Chase,Aggressive,,POINT
218,218,1016.633,"C:/Users/Biolab/Desktop/Dyad Score Log Data for Editing 1-6,8-19/Dyad Videos/AVI Converted/10.avi",2161.245,59.94,Dominant,Charge,Aggressive,,POINT
219,219,1016.633,"C:/Users/Biolab/Desktop/Dyad Score Log Data for Editing 1-6,8-19/Dyad Videos/AVI Converted/10.avi",2161.245,59.94,Dominant,Chase,Aggressive,,POINT
220,220,1017.383,"C:/Users/Biolab/Desktop/Dyad Score Log Data for Editing 1-6,8-19/Dyad Videos/AVI Converted/10.avi",2161.245,59.94,Dominant,Chase,Aggressive,,POINT
221,221,1019.958,"C:/Users/Biolab/Desktop/Dyad Score Log Data for Editing 1-6,8-19/Dyad Videos/AVI Converted/10.avi",2161.245,59.94,Dominant,Chase,Aggressive,,POINT
222,222,1021.008,"C:/Users/Biolab/Desktop/Dyad Score Log Data for Editing 1-6,8-19/Dyad Videos/AVI Converted/10.avi",2161.245,59.94,Dominant,Biting,Aggressive,,POINT
223,223,1027.957,"C:/Users/Biolab/Desktop/Dyad Score Log Data for Editing 1-6,8-19/Dyad Videos/AVI Converted/10.avi",2161.245,59.94,Dominant,Charge,Aggressive,,POINT
224,224,1027.957,"C:/Users/Biolab/Desktop/Dyad Score Log Data for Editing 1-6,8-19/Dyad Videos/AVI Converted/10.avi",2161.245,59.94,Dominant,Biting,Aggressive,,POINT
225,225,1040.483,"C:/Users/Biolab/Desktop/Dyad Score Log Data for Editing 1-6,8-19/Dyad Videos/AVI Converted/10.avi",2161.245,59.94,Dominant,Biting,Aggressive,,POINT
226,226,1042.983,"C:/Users/Biolab/Desktop/Dyad Score Log Data for Editing 1-6,8-19/Dyad Videos/AVI Converted/10.avi",2161.245,59.94,Dominant,Foraging,Reproductive,,POINT
227,227,1044.707,"C:/Users/Biolab/Desktop/Dyad Score Log Data for Editing 1-6,8-19/Dyad Videos/AVI Converted/10.avi",2161.245,59.94,Dominant,Foraging,Reproductive,,POINT
228,228,1048.032,"C:/Users/Biolab/Desktop/Dyad Score Log Data for Editing 1-6,8-19/Dyad Videos/AVI Converted/10.avi",2161.245,59.94,Dominant,Foraging,Reproductive,,POINT
229,229,1049.308,"C:/Users/Biolab/Desktop/Dyad Score Log Data for Editing 1-6,8-19/Dyad Videos/AVI Converted/10.avi",2161.245,59.94,Dominant,Foraging,Reproductive,,POINT
230,230,1052.409,"C:/Users/Biolab/Desktop/Dyad Score Log Data for Editing 1-6,8-19/Dyad Videos/AVI Converted/10.avi",2161.245,59.94,Dominant,Charge,Aggressive,,POINT
231,231,1055.007,"C:/Users/Biolab/Desktop/Dyad Score Log Data for Editing 1-6,8-19/Dyad Videos/AVI Converted/10.avi",2161.245,59.94,Dominant,Lead,Reproductive,,POINT
232,232,1058.408,"C:/Users/Biolab/Desktop/Dyad Score Log Data for Editing 1-6,8-19/Dyad Videos/AVI Converted/10.avi",2161.245,59.94,Dominant,Charge,Aggressive,,POINT
233,233,1061.708,"C:/Users/Biolab/Desktop/Dyad Score Log Data for Editing 1-6,8-19/Dyad Videos/AVI Converted/10.avi",2161.245,59.94,Dominant,Biting,Aggressive,,POINT
234,234,1073.833,"C:/Users/Biolab/Desktop/Dyad Score Log Data for Editing 1-6,8-19/Dyad Videos/AVI Converted/10.avi",2161.245,59.94,Dominant,Charge,Aggressive,,POINT
235,235,1077.433,"C:/Users/Biolab/Desktop/Dyad Score Log Data for Editing 1-6,8-19/Dyad Videos/AVI Converted/10.avi",2161.245,59.94,Dominant,Biting,Aggressive,,POINT
236,236,1078.158,"C:/Users/Biolab/Desktop/Dyad Score Log Data for Editing 1-6,8-19/Dyad Videos/AVI Converted/10.avi",2161.245,59.94,Dominant,Charge,Aggressive,,POINT
237,237,1079.458,"C:/Users/Biolab/Desktop/Dyad Score Log Data for Editing 1-6,8-19/Dyad Videos/AVI Converted/10.avi",2161.245,59.94,Dominant,Charge,Aggressive,,POINT
238,238,1082.058,"C:/Users/Biolab/Desktop/Dyad Score Log Data for Editing 1-6,8-19/Dyad Videos/AVI Converted/10.avi",2161.245,59.94,Dominant,Foraging,Reproductive,,POINT
239,239,1085.933,"C:/Users/Biolab/Desktop/Dyad Score Log Data for Editing 1-6,8-19/Dyad Videos/AVI Converted/10.avi",2161.245,59.94,Dominant,Chase,Aggressive,,POINT
240,240,1095.207,"C:/Users/Biolab/Desktop/Dyad Score Log Data for Editing 1-6,8-19/Dyad Videos/AVI Converted/10.avi",2161.245,59.94,Dominant,Charge,Aggressive,,POINT
241,241,1095.207,"C:/Users/Biolab/Desktop/Dyad Score Log Data for Editing 1-6,8-19/Dyad Videos/AVI Converted/10.avi",2161.245,59.94,Dominant,Biting,Aggressive,,POINT
242,242,1096.608,"C:/Users/Biolab/Desktop/Dyad Score Log Data for Editing 1-6,8-19/Dyad Videos/AVI Converted/10.avi",2161.245,59.94,Dominant,Chase,Aggressive,,POINT
243,243,1096.608,"C:/Users/Biolab/Desktop/Dyad Score Log Data for Editing 1-6,8-19/Dyad Videos/AVI Converted/10.avi",2161.245,59.94,Dominant,Scrape,Aggressive,,POINT
244,244,1098.633,"C:/Users/Biolab/Desktop/Dyad Score Log Data for Editing 1-6,8-19/Dyad Videos/AVI Converted/10.avi",2161.245,59.94,Dominant,Frontal Side Display,Aggressive,,POINT
245,245,1102.183,"C:/Users/Biolab/Desktop/Dyad Score Log Data for Editing 1-6,8-19/Dyad Videos/AVI Converted/10.avi",2161.245,59.94,Dominant,Lead,Reproductive,,POINT
246,246,1105.332,"C:/Users/Biolab/Desktop/Dyad Score Log Data for Editing 1-6,8-19/Dyad Videos/AVI Converted/10.avi",2161.245,59.94,Dominant,Biting,Aggressive,,POINT
247,247,1117.132,"C:/Users/Biolab/Desktop/Dyad Score Log Data for Editing 1-6,8-19/Dyad Videos/AVI Converted/10.avi",2161.245,59.94,Dominant,Charge,Aggressive,,POINT
248,248,1117.132,"C:/Users/Biolab/Desktop/Dyad Score Log Data for Editing 1-6,8-19/Dyad Videos/AVI Converted/10.avi",2161.245,59.94,Dominant,Chase,Aggressive,,POINT
249,249,1117.957,"C:/Users/Biolab/Desktop/Dyad Score Log Data for Editing 1-6,8-19/Dyad Videos/AVI Converted/10.avi",2161.245,59.94,Dominant,Biting,Aggressive,,POINT
250,250,1117.957,"C:/Users/Biolab/Desktop/Dyad Score Log Data for Editing 1-6,8-19/Dyad Videos/AVI Converted/10.avi",2161.245,59.94,Dominant,Scrape,Aggressive,,POINT
251,251,1120.383,"C:/Users/Biolab/Desktop/Dyad Score Log Data for Editing 1-6,8-19/Dyad Videos/AVI Converted/10.avi",2161.245,59.94,Dominant,Dig Substrate,Reproductive,,POINT
252,252,1121.157,"C:/Users/Biolab/Desktop/Dyad Score Log Data for Editing 1-6,8-19/Dyad Videos/AVI Converted/10.avi",2161.245,59.94,Dominant,Dig Substrate,Reproductive,,POINT
253,253,1124.708,"C:/Users/Biolab/Desktop/Dyad Score Log Data for Editing 1-6,8-19/Dyad Videos/AVI Converted/10.avi",2161.245,59.94,Dominant,Charge,Aggressive,,POINT
254,254,1124.708,"C:/Users/Biolab/Desktop/Dyad Score Log Data for Editing 1-6,8-19/Dyad Videos/AVI Converted/10.avi",2161.245,59.94,Dominant,Biting,Aggressive,,POINT
255,255,1124.708,"C:/Users/Biolab/Desktop/Dyad Score Log Data for Editing 1-6,8-19/Dyad Videos/AVI Converted/10.avi",2161.245,59.94,Dominant,Scrape,Aggressive,,POINT
256,256,1129.033,"C:/Users/Biolab/Desktop/Dyad Score Log Data for Editing 1-6,8-19/Dyad Videos/AVI Converted/10.avi",2161.245,59.94,Dominant,Charge,Aggressive,,POINT
257,257,1130.633,"C:/Users/Biolab/Desktop/Dyad Score Log Data for Editing 1-6,8-19/Dyad Videos/AVI Converted/10.avi",2161.245,59.94,Dominant,Lateral Side Display,Aggressive,,POINT
258,258,1132.133,"C:/Users/Biolab/Desktop/Dyad Score Log Data for Editing 1-6,8-19/Dyad Videos/AVI Converted/10.avi",2161.245,59.94,Dominant,Biting,Aggressive,,POINT
259,259,1137.883,"C:/Users/Biolab/Desktop/Dyad Score Log Data for Editing 1-6,8-19/Dyad Videos/AVI Converted/10.avi",2161.245,59.94,Dominant,Biting,Aggressive,,POINT
260,260,1138.057,"C:/Users/Biolab/Desktop/Dyad Score Log Data for Editing 1-6,8-19/Dyad Videos/AVI Converted/10.avi",2161.245,59.94,Dominant,Biting,Aggressive,,POINT
261,261,1141.433,"C:/Users/Biolab/Desktop/Dyad Score Log Data for Editing 1-6,8-19/Dyad Videos/AVI Converted/10.avi",2161.245,59.94,Dominant,Biting,Aggressive,,POINT
262,262,1142.458,"C:/Users/Biolab/Desktop/Dyad Score Log Data for Editing 1-6,8-19/Dyad Videos/AVI Converted/10.avi",2161.245,59.94,Dominant,Frontal Side Display,Aggressive,,POINT
263,263,1144.182,"C:/Users/Biolab/Desktop/Dyad Score Log Data for Editing 1-6,8-19/Dyad Videos/AVI Converted/10.avi",2161.245,59.94,Dominant,Biting,Aggressive,,POINT
264,264,1152.408,"C:/Users/Biolab/Desktop/Dyad Score Log Data for Editing 1-6,8-19/Dyad Videos/AVI Converted/10.avi",2161.245,59.94,Dominant,Charge,Aggressive,,POINT
265,265,1152.408,"C:/Users/Biolab/Desktop/Dyad Score Log Data for Editing 1-6,8-19/Dyad Videos/AVI Converted/10.avi",2161.245,59.94,Dominant,Lead,Reproductive,,POINT
266,266,1156.033,"C:/Users/Biolab/Desktop/Dyad Score Log Data for Editing 1-6,8-19/Dyad Videos/AVI Converted/10.avi",2161.245,59.94,Dominant,Lead,Reproductive,,POINT
267,267,1160.158,"C:/Users/Biolab/Desktop/Dyad Score Log Data for Editing 1-6,8-19/Dyad Videos/AVI Converted/10.avi",2161.245,59.94,Dominant,Biting,Aggressive,,POINT
268,268,1160.158,"C:/Users/Biolab/Desktop/Dyad Score Log Data for Editing 1-6,8-19/Dyad Videos/AVI Converted/10.avi",2161.245,59.94,Dominant,Chase,Aggressive,,POINT
269,269,1164.282,"C:/Users/Biolab/Desktop/Dyad Score Log Data for Editing 1-6,8-19/Dyad Videos/AVI Converted/10.avi",2161.245,59.94,Dominant,Charge,Aggressive,,POINT
270,270,1164.282,"C:/Users/Biolab/Desktop/Dyad Score Log Data for Editing 1-6,8-19/Dyad Videos/AVI Converted/10.avi",2161.245,59.94,Dominant,Biting,Aggressive,,POINT
271,271,1173.433,"C:/Users/Biolab/Desktop/Dyad Score Log Data for Editing 1-6,8-19/Dyad Videos/AVI Converted/10.avi",2161.245,59.94,Dominant,Dig Substrate,Reproductive,,POINT
272,272,1174.957,"C:/Users/Biolab/Desktop/Dyad Score Log Data for Editing 1-6,8-19/Dyad Videos/AVI Converted/10.avi",2161.245,59.94,Dominant,Dig Substrate,Reproductive,,POINT
273,273,1176.807,"C:/Users/Biolab/Desktop/Dyad Score Log Data for Editing 1-6,8-19/Dyad Videos/AVI Converted/10.avi",2161.245,59.94,Dominant,Dig Substrate,Reproductive,,POINT
274,274,1179.682,"C:/Users/Biolab/Desktop/Dyad Score Log Data for Editing 1-6,8-19/Dyad Videos/AVI Converted/10.avi",2161.245,59.94,Dominant,Dig Substrate,Reproductive,,POINT
275,275,1183.508,"C:/Users/Biolab/Desktop/Dyad Score Log Data for Editing 1-6,8-19/Dyad Videos/AVI Converted/10.avi",2161.245,59.94,Dominant,Charge,Aggressive,,POINT
276,276,1183.932,"C:/Users/Biolab/Desktop/Dyad Score Log Data for Editing 1-6,8-19/Dyad Videos/AVI Converted/10.avi",2161.245,59.94,Dominant,Chase,Aggressive,,POINT
277,277,1184.433,"C:/Users/Biolab/Desktop/Dyad Score Log Data for Editing 1-6,8-19/Dyad Videos/AVI Converted/10.avi",2161.245,59.94,Dominant,Scrape,Aggressive,,POINT
278,278,1185.407,"C:/Users/Biolab/Desktop/Dyad Score Log Data for Editing 1-6,8-19/Dyad Videos/AVI Converted/10.avi",2161.245,59.94,Dominant,Biting,Aggressive,,POINT
279,279,1188.458,"C:/Users/Biolab/Desktop/Dyad Score Log Data for Editing 1-6,8-19/Dyad Videos/AVI Converted/10.avi",2161.245,59.94,Dominant,Charge,Aggressive,,POINT
280,280,1192.257,"C:/Users/Biolab/Desktop/Dyad Score Log Data for Editing 1-6,8-19/Dyad Videos/AVI Converted/10.avi",2161.245,59.94,Dominant,Lead,Reproductive,,POINT
281,281,1199.058,"C:/Users/Biolab/Desktop/Dyad Score Log Data for Editing 1-6,8-19/Dyad Videos/AVI Converted/10.avi",2161.245,59.94,Dominant,Charge,Aggressive,,POINT
282,282,1204.533,"C:/Users/Biolab/Desktop/Dyad Score Log Data for Editing 1-6,8-19/Dyad Videos/AVI Converted/10.avi",2161.245,59.94,Dominant,Charge,Aggressive,,POINT
283,283,1209.182,"C:/Users/Biolab/Desktop/Dyad Score Log Data for Editing 1-6,8-19/Dyad Videos/AVI Converted/10.avi",2161.245,59.94,Dominant,Lead,Reproductive,,POINT
284,284,1209.958,"C:/Users/Biolab/Desktop/Dyad Score Log Data for Editing 1-6,8-19/Dyad Videos/AVI Converted/10.avi",2161.245,59.94,Dominant,Chase,Aggressive,,POINT
285,285,1210.483,"C:/Users/Biolab/Desktop/Dyad Score Log Data for Editing 1-6,8-19/Dyad Videos/AVI Converted/10.avi",2161.245,59.94,Dominant,Biting,Aggressive,,POINT
286,286,1214.108,"C:/Users/Biolab/Desktop/Dyad Score Log Data for Editing 1-6,8-19/Dyad Videos/AVI Converted/10.avi",2161.245,59.94,Dominant,Biting,Aggressive,,POINT
287,287,1215.133,"C:/Users/Biolab/Desktop/Dyad Score Log Data for Editing 1-6,8-19/Dyad Videos/AVI Converted/10.avi",2161.245,59.94,Dominant,Biting,Aggressive,,POINT
288,288,1217.683,"C:/Users/Biolab/Desktop/Dyad Score Log Data for Editing 1-6,8-19/Dyad Videos/AVI Converted/10.avi",2161.245,59.94,Dominant,Lead,Reproductive,,POINT
289,289,1229.932,"C:/Users/Biolab/Desktop/Dyad Score Log Data for Editing 1-6,8-19/Dyad Videos/AVI Converted/10.avi",2161.245,59.94,Dominant,Pot Entry,Reproductive,,POINT
290,290,1234.382,"C:/Users/Biolab/Desktop/Dyad Score Log Data for Editing 1-6,8-19/Dyad Videos/AVI Converted/10.avi",2161.245,59.94,Dominant,Pot Dig,Reproductive,,POINT
291,291,1234.883,"C:/Users/Biolab/Desktop/Dyad Score Log Data for Editing 1-6,8-19/Dyad Videos/AVI Converted/10.avi",2161.245,59.94,Dominant,Pot Exit,Reproductive,,POINT
292,292,1235.457,"C:/Users/Biolab/Desktop/Dyad Score Log Data for Editing 1-6,8-19/Dyad Videos/AVI Converted/10.avi",2161.245,59.94,Dominant,Charge,Aggressive,,POINT
293,293,1236.983,"C:/Users/Biolab/Desktop/Dyad Score Log Data for Editing 1-6,8-19/Dyad Videos/AVI Converted/10.avi",2161.245,59.94,Dominant,Biting,Aggressive,,POINT
294,294,1242.408,"C:/Users/Biolab/Desktop/Dyad Score Log Data for Editing 1-6,8-19/Dyad Videos/AVI Converted/10.avi",2161.245,59.94,Dominant,Charge,Aggressive,,POINT
295,295,1245.833,"C:/Users/Biolab/Desktop/Dyad Score Log Data for Editing 1-6,8-19/Dyad Videos/AVI Converted/10.avi",2161.245,59.94,Dominant,Charge,Aggressive,,POINT
296,296,1245.833,"C:/Users/Biolab/Desktop/Dyad Score Log Data for Editing 1-6,8-19/Dyad Videos/AVI Converted/10.avi",2161.245,59.94,Dominant,Biting,Aggressive,,POINT
297,297,1248.658,"C:/Users/Biolab/Desktop/Dyad Score Log Data for Editing 1-6,8-19/Dyad Videos/AVI Converted/10.avi",2161.245,59.94,Dominant,Foraging,Reproductive,,POINT
298,298,1249.282,"C:/Users/Biolab/Desktop/Dyad Score Log Data for Editing 1-6,8-19/Dyad Videos/AVI Converted/10.avi",2161.245,59.94,Dominant,Foraging,Reproductive,,POINT
299,299,1252.508,"C:/Users/Biolab/Desktop/Dyad Score Log Data for Editing 1-6,8-19/Dyad Videos/AVI Converted/10.avi",2161.245,59.94,Dominant,Biting,Aggressive,,POINT
300,300,1258.958,"C:/Users/Biolab/Desktop/Dyad Score Log Data for Editing 1-6,8-19/Dyad Videos/AVI Converted/10.avi",2161.245,59.94,Dominant,Biting,Aggressive,,POINT
301,301,1263.058,"C:/Users/Biolab/Desktop/Dyad Score Log Data for Editing 1-6,8-19/Dyad Videos/AVI Converted/10.avi",2161.245,59.94,Dominant,Biting,Aggressive,,POINT
302,302,1264.482,"C:/Users/Biolab/Desktop/Dyad Score Log Data for Editing 1-6,8-19/Dyad Videos/AVI Converted/10.avi",2161.245,59.94,Dominant,Quiver,Reproductive,,POINT
303,303,1266.408,"C:/Users/Biolab/Desktop/Dyad Score Log Data for Editing 1-6,8-19/Dyad Videos/AVI Converted/10.avi",2161.245,59.94,Dominant,Lead,Reproductive,,POINT
304,304,1267.307,"C:/Users/Biolab/Desktop/Dyad Score Log Data for Editing 1-6,8-19/Dyad Videos/AVI Converted/10.avi",2161.245,59.94,Dominant,Scrape,Aggressive,,POINT
305,305,1271.383,"C:/Users/Biolab/Desktop/Dyad Score Log Data for Editing 1-6,8-19/Dyad Videos/AVI Converted/10.avi",2161.245,59.94,Dominant,Charge,Aggressive,,POINT
306,306,1271.383,"C:/Users/Biolab/Desktop/Dyad Score Log Data for Editing 1-6,8-19/Dyad Videos/AVI Converted/10.avi",2161.245,59.94,Dominant,Biting,Aggressive,,POINT
307,307,1276.308,"C:/Users/Biolab/Desktop/Dyad Score Log Data for Editing 1-6,8-19/Dyad Videos/AVI Converted/10.avi",2161.245,59.94,Dominant,Biting,Aggressive,,POINT
308,308,1276.308,"C:/Users/Biolab/Desktop/Dyad Score Log Data for Editing 1-6,8-19/Dyad Videos/AVI Converted/10.avi",2161.245,59.94,Dominant,Lead,Reproductive,,POINT
309,309,1282.082,"C:/Users/Biolab/Desktop/Dyad Score Log Data for Editing 1-6,8-19/Dyad Videos/AVI Converted/10.avi",2161.245,59.94,Dominant,Charge,Aggressive,,POINT
310,310,1285.957,"C:/Users/Biolab/Desktop/Dyad Score Log Data for Editing 1-6,8-19/Dyad Videos/AVI Converted/10.avi",2161.245,59.94,Dominant,Pot Entry,Reproductive,,POINT
311,311,1294.482,"C:/Users/Biolab/Desktop/Dyad Score Log Data for Editing 1-6,8-19/Dyad Videos/AVI Converted/10.avi",2161.245,59.94,Dominant,Pot Exit,Reproductive,,POINT
312,312,1295.234,"C:/Users/Biolab/Desktop/Dyad Score Log Data for Editing 1-6,8-19/Dyad Videos/AVI Converted/10.avi",2161.245,59.94,Dominant,Chase,Aggressive,,POINT
313,313,1296.758,"C:/Users/Biolab/Desktop/Dyad Score Log Data for Editing 1-6,8-19/Dyad Videos/AVI Converted/10.avi",2161.245,59.94,Dominant,Biting,Aggressive,,POINT
314,314,1297.358,"C:/Users/Biolab/Desktop/Dyad Score Log Data for Editing 1-6,8-19/Dyad Videos/AVI Converted/10.avi",2161.245,59.94,Dominant,Chase,Aggressive,,POINT
315,315,1298.133,"C:/Users/Biolab/Desktop/Dyad Score Log Data for Editing 1-6,8-19/Dyad Videos/AVI Converted/10.avi",2161.245,59.94,Dominant,Lead,Reproductive,,POINT
316,316,1299.633,"C:/Users/Biolab/Desktop/Dyad Score Log Data for Editing 1-6,8-19/Dyad Videos/AVI Converted/10.avi",2161.245,59.94,Dominant,Biting,Aggressive,,POINT
317,317,1304.258,"C:/Users/Biolab/Desktop/Dyad Score Log Data for Editing 1-6,8-19/Dyad Videos/AVI Converted/10.avi",2161.245,59.94,Dominant,Dig Substrate,Reproductive,,POINT
318,318,1305.833,"C:/Users/Biolab/Desktop/Dyad Score Log Data for Editing 1-6,8-19/Dyad Videos/AVI Converted/10.avi",2161.245,59.94,Dominant,Charge,Aggressive,,POINT
319,319,1305.833,"C:/Users/Biolab/Desktop/Dyad Score Log Data for Editing 1-6,8-19/Dyad Videos/AVI Converted/10.avi",2161.245,59.94,Dominant,Biting,Aggressive,,POINT
320,320,1307.208,"C:/Users/Biolab/Desktop/Dyad Score Log Data for Editing 1-6,8-19/Dyad Videos/AVI Converted/10.avi",2161.245,59.94,Dominant,Charge,Aggressive,,POINT
321,321,1309.057,"C:/Users/Biolab/Desktop/Dyad Score Log Data for Editing 1-6,8-19/Dyad Videos/AVI Converted/10.avi",2161.245,59.94,Dominant,Charge,Aggressive,,POINT
322,322,1309.057,"C:/Users/Biolab/Desktop/Dyad Score Log Data for Editing 1-6,8-19/Dyad Videos/AVI Converted/10.avi",2161.245,59.94,Dominant,Chase,Aggressive,,POINT
323,323,1311.108,"C:/Users/Biolab/Desktop/Dyad Score Log Data for Editing 1-6,8-19/Dyad Videos/AVI Converted/10.avi",2161.245,59.94,Dominant,Lead,Reproductive,,POINT
324,324,1313.683,"C:/Users/Biolab/Desktop/Dyad Score Log Data for Editing 1-6,8-19/Dyad Videos/AVI Converted/10.avi",2161.245,59.94,Dominant,Charge,Aggressive,,POINT
325,325,1320.658,"C:/Users/Biolab/Desktop/Dyad Score Log Data for Editing 1-6,8-19/Dyad Videos/AVI Converted/10.avi",2161.245,59.94,Dominant,Dig Substrate,Reproductive,,POINT
326,326,1321.483,"C:/Users/Biolab/Desktop/Dyad Score Log Data for Editing 1-6,8-19/Dyad Videos/AVI Converted/10.avi",2161.245,59.94,Dominant,Foraging,Reproductive,,POINT
327,327,1324.582,"C:/Users/Biolab/Desktop/Dyad Score Log Data for Editing 1-6,8-19/Dyad Videos/AVI Converted/10.avi",2161.245,59.94,Dominant,Foraging,Reproductive,,POINT
328,328,1324.833,"C:/Users/Biolab/Desktop/Dyad Score Log Data for Editing 1-6,8-19/Dyad Videos/AVI Converted/10.avi",2161.245,59.94,Dominant,Dig Substrate,Reproductive,,POINT
329,329,1325.833,"C:/Users/Biolab/Desktop/Dyad Score Log Data for Editing 1-6,8-19/Dyad Videos/AVI Converted/10.avi",2161.245,59.94,Dominant,Dig Substrate,Reproductive,,POINT
330,330,1326.933,"C:/Users/Biolab/Desktop/Dyad Score Log Data for Editing 1-6,8-19/Dyad Videos/AVI Converted/10.avi",2161.245,59.94,Dominant,Dig Substrate,Reproductive,,POINT
331,331,1327.933,"C:/Users/Biolab/Desktop/Dyad Score Log Data for Editing 1-6,8-19/Dyad Videos/AVI Converted/10.avi",2161.245,59.94,Dominant,Dig Substrate,Reproductive,,POINT
332,332,1328.433,"C:/Users/Biolab/Desktop/Dyad Score Log Data for Editing 1-6,8-19/Dyad Videos/AVI Converted/10.avi",2161.245,59.94,Dominant,Dig Substrate,Reproductive,,POINT
333,333,1329.208,"C:/Users/Biolab/Desktop/Dyad Score Log Data for Editing 1-6,8-19/Dyad Videos/AVI Converted/10.avi",2161.245,59.94,Dominant,Dig Substrate,Reproductive,,POINT
334,334,1331.557,"C:/Users/Biolab/Desktop/Dyad Score Log Data for Editing 1-6,8-19/Dyad Videos/AVI Converted/10.avi",2161.245,59.94,Dominant,Dig Substrate,Reproductive,,POINT
335,335,1332.308,"C:/Users/Biolab/Desktop/Dyad Score Log Data for Editing 1-6,8-19/Dyad Videos/AVI Converted/10.avi",2161.245,59.94,Dominant,Dig Substrate,Reproductive,,POINT
336,336,1335.207,"C:/Users/Biolab/Desktop/Dyad Score Log Data for Editing 1-6,8-19/Dyad Videos/AVI Converted/10.avi",2161.245,59.94,Dominant,Foraging,Reproductive,,POINT
337,337,1340.307,"C:/Users/Biolab/Desktop/Dyad Score Log Data for Editing 1-6,8-19/Dyad Videos/AVI Converted/10.avi",2161.245,59.94,Dominant,Biting,Aggressive,,POINT
338,338,1340.307,"C:/Users/Biolab/Desktop/Dyad Score Log Data for Editing 1-6,8-19/Dyad Videos/AVI Converted/10.avi",2161.245,59.94,Dominant,Lead,Reproductive,,POINT
339,339,1341.232,"C:/Users/Biolab/Desktop/Dyad Score Log Data for Editing 1-6,8-19/Dyad Videos/AVI Converted/10.avi",2161.245,59.94,Dominant,Chase,Aggressive,,POINT
340,340,1341.433,"C:/Users/Biolab/Desktop/Dyad Score Log Data for Editing 1-6,8-19/Dyad Videos/AVI Converted/10.avi",2161.245,59.94,Dominant,Biting,Aggressive,,POINT
341,341,1345.308,"C:/Users/Biolab/Desktop/Dyad Score Log Data for Editing 1-6,8-19/Dyad Videos/AVI Converted/10.avi",2161.245,59.94,Dominant,Chase,Aggressive,,POINT
342,342,1346.558,"C:/Users/Biolab/Desktop/Dyad Score Log Data for Editing 1-6,8-19/Dyad Videos/AVI Converted/10.avi",2161.245,59.94,Dominant,Biting,Aggressive,,POINT
343,343,1360.783,"C:/Users/Biolab/Desktop/Dyad Score Log Data for Editing 1-6,8-19/Dyad Videos/AVI Converted/10.avi",2161.245,59.94,Dominant,Charge,Aggressive,,POINT
344,344,1360.783,"C:/Users/Biolab/Desktop/Dyad Score Log Data for Editing 1-6,8-19/Dyad Videos/AVI Converted/10.avi",2161.245,59.94,Dominant,Biting,Aggressive,,POINT
345,345,1360.783,"C:/Users/Biolab/Desktop/Dyad Score Log Data for Editing 1-6,8-19/Dyad Videos/AVI Converted/10.avi",2161.245,59.94,Dominant,Scrape,Aggressive,,POINT
346,346,1369.583,"C:/Users/Biolab/Desktop/Dyad Score Log Data for Editing 1-6,8-19/Dyad Videos/AVI Converted/10.avi",2161.245,59.94,Dominant,Charge,Aggressive,,POINT
347,347,1369.583,"C:/Users/Biolab/Desktop/Dyad Score Log Data for Editing 1-6,8-19/Dyad Videos/AVI Converted/10.avi",2161.245,59.94,Dominant,Chase,Aggressive,,POINT
348,348,1376.133,"C:/Users/Biolab/Desktop/Dyad Score Log Data for Editing 1-6,8-19/Dyad Videos/AVI Converted/10.avi",2161.245,59.94,Dominant,Charge,Aggressive,,POINT
349,349,1376.808,"C:/Users/Biolab/Desktop/Dyad Score Log Data for Editing 1-6,8-19/Dyad Videos/AVI Converted/10.avi",2161.245,59.94,Dominant,Lead,Reproductive,,POINT
350,350,1379.107,"C:/Users/Biolab/Desktop/Dyad Score Log Data for Editing 1-6,8-19/Dyad Videos/AVI Converted/10.avi",2161.245,59.94,Dominant,Foraging,Reproductive,,POINT
351,351,1379.608,"C:/Users/Biolab/Desktop/Dyad Score Log Data for Editing 1-6,8-19/Dyad Videos/AVI Converted/10.avi",2161.245,59.94,Dominant,Foraging,Reproductive,,POINT
352,352,1381.707,"C:/Users/Biolab/Desktop/Dyad Score Log Data for Editing 1-6,8-19/Dyad Videos/AVI Converted/10.avi",2161.245,59.94,Dominant,Dig Substrate,Reproductive,,POINT
353,353,1390.207,"C:/Users/Biolab/Desktop/Dyad Score Log Data for Editing 1-6,8-19/Dyad Videos/AVI Converted/10.avi",2161.245,59.94,Dominant,Dig Substrate,Reproductive,,POINT
354,354,1391.733,"C:/Users/Biolab/Desktop/Dyad Score Log Data for Editing 1-6,8-19/Dyad Videos/AVI Converted/10.avi",2161.245,59.94,Dominant,Dig Substrate,Reproductive,,POINT
355,355,1395.807,"C:/Users/Biolab/Desktop/Dyad Score Log Data for Editing 1-6,8-19/Dyad Videos/AVI Converted/10.avi",2161.245,59.94,Dominant,Dig Substrate,Reproductive,,POINT
356,356,1397.633,"C:/Users/Biolab/Desktop/Dyad Score Log Data for Editing 1-6,8-19/Dyad Videos/AVI Converted/10.avi",2161.245,59.94,Dominant,Dig Substrate,Reproductive,,POINT
357,357,1398.133,"C:/Users/Biolab/Desktop/Dyad Score Log Data for Editing 1-6,8-19/Dyad Videos/AVI Converted/10.avi",2161.245,59.94,Dominant,Dig Substrate,Reproductive,,POINT
358,358,1400.683,"C:/Users/Biolab/Desktop/Dyad Score Log Data for Editing 1-6,8-19/Dyad Videos/AVI Converted/10.avi",2161.245,59.94,Dominant,Dig Substrate,Reproductive,,POINT
359,359,1402.733,"C:/Users/Biolab/Desktop/Dyad Score Log Data for Editing 1-6,8-19/Dyad Videos/AVI Converted/10.avi",2161.245,59.94,Dominant,Dig Substrate,Reproductive,,POINT
360,360,1405.833,"C:/Users/Biolab/Desktop/Dyad Score Log Data for Editing 1-6,8-19/Dyad Videos/AVI Converted/10.avi",2161.245,59.94,Dominant,Dig Substrate,Reproductive,,POINT
361,361,1408.907,"C:/Users/Biolab/Desktop/Dyad Score Log Data for Editing 1-6,8-19/Dyad Videos/AVI Converted/10.avi",2161.245,59.94,Dominant,Chase,Aggressive,,POINT
362,362,1413.208,"C:/Users/Biolab/Desktop/Dyad Score Log Data for Editing 1-6,8-19/Dyad Videos/AVI Converted/10.avi",2161.245,59.94,Dominant,Foraging,Reproductive,,POINT
363,363,1421.733,"C:/Users/Biolab/Desktop/Dyad Score Log Data for Editing 1-6,8-19/Dyad Videos/AVI Converted/10.avi",2161.245,59.94,Dominant,Dig Substrate,Reproductive,,POINT
364,364,1424.607,"C:/Users/Biolab/Desktop/Dyad Score Log Data for Editing 1-6,8-19/Dyad Videos/AVI Converted/10.avi",2161.245,59.94,Dominant,Dig Substrate,Reproductive,,POINT
365,365,1427.183,"C:/Users/Biolab/Desktop/Dyad Score Log Data for Editing 1-6,8-19/Dyad Videos/AVI Converted/10.avi",2161.245,59.94,Dominant,Dig Substrate,Reproductive,,POINT
366,366,1428.733,"C:/Users/Biolab/Desktop/Dyad Score Log Data for Editing 1-6,8-19/Dyad Videos/AVI Converted/10.avi",2161.245,59.94,Dominant,Dig Substrate,Reproductive,,POINT
367,367,1431.058,"C:/Users/Biolab/Desktop/Dyad Score Log Data for Editing 1-6,8-19/Dyad Videos/AVI Converted/10.avi",2161.245,59.94,Dominant,Dig Substrate,Reproductive,,POINT
368,368,1434.433,"C:/Users/Biolab/Desktop/Dyad Score Log Data for Editing 1-6,8-19/Dyad Videos/AVI Converted/10.avi",2161.245,59.94,Dominant,Dig Substrate,Reproductive,,POINT
369,369,1436.258,"C:/Users/Biolab/Desktop/Dyad Score Log Data for Editing 1-6,8-19/Dyad Videos/AVI Converted/10.avi",2161.245,59.94,Dominant,Dig Substrate,Reproductive,,POINT
370,370,1437.882,"C:/Users/Biolab/Desktop/Dyad Score Log Data for Editing 1-6,8-19/Dyad Videos/AVI Converted/10.avi",2161.245,59.94,Dominant,Dig Substrate,Reproductive,,POINT
371,371,1439.208,"C:/Users/Biolab/Desktop/Dyad Score Log Data for Editing 1-6,8-19/Dyad Videos/AVI Converted/10.avi",2161.245,59.94,Dominant,Dig Substrate,Reproductive,,POINT
372,372,1442.057,"C:/Users/Biolab/Desktop/Dyad Score Log Data for Editing 1-6,8-19/Dyad Videos/AVI Converted/10.avi",2161.245,59.94,Dominant,Dig Substrate,Reproductive,,POINT
373,373,1443.108,"C:/Users/Biolab/Desktop/Dyad Score Log Data for Editing 1-6,8-19/Dyad Videos/AVI Converted/10.avi",2161.245,59.94,Dominant,Dig Substrate,Reproductive,,POINT
374,374,1445.232,"C:/Users/Biolab/Desktop/Dyad Score Log Data for Editing 1-6,8-19/Dyad Videos/AVI Converted/10.avi",2161.245,59.94,Dominant,Dig Substrate,Reproductive,,POINT
375,375,1447.283,"C:/Users/Biolab/Desktop/Dyad Score Log Data for Editing 1-6,8-19/Dyad Videos/AVI Converted/10.avi",2161.245,59.94,Dominant,Dig Substrate,Reproductive,,POINT
376,376,1449.133,"C:/Users/Biolab/Desktop/Dyad Score Log Data for Editing 1-6,8-19/Dyad Videos/AVI Converted/10.avi",2161.245,59.94,Dominant,Dig Substrate,Reproductive,,POINT
377,377,1453.257,"C:/Users/Biolab/Desktop/Dyad Score Log Data for Editing 1-6,8-19/Dyad Videos/AVI Converted/10.avi",2161.245,59.94,Dominant,Lead,Reproductive,,POINT
378,378,1455.607,"C:/Users/Biolab/Desktop/Dyad Score Log Data for Editing 1-6,8-19/Dyad Videos/AVI Converted/10.avi",2161.245,59.94,Dominant,Chase,Aggressive,,POINT
379,379,1457.257,"C:/Users/Biolab/Desktop/Dyad Score Log Data for Editing 1-6,8-19/Dyad Videos/AVI Converted/10.avi",2161.245,59.94,Dominant,Chase,Aggressive,,POINT
380,380,1458.283,"C:/Users/Biolab/Desktop/Dyad Score Log Data for Editing 1-6,8-19/Dyad Videos/AVI Converted/10.avi",2161.245,59.94,Dominant,Chase,Aggressive,,POINT
381,381,1464.958,"C:/Users/Biolab/Desktop/Dyad Score Log Data for Editing 1-6,8-19/Dyad Videos/AVI Converted/10.avi",2161.245,59.94,Dominant,Dig Substrate,Reproductive,,POINT
382,382,1467.583,"C:/Users/Biolab/Desktop/Dyad Score Log Data for Editing 1-6,8-19/Dyad Videos/AVI Converted/10.avi",2161.245,59.94,Dominant,Lead,Reproductive,,POINT
383,383,1468.333,"C:/Users/Biolab/Desktop/Dyad Score Log Data for Editing 1-6,8-19/Dyad Videos/AVI Converted/10.avi",2161.245,59.94,Dominant,Scrape,Aggressive,,POINT
384,384,1490.658,"C:/Users/Biolab/Desktop/Dyad Score Log Data for Editing 1-6,8-19/Dyad Videos/AVI Converted/10.avi",2161.245,59.94,Dominant,Foraging,Reproductive,,POINT
385,385,1503.057,"C:/Users/Biolab/Desktop/Dyad Score Log Data for Editing 1-6,8-19/Dyad Videos/AVI Converted/10.avi",2161.245,59.94,Dominant,Charge,Aggressive,,POINT
386,386,1503.057,"C:/Users/Biolab/Desktop/Dyad Score Log Data for Editing 1-6,8-19/Dyad Videos/AVI Converted/10.avi",2161.245,59.94,Dominant,Biting,Aggressive,,POINT
387,387,1505.957,"C:/Users/Biolab/Desktop/Dyad Score Log Data for Editing 1-6,8-19/Dyad Videos/AVI Converted/10.avi",2161.245,59.94,Dominant,Lead,Reproductive,,POINT
388,388,1513.308,"C:/Users/Biolab/Desktop/Dyad Score Log Data for Editing 1-6,8-19/Dyad Videos/AVI Converted/10.avi",2161.245,59.94,Dominant,Biting,Aggressive,,POINT
389,389,1519.357,"C:/Users/Biolab/Desktop/Dyad Score Log Data for Editing 1-6,8-19/Dyad Videos/AVI Converted/10.avi",2161.245,59.94,Dominant,Dig Substrate,Reproductive,,POINT
390,390,1520.133,"C:/Users/Biolab/Desktop/Dyad Score Log Data for Editing 1-6,8-19/Dyad Videos/AVI Converted/10.avi",2161.245,59.94,Dominant,Dig Substrate,Reproductive,,POINT
391,391,1521.458,"C:/Users/Biolab/Desktop/Dyad Score Log Data for Editing 1-6,8-19/Dyad Videos/AVI Converted/10.avi",2161.245,59.94,Dominant,Dig Substrate,Reproductive,,POINT
392,392,1525.582,"C:/Users/Biolab/Desktop/Dyad Score Log Data for Editing 1-6,8-19/Dyad Videos/AVI Converted/10.avi",2161.245,59.94,Dominant,Dig Substrate,Reproductive,,POINT
393,393,1529.133,"C:/Users/Biolab/Desktop/Dyad Score Log Data for Editing 1-6,8-19/Dyad Videos/AVI Converted/10.avi",2161.245,59.94,Dominant,Dig Substrate,Reproductive,,POINT
394,394,1530.683,"C:/Users/Biolab/Desktop/Dyad Score Log Data for Editing 1-6,8-19/Dyad Videos/AVI Converted/10.avi",2161.245,59.94,Dominant,Dig Substrate,Reproductive,,POINT
395,395,1534.858,"C:/Users/Biolab/Desktop/Dyad Score Log Data for Editing 1-6,8-19/Dyad Videos/AVI Converted/10.avi",2161.245,59.94,Dominant,Dig Substrate,Reproductive,,POINT
396,396,1536.683,"C:/Users/Biolab/Desktop/Dyad Score Log Data for Editing 1-6,8-19/Dyad Videos/AVI Converted/10.avi",2161.245,59.94,Dominant,Dig Substrate,Reproductive,,POINT
397,397,1537.457,"C:/Users/Biolab/Desktop/Dyad Score Log Data for Editing 1-6,8-19/Dyad Videos/AVI Converted/10.avi",2161.245,59.94,Dominant,Dig Substrate,Reproductive,,POINT
398,398,1537.983,"C:/Users/Biolab/Desktop/Dyad Score Log Data for Editing 1-6,8-19/Dyad Videos/AVI Converted/10.avi",2161.245,59.94,Dominant,Dig Substrate,Reproductive,,POINT
399,399,1539.008,"C:/Users/Biolab/Desktop/Dyad Score Log Data for Editing 1-6,8-19/Dyad Videos/AVI Converted/10.avi",2161.245,59.94,Dominant,Dig Substrate,Reproductive,,POINT
400,400,1539.783,"C:/Users/Biolab/Desktop/Dyad Score Log Data for Editing 1-6,8-19/Dyad Videos/AVI Converted/10.avi",2161.245,59.94,Dominant,Dig Substrate,Reproductive,,POINT
401,401,1540.557,"C:/Users/Biolab/Desktop/Dyad Score Log Data for Editing 1-6,8-19/Dyad Videos/AVI Converted/10.avi",2161.245,59.94,Dominant,Dig Substrate,Reproductive,,POINT
402,402,1541.308,"C:/Users/Biolab/Desktop/Dyad Score Log Data for Editing 1-6,8-19/Dyad Videos/AVI Converted/10.avi",2161.245,59.94,Dominant,Dig Substrate,Reproductive,,POINT
403,403,1541.833,"C:/Users/Biolab/Desktop/Dyad Score Log Data for Editing 1-6,8-19/Dyad Videos/AVI Converted/10.avi",2161.245,59.94,Dominant,Dig Substrate,Reproductive,,POINT
404,404,1542.333,"C:/Users/Biolab/Desktop/Dyad Score Log Data for Editing 1-6,8-19/Dyad Videos/AVI Converted/10.avi",2161.245,59.94,Dominant,Dig Substrate,Reproductive,,POINT
405,405,1543.083,"C:/Users/Biolab/Desktop/Dyad Score Log Data for Editing 1-6,8-19/Dyad Videos/AVI Converted/10.avi",2161.245,59.94,Dominant,Dig Substrate,Reproductive,,POINT
406,406,1545.133,"C:/Users/Biolab/Desktop/Dyad Score Log Data for Editing 1-6,8-19/Dyad Videos/AVI Converted/10.avi",2161.245,59.94,Dominant,Dig Substrate,Reproductive,,POINT
407,407,1549.283,"C:/Users/Biolab/Desktop/Dyad Score Log Data for Editing 1-6,8-19/Dyad Videos/AVI Converted/10.avi",2161.245,59.94,Dominant,Charge,Aggressive,,POINT
408,408,1570.608,"C:/Users/Biolab/Desktop/Dyad Score Log Data for Editing 1-6,8-19/Dyad Videos/AVI Converted/10.avi",2161.245,59.94,Dominant,Chase,Aggressive,,POINT
409,409,1577.783,"C:/Users/Biolab/Desktop/Dyad Score Log Data for Editing 1-6,8-19/Dyad Videos/AVI Converted/10.avi",2161.245,59.94,Dominant,Foraging,Reproductive,,POINT
410,410,1582.433,"C:/Users/Biolab/Desktop/Dyad Score Log Data for Editing 1-6,8-19/Dyad Videos/AVI Converted/10.avi",2161.245,59.94,Dominant,Lead,Reproductive,,POINT
411,411,1584.383,"C:/Users/Biolab/Desktop/Dyad Score Log Data for Editing 1-6,8-19/Dyad Videos/AVI Converted/10.avi",2161.245,59.94,Dominant,Pot Entry,Reproductive,,POINT
412,412,1589.808,"C:/Users/Biolab/Desktop/Dyad Score Log Data for Editing 1-6,8-19/Dyad Videos/AVI Converted/10.avi",2161.245,59.94,Dominant,Pot Dig,Reproductive,,POINT
413,413,1590.833,"C:/Users/Biolab/Desktop/Dyad Score Log Data for Editing 1-6,8-19/Dyad Videos/AVI Converted/10.avi",2161.245,59.94,Dominant,Pot Exit,Reproductive,,POINT
414,414,1592.133,"C:/Users/Biolab/Desktop/Dyad Score Log Data for Editing 1-6,8-19/Dyad Videos/AVI Converted/10.avi",2161.245,59.94,Dominant,Lead,Reproductive,,POINT
415,415,1593.633,"C:/Users/Biolab/Desktop/Dyad Score Log Data for Editing 1-6,8-19/Dyad Videos/AVI Converted/10.avi",2161.245,59.94,Dominant,Lead,Reproductive,,POINT
416,416,1593.883,"C:/Users/Biolab/Desktop/Dyad Score Log Data for Editing 1-6,8-19/Dyad Videos/AVI Converted/10.avi",2161.245,59.94,Dominant,Biting,Aggressive,,POINT
417,417,1595.158,"C:/Users/Biolab/Desktop/Dyad Score Log Data for Editing 1-6,8-19/Dyad Videos/AVI Converted/10.avi",2161.245,59.94,Dominant,Biting,Aggressive,,POINT
418,418,1595.682,"C:/Users/Biolab/Desktop/Dyad Score Log Data for Editing 1-6,8-19/Dyad Videos/AVI Converted/10.avi",2161.245,59.94,Dominant,Charge,Aggressive,,POINT
419,419,1595.983,"C:/Users/Biolab/Desktop/Dyad Score Log Data for Editing 1-6,8-19/Dyad Videos/AVI Converted/10.avi",2161.245,59.94,Dominant,Lead,Reproductive,,POINT
420,420,1596.533,"C:/Users/Biolab/Desktop/Dyad Score Log Data for Editing 1-6,8-19/Dyad Videos/AVI Converted/10.avi",2161.245,59.94,Dominant,Lead,Reproductive,,POINT
421,421,1604.283,"C:/Users/Biolab/Desktop/Dyad Score Log Data for Editing 1-6,8-19/Dyad Videos/AVI Converted/10.avi",2161.245,59.94,Dominant,Lead,Reproductive,,POINT
422,422,1605.783,"C:/Users/Biolab/Desktop/Dyad Score Log Data for Editing 1-6,8-19/Dyad Videos/AVI Converted/10.avi",2161.245,59.94,Dominant,Charge,Aggressive,,POINT
423,423,1605.783,"C:/Users/Biolab/Desktop/Dyad Score Log Data for Editing 1-6,8-19/Dyad Videos/AVI Converted/10.avi",2161.245,59.94,Dominant,Frontal Side Display,Aggressive,,POINT
424,424,1607.158,"C:/Users/Biolab/Desktop/Dyad Score Log Data for Editing 1-6,8-19/Dyad Videos/AVI Converted/10.avi",2161.245,59.94,Dominant,Biting,Aggressive,,POINT
425,425,1622.382,"C:/Users/Biolab/Desktop/Dyad Score Log Data for Editing 1-6,8-19/Dyad Videos/AVI Converted/10.avi",2161.245,59.94,Dominant,Dig Substrate,Reproductive,,POINT
426,426,1622.633,"C:/Users/Biolab/Desktop/Dyad Score Log Data for Editing 1-6,8-19/Dyad Videos/AVI Converted/10.avi",2161.245,59.94,Dominant,Dig Substrate,Reproductive,,POINT
427,427,1623.408,"C:/Users/Biolab/Desktop/Dyad Score Log Data for Editing 1-6,8-19/Dyad Videos/AVI Converted/10.avi",2161.245,59.94,Dominant,Dig Substrate,Reproductive,,POINT
428,428,1625.957,"C:/Users/Biolab/Desktop/Dyad Score Log Data for Editing 1-6,8-19/Dyad Videos/AVI Converted/10.avi",2161.245,59.94,Dominant,Dig Substrate,Reproductive,,POINT
429,429,1626.957,"C:/Users/Biolab/Desktop/Dyad Score Log Data for Editing 1-6,8-19/Dyad Videos/AVI Converted/10.avi",2161.245,59.94,Dominant,Dig Substrate,Reproductive,,POINT
430,430,1628.282,"C:/Users/Biolab/Desktop/Dyad Score Log Data for Editing 1-6,8-19/Dyad Videos/AVI Converted/10.avi",2161.245,59.94,Dominant,Dig Substrate,Reproductive,,POINT
431,431,1633.983,"C:/Users/Biolab/Desktop/Dyad Score Log Data for Editing 1-6,8-19/Dyad Videos/AVI Converted/10.avi",2161.245,59.94,Dominant,Dig Substrate,Reproductive,,POINT
432,432,1639.233,"C:/Users/Biolab/Desktop/Dyad Score Log Data for Editing 1-6,8-19/Dyad Videos/AVI Converted/10.avi",2161.245,59.94,Dominant,Dig Substrate,Reproductive,,POINT
433,433,1639.483,"C:/Users/Biolab/Desktop/Dyad Score Log Data for Editing 1-6,8-19/Dyad Videos/AVI Converted/10.avi",2161.245,59.94,Dominant,Dig Substrate,Reproductive,,POINT
434,434,1641.033,"C:/Users/Biolab/Desktop/Dyad Score Log Data for Editing 1-6,8-19/Dyad Videos/AVI Converted/10.avi",2161.245,59.94,Dominant,Dig Substrate,Reproductive,,POINT
435,435,1642.833,"C:/Users/Biolab/Desktop/Dyad Score Log Data for Editing 1-6,8-19/Dyad Videos/AVI Converted/10.avi",2161.245,59.94,Dominant,Dig Substrate,Reproductive,,POINT
436,436,1643.932,"C:/Users/Biolab/Desktop/Dyad Score Log Data for Editing 1-6,8-19/Dyad Videos/AVI Converted/10.avi",2161.245,59.94,Dominant,Charge,Aggressive,,POINT
437,437,1643.932,"C:/Users/Biolab/Desktop/Dyad Score Log Data for Editing 1-6,8-19/Dyad Videos/AVI Converted/10.avi",2161.245,59.94,Dominant,Chase,Aggressive,,POINT
438,438,1644.957,"C:/Users/Biolab/Desktop/Dyad Score Log Data for Editing 1-6,8-19/Dyad Videos/AVI Converted/10.avi",2161.245,59.94,Dominant,Scrape,Aggressive,,POINT
439,439,1646.607,"C:/Users/Biolab/Desktop/Dyad Score Log Data for Editing 1-6,8-19/Dyad Videos/AVI Converted/10.avi",2161.245,59.94,Dominant,Charge,Aggressive,,POINT
440,440,1653.458,"C:/Users/Biolab/Desktop/Dyad Score Log Data for Editing 1-6,8-19/Dyad Videos/AVI Converted/10.avi",2161.245,59.94,Dominant,Charge,Aggressive,,POINT
441,441,1653.458,"C:/Users/Biolab/Desktop/Dyad Score Log Data for Editing 1-6,8-19/Dyad Videos/AVI Converted/10.avi",2161.245,59.94,Dominant,Chase,Aggressive,,POINT
442,442,1662.532,"C:/Users/Biolab/Desktop/Dyad Score Log Data for Editing 1-6,8-19/Dyad Videos/AVI Converted/10.avi",2161.245,59.94,Dominant,Dig Substrate,Reproductive,,POINT
443,443,1675.907,"C:/Users/Biolab/Desktop/Dyad Score Log Data for Editing 1-6,8-19/Dyad Videos/AVI Converted/10.avi",2161.245,59.94,Dominant,Charge,Aggressive,,POINT
444,444,1680.184,"C:/Users/Biolab/Desktop/Dyad Score Log Data for Editing 1-6,8-19/Dyad Videos/AVI Converted/10.avi",2161.245,59.94,Dominant,Charge,Aggressive,,POINT
445,445,1680.184,"C:/Users/Biolab/Desktop/Dyad Score Log Data for Editing 1-6,8-19/Dyad Videos/AVI Converted/10.avi",2161.245,59.94,Dominant,Biting,Aggressive,,POINT
446,446,1702.933,"C:/Users/Biolab/Desktop/Dyad Score Log Data for Editing 1-6,8-19/Dyad Videos/AVI Converted/10.avi",2161.245,59.94,Dominant,Biting,Aggressive,,POINT
447,447,1710.308,"C:/Users/Biolab/Desktop/Dyad Score Log Data for Editing 1-6,8-19/Dyad Videos/AVI Converted/10.avi",2161.245,59.94,Dominant,Lead,Reproductive,,POINT
448,448,1717.233,"C:/Users/Biolab/Desktop/Dyad Score Log Data for Editing 1-6,8-19/Dyad Videos/AVI Converted/10.avi",2161.245,59.94,Dominant,Dig Substrate,Reproductive,,POINT
449,449,1718.258,"C:/Users/Biolab/Desktop/Dyad Score Log Data for Editing 1-6,8-19/Dyad Videos/AVI Converted/10.avi",2161.245,59.94,Dominant,Foraging,Reproductive,,POINT
450,450,1724.484,"C:/Users/Biolab/Desktop/Dyad Score Log Data for Editing 1-6,8-19/Dyad Videos/AVI Converted/10.avi",2161.245,59.94,Dominant,Charge,Aggressive,,POINT
451,451,1724.484,"C:/Users/Biolab/Desktop/Dyad Score Log Data for Editing 1-6,8-19/Dyad Videos/AVI Converted/10.avi",2161.245,59.94,Dominant,Scrape,Aggressive,,POINT
452,452,1725.107,"C:/Users/Biolab/Desktop/Dyad Score Log Data for Editing 1-6,8-19/Dyad Videos/AVI Converted/10.avi",2161.245,59.94,Dominant,Chase,Aggressive,,POINT
453,453,1737.158,"C:/Users/Biolab/Desktop/Dyad Score Log Data for Editing 1-6,8-19/Dyad Videos/AVI Converted/10.avi",2161.245,59.94,Dominant,Dig Substrate,Reproductive,,POINT
454,454,1741.933,"C:/Users/Biolab/Desktop/Dyad Score Log Data for Editing 1-6,8-19/Dyad Videos/AVI Converted/10.avi",2161.245,59.94,Dominant,Dig Substrate,Reproductive,,POINT
455,455,1742.983,"C:/Users/Biolab/Desktop/Dyad Score Log Data for Editing 1-6,8-19/Dyad Videos/AVI Converted/10.avi",2161.245,59.94,Dominant,Dig Substrate,Reproductive,,POINT
456,456,1744.008,"C:/Users/Biolab/Desktop/Dyad Score Log Data for Editing 1-6,8-19/Dyad Videos/AVI Converted/10.avi",2161.245,59.94,Dominant,Dig Substrate,Reproductive,,POINT
457,457,1748.532,"C:/Users/Biolab/Desktop/Dyad Score Log Data for Editing 1-6,8-19/Dyad Videos/AVI Converted/10.avi",2161.245,59.94,Dominant,Chase,Aggressive,,POINT
458,458,1754.083,"C:/Users/Biolab/Desktop/Dyad Score Log Data for Editing 1-6,8-19/Dyad Videos/AVI Converted/10.avi",2161.245,59.94,Dominant,Chase,Aggressive,,POINT
459,459,1759.733,"C:/Users/Biolab/Desktop/Dyad Score Log Data for Editing 1-6,8-19/Dyad Videos/AVI Converted/10.avi",2161.245,59.94,Dominant,Charge,Aggressive,,POINT
460,460,1759.733,"C:/Users/Biolab/Desktop/Dyad Score Log Data for Editing 1-6,8-19/Dyad Videos/AVI Converted/10.avi",2161.245,59.94,Dominant,Biting,Aggressive,,POINT
461,461,1773.883,"C:/Users/Biolab/Desktop/Dyad Score Log Data for Editing 1-6,8-19/Dyad Videos/AVI Converted/10.avi",2161.245,59.94,Dominant,Dig Substrate,Reproductive,,POINT
462,462,1774.082,"C:/Users/Biolab/Desktop/Dyad Score Log Data for Editing 1-6,8-19/Dyad Videos/AVI Converted/10.avi",2161.245,59.94,Dominant,Dig Substrate,Reproductive,,POINT
463,463,1774.583,"C:/Users/Biolab/Desktop/Dyad Score Log Data for Editing 1-6,8-19/Dyad Videos/AVI Converted/10.avi",2161.245,59.94,Dominant,Dig Substrate,Reproductive,,POINT
464,464,1775.607,"C:/Users/Biolab/Desktop/Dyad Score Log Data for Editing 1-6,8-19/Dyad Videos/AVI Converted/10.avi",2161.245,59.94,Dominant,Dig Substrate,Reproductive,,POINT
465,465,1776.932,"C:/Users/Biolab/Desktop/Dyad Score Log Data for Editing 1-6,8-19/Dyad Videos/AVI Converted/10.avi",2161.245,59.94,Dominant,Dig Substrate,Reproductive,,POINT
466,466,1778.258,"C:/Users/Biolab/Desktop/Dyad Score Log Data for Editing 1-6,8-19/Dyad Videos/AVI Converted/10.avi",2161.245,59.94,Dominant,Dig Substrate,Reproductive,,POINT
467,467,1780.333,"C:/Users/Biolab/Desktop/Dyad Score Log Data for Editing 1-6,8-19/Dyad Videos/AVI Converted/10.avi",2161.245,59.94,Dominant,Dig Substrate,Reproductive,,POINT
468,468,1782.133,"C:/Users/Biolab/Desktop/Dyad Score Log Data for Editing 1-6,8-19/Dyad Videos/AVI Converted/10.avi",2161.245,59.94,Dominant,Dig Substrate,Reproductive,,POINT
469,469,1784.208,"C:/Users/Biolab/Desktop/Dyad Score Log Data for Editing 1-6,8-19/Dyad Videos/AVI Converted/10.avi",2161.245,59.94,Dominant,Dig Substrate,Reproductive,,POINT
470,470,1786.283,"C:/Users/Biolab/Desktop/Dyad Score Log Data for Editing 1-6,8-19/Dyad Videos/AVI Converted/10.avi",2161.245,59.94,Dominant,Dig Substrate,Reproductive,,POINT
471,471,1787.307,"C:/Users/Biolab/Desktop/Dyad Score Log Data for Editing 1-6,8-19/Dyad Videos/AVI Converted/10.avi",2161.245,59.94,Dominant,Dig Substrate,Reproductive,,POINT
472,472,1790.933,"C:/Users/Biolab/Desktop/Dyad Score Log Data for Editing 1-6,8-19/Dyad Videos/AVI Converted/10.avi",2161.245,59.94,Dominant,Dig Substrate,Reproductive,,POINT
473,473,1792.733,"C:/Users/Biolab/Desktop/Dyad Score Log Data for Editing 1-6,8-19/Dyad Videos/AVI Converted/10.avi",2161.245,59.94,Dominant,Dig Substrate,Reproductive,,POINT
474,474,1797.158,"C:/Users/Biolab/Desktop/Dyad Score Log Data for Editing 1-6,8-19/Dyad Videos/AVI Converted/10.avi",2161.245,59.94,Dominant,Dig Substrate,Reproductive,,POINT
475,475,1800.558,"C:/Users/Biolab/Desktop/Dyad Score Log Data for Editing 1-6,8-19/Dyad Videos/AVI Converted/10.avi",2161.245,59.94,Dominant,Foraging,Reproductive,,POINT
476,476,1803.908,"C:/Users/Biolab/Desktop/Dyad Score Log Data for Editing 1-6,8-19/Dyad Videos/AVI Converted/10.avi",2161.245,59.94,Dominant,Charge,Aggressive,,POINT
477,477,1804.283,"C:/Users/Biolab/Desktop/Dyad Score Log Data for Editing 1-6,8-19/Dyad Videos/AVI Converted/10.avi",2161.245,59.94,Dominant,Chase,Aggressive,,POINT
478,478,1816.958,"C:/Users/Biolab/Desktop/Dyad Score Log Data for Editing 1-6,8-19/Dyad Videos/AVI Converted/10.avi",2161.245,59.94,Dominant,Lead,Reproductive,,POINT
479,479,1819.808,"C:/Users/Biolab/Desktop/Dyad Score Log Data for Editing 1-6,8-19/Dyad Videos/AVI Converted/10.avi",2161.245,59.94,Dominant,Dig Substrate,Reproductive,,POINT
480,480,1821.607,"C:/Users/Biolab/Desktop/Dyad Score Log Data for Editing 1-6,8-19/Dyad Videos/AVI Converted/10.avi",2161.245,59.94,Dominant,Dig Substrate,Reproductive,,POINT
481,481,1824.483,"C:/Users/Biolab/Desktop/Dyad Score Log Data for Editing 1-6,8-19/Dyad Videos/AVI Converted/10.avi",2161.245,59.94,Dominant,Dig Substrate,Reproductive,,POINT
482,482,1828.058,"C:/Users/Biolab/Desktop/Dyad Score Log Data for Editing 1-6,8-19/Dyad Videos/AVI Converted/10.avi",2161.245,59.94,Dominant,Pot Entry,Reproductive,,POINT
483,483,1830.108,"C:/Users/Biolab/Desktop/Dyad Score Log Data for Editing 1-6,8-19/Dyad Videos/AVI Converted/10.avi",2161.245,59.94,Dominant,Pot Dig,Reproductive,,POINT
484,484,1831.133,"C:/Users/Biolab/Desktop/Dyad Score Log Data for Editing 1-6,8-19/Dyad Videos/AVI Converted/10.avi",2161.245,59.94,Dominant,Pot Dig,Reproductive,,POINT
485,485,1838.383,"C:/Users/Biolab/Desktop/Dyad Score Log Data for Editing 1-6,8-19/Dyad Videos/AVI Converted/10.avi",2161.245,59.94,Dominant,Pot Dig,Reproductive,,POINT
486,486,1842.758,"C:/Users/Biolab/Desktop/Dyad Score Log Data for Editing 1-6,8-19/Dyad Videos/AVI Converted/10.avi",2161.245,59.94,Dominant,Pot Exit,Reproductive,,POINT
487,487,1846.182,"C:/Users/Biolab/Desktop/Dyad Score Log Data for Editing 1-6,8-19/Dyad Videos/AVI Converted/10.avi",2161.245,59.94,Dominant,Dig Substrate,Reproductive,,POINT
488,488,1848.008,"C:/Users/Biolab/Desktop/Dyad Score Log Data for Editing 1-6,8-19/Dyad Videos/AVI Converted/10.avi",2161.245,59.94,Dominant,Dig Substrate,Reproductive,,POINT
489,489,1857.683,"C:/Users/Biolab/Desktop/Dyad Score Log Data for Editing 1-6,8-19/Dyad Videos/AVI Converted/10.avi",2161.245,59.94,Dominant,Dig Substrate,Reproductive,,POINT
490,490,1860.833,"C:/Users/Biolab/Desktop/Dyad Score Log Data for Editing 1-6,8-19/Dyad Videos/AVI Converted/10.avi",2161.245,59.94,Dominant,Charge,Aggressive,,POINT
491,491,1871.583,"C:/Users/Biolab/Desktop/Dyad Score Log Data for Editing 1-6,8-19/Dyad Videos/AVI Converted/10.avi",2161.245,59.94,Dominant,Charge,Aggressive,,POINT
492,492,1871.583,"C:/Users/Biolab/Desktop/Dyad Score Log Data for Editing 1-6,8-19/Dyad Videos/AVI Converted/10.avi",2161.245,59.94,Dominant,Scrape,Aggressive,,POINT
493,493,1871.632,"C:/Users/Biolab/Desktop/Dyad Score Log Data for Editing 1-6,8-19/Dyad Videos/AVI Converted/10.avi",2161.245,59.94,Dominant,Chase,Aggressive,,POINT
494,494,1872.933,"C:/Users/Biolab/Desktop/Dyad Score Log Data for Editing 1-6,8-19/Dyad Videos/AVI Converted/10.avi",2161.245,59.94,Dominant,Biting,Aggressive,,POINT
495,495,1874.582,"C:/Users/Biolab/Desktop/Dyad Score Log Data for Editing 1-6,8-19/Dyad Videos/AVI Converted/10.avi",2161.245,59.94,Dominant,Chase,Aggressive,,POINT
496,496,1877.134,"C:/Users/Biolab/Desktop/Dyad Score Log Data for Editing 1-6,8-19/Dyad Videos/AVI Converted/10.avi",2161.245,59.94,Dominant,Charge,Aggressive,,POINT
497,497,1887.033,"C:/Users/Biolab/Desktop/Dyad Score Log Data for Editing 1-6,8-19/Dyad Videos/AVI Converted/10.avi",2161.245,59.94,Dominant,Chase,Aggressive,,POINT
498,498,1888.233,"C:/Users/Biolab/Desktop/Dyad Score Log Data for Editing 1-6,8-19/Dyad Videos/AVI Converted/10.avi",2161.245,59.94,Dominant,Biting,Aggressive,,POINT
499,499,1888.233,"C:/Users/Biolab/Desktop/Dyad Score Log Data for Editing 1-6,8-19/Dyad Videos/AVI Converted/10.avi",2161.245,59.94,Dominant,Frontal Side Display,Aggressive,,POINT
500,500,1898.308,"C:/Users/Biolab/Desktop/Dyad Score Log Data for Editing 1-6,8-19/Dyad Videos/AVI Converted/10.avi",2161.245,59.94,Dominant,Foraging,Reproductive,,POINT
501,501,1902.058,"C:/Users/Biolab/Desktop/Dyad Score Log Data for Editing 1-6,8-19/Dyad Videos/AVI Converted/10.avi",2161.245,59.94,Dominant,Foraging,Reproductive,,POINT
502,502,1902.857,"C:/Users/Biolab/Desktop/Dyad Score Log Data for Editing 1-6,8-19/Dyad Videos/AVI Converted/10.avi",2161.245,59.94,Dominant,Dig Substrate,Reproductive,,POINT
503,503,1906.958,"C:/Users/Biolab/Desktop/Dyad Score Log Data for Editing 1-6,8-19/Dyad Videos/AVI Converted/10.avi",2161.245,59.94,Dominant,Foraging,Reproductive,,POINT
504,504,1912.933,"C:/Users/Biolab/Desktop/Dyad Score Log Data for Editing 1-6,8-19/Dyad Videos/AVI Converted/10.avi",2161.245,59.94,Dominant,Foraging,Reproductive,,POINT
505,505,1915.783,"C:/Users/Biolab/Desktop/Dyad Score Log Data for Editing 1-6,8-19/Dyad Videos/AVI Converted/10.avi",2161.245,59.94,Dominant,Foraging,Reproductive,,POINT
506,506,1916.308,"C:/Users/Biolab/Desktop/Dyad Score Log Data for Editing 1-6,8-19/Dyad Videos/AVI Converted/10.avi",2161.245,59.94,Dominant,Dig Substrate,Reproductive,,POINT
507,507,1917.308,"C:/Users/Biolab/Desktop/Dyad Score Log Data for Editing 1-6,8-19/Dyad Videos/AVI Converted/10.avi",2161.245,59.94,Dominant,Foraging,Reproductive,,POINT
508,508,1920.733,"C:/Users/Biolab/Desktop/Dyad Score Log Data for Editing 1-6,8-19/Dyad Videos/AVI Converted/10.avi",2161.245,59.94,Dominant,Dig Substrate,Reproductive,,POINT
509,509,1922.258,"C:/Users/Biolab/Desktop/Dyad Score Log Data for Editing 1-6,8-19/Dyad Videos/AVI Converted/10.avi",2161.245,59.94,Dominant,Dig Substrate,Reproductive,,POINT
510,510,1924.882,"C:/Users/Biolab/Desktop/Dyad Score Log Data for Editing 1-6,8-19/Dyad Videos/AVI Converted/10.avi",2161.245,59.94,Dominant,Dig Substrate,Reproductive,,POINT
511,511,1926.432,"C:/Users/Biolab/Desktop/Dyad Score Log Data for Editing 1-6,8-19/Dyad Videos/AVI Converted/10.avi",2161.245,59.94,Dominant,Dig Substrate,Reproductive,,POINT
512,512,1927.958,"C:/Users/Biolab/Desktop/Dyad Score Log Data for Editing 1-6,8-19/Dyad Videos/AVI Converted/10.avi",2161.245,59.94,Dominant,Dig Substrate,Reproductive,,POINT
513,513,1929.308,"C:/Users/Biolab/Desktop/Dyad Score Log Data for Editing 1-6,8-19/Dyad Videos/AVI Converted/10.avi",2161.245,59.94,Dominant,Dig Substrate,Reproductive,,POINT
514,514,1944.308,"C:/Users/Biolab/Desktop/Dyad Score Log Data for Editing 1-6,8-19/Dyad Videos/AVI Converted/10.avi",2161.245,59.94,Dominant,Dig Substrate,Reproductive,,POINT
515,515,1958.082,"C:/Users/Biolab/Desktop/Dyad Score Log Data for Editing 1-6,8-19/Dyad Videos/AVI Converted/10.avi",2161.245,59.94,Dominant,Pot Entry,Reproductive,,POINT
516,516,1960.133,"C:/Users/Biolab/Desktop/Dyad Score Log Data for Editing 1-6,8-19/Dyad Videos/AVI Converted/10.avi",2161.245,59.94,Dominant,Charge,Aggressive,,POINT
517,517,1960.133,"C:/Users/Biolab/Desktop/Dyad Score Log Data for Editing 1-6,8-19/Dyad Videos/AVI Converted/10.avi",2161.245,59.94,Dominant,Pot Exit,Reproductive,,POINT
518,518,1966.958,"C:/Users/Biolab/Desktop/Dyad Score Log Data for Editing 1-6,8-19/Dyad Videos/AVI Converted/10.avi",2161.245,59.94,Dominant,Charge,Aggressive,,POINT
519,519,1966.958,"C:/Users/Biolab/Desktop/Dyad Score Log Data for Editing 1-6,8-19/Dyad Videos/AVI Converted/10.avi",2161.245,59.94,Dominant,Lead,Reproductive,,POINT
520,520,1969.858,"C:/Users/Biolab/Desktop/Dyad Score Log Data for Editing 1-6,8-19/Dyad Videos/AVI Converted/10.avi",2161.245,59.94,Dominant,Chase,Aggressive,,POINT
521,521,1973.957,"C:/Users/Biolab/Desktop/Dyad Score Log Data for Editing 1-6,8-19/Dyad Videos/AVI Converted/10.avi",2161.245,59.94,Dominant,Foraging,Reproductive,,POINT
522,522,1974.483,"C:/Users/Biolab/Desktop/Dyad Score Log Data for Editing 1-6,8-19/Dyad Videos/AVI Converted/10.avi",2161.245,59.94,Dominant,Foraging,Reproductive,,POINT
523,523,1975.008,"C:/Users/Biolab/Desktop/Dyad Score Log Data for Editing 1-6,8-19/Dyad Videos/AVI Converted/10.avi",2161.245,59.94,Dominant,Foraging,Reproductive,,POINT
524,524,1981.558,"C:/Users/Biolab/Desktop/Dyad Score Log Data for Editing 1-6,8-19/Dyad Videos/AVI Converted/10.avi",2161.245,59.94,Dominant,Foraging,Reproductive,,POINT
525,525,1985.383,"C:/Users/Biolab/Desktop/Dyad Score Log Data for Editing 1-6,8-19/Dyad Videos/AVI Converted/10.avi",2161.245,59.94,Dominant,Chase,Aggressive,,POINT
526,526,1985.832,"C:/Users/Biolab/Desktop/Dyad Score Log Data for Editing 1-6,8-19/Dyad Videos/AVI Converted/10.avi",2161.245,59.94,Dominant,Frontal Side Display,Aggressive,,POINT
527,527,1987.058,"C:/Users/Biolab/Desktop/Dyad Score Log Data for Editing 1-6,8-19/Dyad Videos/AVI Converted/10.avi",2161.245,59.94,Dominant,Chase,Aggressive,,POINT
528,528,1987.058,"C:/Users/Biolab/Desktop/Dyad Score Log Data for Editing 1-6,8-19/Dyad Videos/AVI Converted/10.avi",2161.245,59.94,Dominant,Scrape,Aggressive,,POINT
529,529,1994.833,"C:/Users/Biolab/Desktop/Dyad Score Log Data for Editing 1-6,8-19/Dyad Videos/AVI Converted/10.avi",2161.245,59.94,Dominant,Dig Substrate,Reproductive,,POINT
530,530,1997.183,"C:/Users/Biolab/Desktop/Dyad Score Log Data for Editing 1-6,8-19/Dyad Videos/AVI Converted/10.avi",2161.245,59.94,Dominant,Dig Substrate,Reproductive,,POINT
531,531,1998.983,"C:/Users/Biolab/Desktop/Dyad Score Log Data for Editing 1-6,8-19/Dyad Videos/AVI Converted/10.avi",2161.245,59.94,Dominant,Dig Substrate,Reproductive,,POINT
532,532,2002.858,"C:/Users/Biolab/Desktop/Dyad Score Log Data for Editing 1-6,8-19/Dyad Videos/AVI Converted/10.avi",2161.245,59.94,Dominant,Dig Substrate,Reproductive,,POINT
533,533,2009.608,"C:/Users/Biolab/Desktop/Dyad Score Log Data for Editing 1-6,8-19/Dyad Videos/AVI Converted/10.avi",2161.245,59.94,Dominant,Dig Substrate,Reproductive,,POINT
534,534,2010.382,"C:/Users/Biolab/Desktop/Dyad Score Log Data for Editing 1-6,8-19/Dyad Videos/AVI Converted/10.avi",2161.245,59.94,Dominant,Dig Substrate,Reproductive,,POINT
535,535,2031.383,"C:/Users/Biolab/Desktop/Dyad Score Log Data for Editing 1-6,8-19/Dyad Videos/AVI Converted/10.avi",2161.245,59.94,Dominant,Biting,Aggressive,,POINT
536,536,2031.908,"C:/Users/Biolab/Desktop/Dyad Score Log Data for Editing 1-6,8-19/Dyad Videos/AVI Converted/10.avi",2161.245,59.94,Dominant,Lead,Reproductive,,POINT
537,537,2041.336,"C:/Users/Biolab/Desktop/Dyad Score Log Data for Editing 1-6,8-19/Dyad Videos/AVI Converted/10.avi",2161.245,59.94,Dominant,Chase,Aggressive,,POINT
