,Behavior,Behavior next,Behavioral category,prob_0,prob_1,prob_2,prob_3,prob_4,prob_5,prob_6,prob_7,prob_8,prob_9,prob_0,prob_1,prob_2,prob_3,avg,stderr
0,Biting,Biting,Aggressive,0.007246376811594203,0.008733624454148471,0.009398496240601505,0.018072289156626505,0.0,0.004464285714285714,0.039936102236421724,0.018367346938775512,0.015580736543909348,0.05622489959839357,0.022222222222222223,0.0031948881789137383,0.020522388059701493,0.009900990099009901,0.015143450976246453,0.002730684197902361
1,Biting,Charge,Aggressive,0.014492753623188406,0.0,0.01879699248120301,0.004819277108433735,0.0,0.005952380952380952,0.011182108626198083,0.0,0.0,0.029451137884872823,0.030303030303030304,0.006389776357827477,0.022388059701492536,0.009900990099009901,0.011853063036901028,0.0021954535824522505
2,Biting,Chase,Aggressive,0.028985507246376812,0.024017467248908297,0.024436090225563915,0.018072289156626505,0.0,0.005952380952380952,0.04313099041533546,0.0020408163265306124,0.024079320113314446,0.024096385542168676,0.046464646464646465,0.02236421725239617,0.016791044776119403,0.0,0.020980109913227518,0.002920399901858956
3,Biting,Entry/Exit Pot,Aggressive,0.014492753623188406,0.0,0.001879699248120301,0.0,0.0,0.0,0.004792332268370607,0.0020408163265306124,0.0,0.004016064257028112,0.00202020202020202,0.0015974440894568692,0.0,0.0,0.002310427764266569,0.0008903461451908925
4,Biting,Lead,Aggressive,0.10144927536231885,0.006550218340611353,0.007518796992481204,0.03132530120481928,0.0,0.002976190476190476,0.04153354632587859,0.04081632653061224,0.0339943342776204,0.03614457831325301,0.012121212121212121,0.007987220447284346,0.018656716417910446,0.009900990099009901,0.02484020172249317,0.005948208447256488
5,Biting,Quiver,Aggressive,0.007246376811594203,0.0,0.0,0.0024096385542168677,0.0,0.001488095238095238,0.0,0.00816326530612245,0.00141643059490085,0.00535475234270415,0.0,0.0015974440894568692,0.0018656716417910447,0.0297029702970297,0.004639397557727277,0.0018133914067382868
6,Biting,Scrape,Aggressive,0.007246376811594203,0.0,0.005639097744360903,0.014457831325301205,0.0,0.0,0.022364217252396165,0.0163265306122449,0.024079320113314446,0.01740294511378849,0.00808080808080808,0.0031948881789137383,0.005597014925373134,0.009900990099009901,0.008563955791930289,0.0014947838544303402
7,Charge,Biting,Aggressive,0.043478260869565216,0.004366812227074236,0.03759398496240602,0.030120481927710843,0.0,0.010416666666666666,0.02875399361022364,0.00816326530612245,0.0169971671388102,0.0642570281124498,0.05858585858585859,0.014376996805111822,0.033582089552238806,0.009900990099009901,0.026936321404191988,0.004068382319694687
8,Charge,Chase,Aggressive,0.007246376811594203,0.002183406113537118,0.028195488721804517,0.0024096385542168677,0.00641025641025641,0.041666666666666664,0.007987220447284345,0.0020408163265306124,0.0,0.018741633199464525,0.03434343434343434,0.012779552715654953,0.029850746268656716,0.019801980198019802,0.015930356386547252,0.002784240024676543
9,Charge,Lead,Aggressive,0.014492753623188406,0.002183406113537118,0.009398496240601505,0.004819277108433735,0.0,0.019345238095238096,0.001597444089456869,0.006122448979591836,0.00141643059490085,0.00535475234270415,0.010101010101010102,0.006389776357827477,0.016791044776119403,0.0297029702970297,0.010072444697153942,0.0017897145926068802
10,Charge,Scrape,Aggressive,0.007246376811594203,0.0,0.009398496240601505,0.0024096385542168677,0.0,0.004464285714285714,0.001597444089456869,0.0020408163265306124,0.0,0.008032128514056224,0.0,0.012779552715654953,0.0037313432835820895,0.0,0.003966613175255848,0.0009220591087399989
11,Chase,Biting,Aggressive,0.007246376811594203,0.015283842794759825,0.02067669172932331,0.021686746987951807,0.0,0.005952380952380952,0.039936102236421724,0.0020408163265306124,0.026912181303116147,0.012048192771084338,0.030303030303030304,0.01916932907348243,0.027985074626865673,0.009900990099009901,0.017790629020071305,0.002203167912345374
12,Chase,Chase,Aggressive,0.014492753623188406,0.06768558951965066,0.07142857142857144,0.00963855421686747,0.04487179487179487,0.05952380952380952,0.03035143769968051,0.006122448979591836,0.007082152974504249,0.024096385542168676,0.028282828282828285,0.05910543130990416,0.03731343283582089,0.009900990099009901,0.034897469646510554,0.005073857465450414
13,Chase,Lead,Aggressive,0.021739130434782608,0.04148471615720524,0.02067669172932331,0.0024096385542168677,0.0,0.00744047619047619,0.011182108626198083,0.006122448979591836,0.0084985835694051,0.004016064257028112,0.006060606060606061,0.012779552715654953,0.018656716417910446,0.0,0.012948808443731741,0.002534400552450983
14,Chase,Scrape,Aggressive,0.014492753623188406,0.05895196506550218,0.01691729323308271,0.004819277108433735,0.019230769230769232,0.004464285714285714,0.039936102236421724,0.006122448979591836,0.0084985835694051,0.0214190093708166,0.022222222222222223,0.031948881789137386,0.013059701492537313,0.0,0.01929524491679537,0.0035193352972761327
15,Entry/Exit Pot,Charge,Reproductive,0.007246376811594203,0.0,0.009398496240601505,0.0,0.0,0.00744047619047619,0.003194888178913738,0.0,0.0,0.0107095046854083,0.0,0.009584664536741215,0.007462686567164179,0.0,0.00403315078940911,0.000929554608430071
16,Entry/Exit Pot,Entry/Exit Pot,Reproductive,0.036231884057971016,0.002183406113537118,0.005639097744360903,0.0012048192771084338,0.0,0.002976190476190476,0.01757188498402556,0.0326530612244898,0.0,0.014725568942436412,0.0,0.004792332268370608,0.005597014925373134,0.009900990099009901,0.009046627027209294,0.0024646251180524786
17,Entry/Exit Pot,Lead,Reproductive,0.021739130434782608,0.002183406113537118,0.001879699248120301,0.0,0.01282051282051282,0.0,0.006389776357827476,0.004081632653061225,0.00141643059490085,0.0013386880856760374,0.0,0.0031948881789137383,0.007462686567164179,0.0297029702970297,0.007198754645048804,0.002051120963922317
18,Entry/Exit Pot,Pot Dig,Reproductive,0.014492753623188406,0.008733624454148471,0.02067669172932331,0.0012048192771084338,0.01282051282051282,0.01488095238095238,0.04313099041533546,0.05510204081632653,0.00141643059490085,0.03480589022757698,0.00808080808080808,0.017571884984025562,0.013059701492537313,0.039603960396039604,0.01859115024227106,0.0031377775769573586
19,Entry/Exit Pot,Quiver,Reproductive,0.021739130434782608,0.0,0.0,0.0012048192771084338,0.0,0.0,0.001597444089456869,0.0,0.0,0.0013386880856760374,0.0,0.0,0.0,0.0297029702970297,0.004919544190589744,0.0021744867705635676
20,Entry/Exit Pot,Scrape,Reproductive,0.007246376811594203,0.0,0.001879699248120301,0.0,0.0,0.0,0.001597444089456869,0.0,0.0,0.0,0.0,0.0015974440894568692,0.0,0.0,0.0010474765630818007,0.0004548997745812133
21,Foraging,Lead,Reproductive,0.007246376811594203,0.021834061135371178,0.01691729323308271,0.02289156626506024,0.019230769230769232,0.004464285714285714,0.011182108626198083,0.006122448979591836,0.04107648725212465,0.004016064257028112,0.00202020202020202,0.006389776357827477,0.007462686567164179,0.009900990099009901,0.012519003138119156,0.002019330993269915
22,Foraging,Quiver,Reproductive,0.007246376811594203,0.0,0.0,0.0,0.0,0.0,0.0,0.0020408163265306124,0.00141643059490085,0.0,0.0,0.0015974440894568692,0.0,0.0,0.000961131305615164,0.0004557753524826349
23,Lead,Biting,Reproductive,0.09420289855072464,0.006550218340611353,0.009398496240601505,0.01927710843373494,0.0,0.001488095238095238,0.04153354632587859,0.03469387755102041,0.032577903682719546,0.029451137884872823,0.006060606060606061,0.009584664536741215,0.014925373134328358,0.0297029702970297,0.023597692357788278,0.005471334309455988
24,Lead,Charge,Reproductive,0.028985507246376812,0.0,0.01879699248120301,0.01325301204819277,0.00641025641025641,0.011904761904761904,0.006389776357827476,0.012244897959183673,0.0113314447592068,0.0107095046854083,0.012121212121212121,0.006389776357827477,0.013059701492537313,0.0297029702970297,0.013800408462063773,0.0018876202612342896
25,Lead,Chase,Reproductive,0.007246376811594203,0.05458515283842795,0.01879699248120301,0.0,0.01282051282051282,0.011904761904761904,0.01597444089456869,0.00816326530612245,0.009915014164305949,0.002677376171352075,0.006060606060606061,0.015974440894568693,0.020522388059701493,0.0,0.013992149343355758,0.003163351054485829
26,Lead,Entry/Exit Pot,Reproductive,0.028985507246376812,0.004366812227074236,0.001879699248120301,0.0012048192771084338,0.01282051282051282,0.002976190476190476,0.001597444089456869,0.004081632653061225,0.0,0.0013386880856760374,0.0,0.006389776357827477,0.009328358208955223,0.009900990099009901,0.0066784724297201,0.0017365215847656855
27,Lead,Foraging,Reproductive,0.007246376811594203,0.024017467248908297,0.013157894736842108,0.03253012048192771,0.02564102564102564,0.005952380952380952,0.003194888178913738,0.00816326530612245,0.0339943342776204,0.004016064257028112,0.00404040404040404,0.012779552715654953,0.011194029850746268,0.0,0.01322243865387484,0.002291727496503411
28,Lead,Lead,Reproductive,0.13768115942028986,0.04148471615720524,0.01691729323308271,0.04819277108433735,0.019230769230769232,0.022321428571428572,0.01437699680511182,0.03469387755102041,0.04815864022662889,0.01606425702811245,0.026262626262626262,0.01916932907348243,0.018656716417910446,0.18811881188118812,0.05217330983969619,0.01187325690983201
29,Lead,Quiver,Reproductive,0.014492753623188406,0.004366812227074236,0.001879699248120301,0.004819277108433735,0.00641025641025641,0.002976190476190476,0.009584664536741214,0.022448979591836733,0.007082152974504249,0.004016064257028112,0.0,0.0031948881789137383,0.0,0.07920792079207921,0.012201864118280751,0.004771060822196189
30,Lead,Scrape,Reproductive,0.057971014492753624,0.008733624454148471,0.0,0.0,0.0,0.0,0.009584664536741214,0.02040816326530612,0.0056657223796034,0.008032128514056224,0.00202020202020202,0.0031948881789137383,0.005597014925373134,0.019801980198019802,0.01083309669247857,0.0035347499570841778
31,Pot Dig,Entry/Exit Pot,Reproductive,0.014492753623188406,0.006550218340611353,0.02067669172932331,0.0012048192771084338,0.01282051282051282,0.013392857142857142,0.04153354632587859,0.04285714285714286,0.0028328611898017,0.03480589022757698,0.010101010101010102,0.01916932907348243,0.013059701492537313,0.039603960396039604,0.018089080846835092,0.002832687918008396
32,Pot Dig,Pot Dig,Reproductive,0.014492753623188406,0.017467248908296942,0.007518796992481204,0.014457831325301205,0.00641025641025641,0.008928571428571428,0.04472843450479233,0.006122448979591836,0.0113314447592068,0.09370816599732262,0.026262626262626262,0.01916932907348243,0.020522388059701493,0.019801980198019802,0.020482510498451678,0.003931552267410846
33,Quiver,Charge,Reproductive,0.007246376811594203,0.002183406113537118,0.0,0.0,0.0,0.001488095238095238,0.0,0.004081632653061225,0.0,0.002677376171352075,0.00404040404040404,0.0015974440894568692,0.0,0.019801980198019802,0.0035448330258423906,0.0012186667653168366
34,Quiver,Entry/Exit Pot,Reproductive,0.014492753623188406,0.0,0.0,0.0,0.0,0.0,0.0,0.0,0.00141643059490085,0.0013386880856760374,0.0,0.0,0.0018656716417910447,0.04950495049504951,0.006112812281847036,0.0031244938835598536
35,Quiver,Lead,Reproductive,0.021739130434782608,0.006550218340611353,0.001879699248120301,0.007228915662650603,0.0,0.002976190476190476,0.003194888178913738,0.024489795918367346,0.007082152974504249,0.004016064257028112,0.0,0.004792332268370608,0.0037313432835820895,0.07920792079207921,0.01327355508479079,0.004783883574200379
36,Quiver,Scrape,Reproductive,0.007246376811594203,0.0,0.0,0.0,0.00641025641025641,0.0,0.0,0.0,0.0,0.0,0.0,0.0,0.0,0.0,0.0009501368197020371,0.0005227520862117091
37,Scrape,Biting,Aggressive,0.028985507246376812,0.006550218340611353,0.001879699248120301,0.006024096385542169,0.0,0.0,0.01437699680511182,0.014285714285714285,0.0113314447592068,0.012048192771084338,0.006060606060606061,0.007987220447284346,0.0018656716417910447,0.0,0.007761290334626428,0.0017487801431508416
38,Scrape,Charge,Aggressive,0.007246376811594203,0.0,0.009398496240601505,0.0012048192771084338,0.01282051282051282,0.002976190476190476,0.004792332268370607,0.0020408163265306124,0.0,0.013386880856760375,0.00404040404040404,0.009584664536741215,0.009328358208955223,0.009900990099009901,0.006246588689872452,0.0009213552619841473
39,Scrape,Entry/Exit Pot,Aggressive,0.007246376811594203,0.002183406113537118,0.001879699248120301,0.0,0.0,0.0,0.003194888178913738,0.0,0.0,0.0,0.0,0.0,0.0,0.0,0.001173356932973499,0.00046880954624281985
40,Scrape,Foraging,Aggressive,0.007246376811594203,0.017467248908296942,0.001879699248120301,0.004819277108433735,0.00641025641025641,0.001488095238095238,0.003194888178913738,0.004081632653061225,0.014164305949008499,0.0013386880856760374,0.0,0.012779552715654953,0.0018656716417910447,0.0,0.005581523608308796,0.0012217012242139128
41,Scrape,Lead,Aggressive,0.050724637681159424,0.010917030567685589,0.007518796992481204,0.004819277108433735,0.0,0.0,0.009584664536741214,0.02857142857142857,0.009915014164305949,0.006693440428380187,0.00404040404040404,0.014376996805111822,0.0,0.009900990099009901,0.011789127922246699,0.003007791289690164
42,Scrape,Scrape,Aggressive,0.007246376811594203,0.013100436681222707,0.0,0.0036144578313253013,0.08974358974358974,0.001488095238095238,0.009584664536741214,0.01020408163265306,0.019830028328611898,0.013386880856760375,0.00404040404040404,0.0031948881789137383,0.0018656716417910447,0.0,0.00956190048667971,0.003987945191578718
43,Biting,Foraging,Aggressive,0.0,0.002183406113537118,0.011278195488721806,0.021686746987951807,0.0,0.002976190476190476,0.01597444089456869,0.0,0.021246458923512748,0.009370816599732263,0.00202020202020202,0.006389776357827477,0.005597014925373134,0.0,0.006721754121874132,0.0015888512658636747
44,Biting,Frontal Side Display,Aggressive,0.0,0.004366812227074236,0.0,0.0012048192771084338,0.0,0.0,0.001597444089456869,0.0,0.0,0.0013386880856760374,0.0,0.0,0.007462686567164179,0.0,0.0013183985599012093,0.0005065132641064383
45,Chase,Charge,Aggressive,0.0,0.002183406113537118,0.03383458646616542,0.0036144578313253013,0.00641025641025641,0.046130952380952384,0.001597444089456869,0.0,0.0,0.008032128514056224,0.030303030303030304,0.011182108626198084,0.016791044776119403,0.009900990099009901,0.012626819537522406,0.0029055865320391527
46,Chase,Dig Substrate,Aggressive,0.0,0.010917030567685589,0.009398496240601505,0.0012048192771084338,0.01282051282051282,0.005952380952380952,0.009584664536741214,0.0,0.00141643059490085,0.002677376171352075,0.010101010101010102,0.004792332268370608,0.007462686567164179,0.0,0.0054638234145349416,0.0009572796799712618
47,Chase,Foraging,Aggressive,0.0,0.019650655021834062,0.015037593984962409,0.0,0.038461538461538464,0.01488095238095238,0.004792332268370607,0.0,0.0169971671388102,0.002677376171352075,0.00808080808080808,0.014376996805111822,0.013059701492537313,0.0,0.00991913078143323,0.0020622725754978867
48,Chase,Lateral Side Display,Aggressive,0.0,0.002183406113537118,0.001879699248120301,0.0,0.0,0.010416666666666666,0.007987220447284345,0.0,0.00141643059490085,0.0107095046854083,0.00202020202020202,0.011182108626198084,0.005597014925373134,0.009900990099009901,0.004366212020870058,0.0009341449805449089
49,Chase,Quiver,Aggressive,0.0,0.002183406113537118,0.0,0.0,0.0,0.0,0.003194888178913738,0.0020408163265306124,0.0,0.0,0.00202020202020202,0.0,0.0018656716417910447,0.0,0.0007897392752956689,0.00023405664629461248
50,Dig Substrate,Chase,Reproductive,0.0,0.010917030567685589,0.015037593984962409,0.0024096385542168677,0.0,0.005952380952380952,0.001597444089456869,0.004081632653061225,0.012747875354107648,0.0,0.00404040404040404,0.015974440894568693,0.0037313432835820895,0.0,0.005845465259083912,0.0012643273291186765
51,Dig Substrate,Dig Substrate,Reproductive,0.0,0.08296943231441048,0.06954887218045114,0.14216867469879518,0.057692307692307696,0.16220238095238096,0.13258785942492013,0.14285714285714285,0.13314447592067988,0.11780455153949129,0.24848484848484848,0.09105431309904155,0.20708955223880596,0.0,0.1104054592918013,0.016168366875685108
52,Dig Substrate,Foraging,Reproductive,0.0,0.015283842794759825,0.009398496240601505,0.01325301204819277,0.02564102564102564,0.010416666666666666,0.009584664536741214,0.012244897959183673,0.0169971671388102,0.013386880856760375,0.03232323232323232,0.015974440894568693,0.014925373134328358,0.0,0.013208549894116123,0.0019059367892587339
53,Dig Substrate,Lead,Reproductive,0.0,0.021834061135371178,0.003759398496240602,0.008433734939759036,0.019230769230769232,0.001488095238095238,0.006389776357827476,0.03877551020408163,0.0113314447592068,0.0,0.010101010101010102,0.011182108626198084,0.005597014925373134,0.0,0.009046829647176576,0.0020199131202994396
54,Dig Substrate,Scrape,Reproductive,0.0,0.002183406113537118,0.0,0.0036144578313253013,0.00641025641025641,0.008928571428571428,0.003194888178913738,0.036734693877551024,0.00141643059490085,0.0,0.00202020202020202,0.0015974440894568692,0.0018656716417910447,0.0,0.0036021456310371893,0.0016467814670360229
55,Entry/Exit Pot,Biting,Reproductive,0.0,0.002183406113537118,0.001879699248120301,0.0012048192771084338,0.0,0.0,0.0,0.0,0.00141643059490085,0.0013386880856760374,0.0,0.0,0.0,0.009900990099009901,0.0015042249161876541,0.0006058562974444772
56,Entry/Exit Pot,Chase,Reproductive,0.0,0.004366812227074236,0.003759398496240602,0.0012048192771084338,0.0,0.005952380952380952,0.006389776357827476,0.0,0.0,0.0013386880856760374,0.00202020202020202,0.007987220447284346,0.005597014925373134,0.0,0.0028887172810204555,0.0005924916893239456
57,Foraging,Charge,Reproductive,0.0,0.002183406113537118,0.01879699248120301,0.02289156626506024,0.0,0.01636904761904762,0.004792332268370607,0.0020408163265306124,0.0056657223796034,0.006693440428380187,0.00404040404040404,0.011182108626198084,0.014925373134328358,0.0,0.00834550274288155,0.0016981240311077454
58,Foraging,Chase,Reproductive,0.0,0.013100436681222707,0.015037593984962409,0.0036144578313253013,0.02564102564102564,0.008928571428571428,0.004792332268370607,0.0,0.0056657223796034,0.0,0.00404040404040404,0.011182108626198084,0.013059701492537313,0.0,0.0075044116832213995,0.0014703141580015458
59,Foraging,Dig Substrate,Reproductive,0.0,0.017467248908296942,0.009398496240601505,0.024096385542168676,0.03205128205128205,0.023809523809523808,0.007987220447284345,0.014285714285714285,0.028328611898016998,0.008032128514056224,0.03636363636363636,0.02236421725239617,0.013059701492537313,0.0,0.016363356936597802,0.0024497431705776127
60,Foraging,Entry/Exit Pot,Reproductive,0.0,0.004366812227074236,0.003759398496240602,0.0012048192771084338,0.0,0.004464285714285714,0.004792332268370607,0.004081632653061225,0.00141643059490085,0.002677376171352075,0.00404040404040404,0.006389776357827477,0.0018656716417910447,0.0,0.0027584464310391878,0.0004460241817095557
61,Foraging,Foraging,Reproductive,0.0,0.18340611353711792,0.1729323308270677,0.29036144578313255,0.2692307692307692,0.15922619047619047,0.022364217252396165,0.024489795918367346,0.23229461756373937,0.020080321285140562,0.050505050505050504,0.15335463258785945,0.07276119402985075,0.0297029702970297,0.11971515394821912,0.020712438172621
62,Foraging,Scrape,Reproductive,0.0,0.019650655021834062,0.0,0.0024096385542168677,0.01282051282051282,0.0,0.0,0.0020408163265306124,0.0056657223796034,0.004016064257028112,0.0,0.011182108626198084,0.0,0.0,0.004137632735826045,0.0013755029526173882
63,Frontal Side Display,Charge,Aggressive,0.0,0.002183406113537118,0.0,0.0,0.0,0.0,0.0,0.0,0.0,0.0013386880856760374,0.0,0.0,0.0,0.0,0.0002593409233068306,0.00014599220599013007
64,Frontal Side Display,Chase,Aggressive,0.0,0.002183406113537118,0.001879699248120301,0.0,0.0,0.0,0.0,0.0,0.0,0.0,0.0,0.004792332268370608,0.0037313432835820895,0.0,0.0011442528103281925,0.0003650739316516078
65,Frontal Side Display,Lead,Aggressive,0.0,0.002183406113537118,0.001879699248120301,0.0,0.0,0.0,0.0,0.0,0.0,0.0,0.0,0.0,0.0018656716417910447,0.0,0.000538979727586224,0.00019278963234820056
66,Lateral Side Display,Biting,Aggressive,0.0,0.002183406113537118,0.001879699248120301,0.0012048192771084338,0.0,0.0,0.003194888178913738,0.0,0.00141643059490085,0.006693440428380187,0.0,0.0031948881789137383,0.0018656716417910447,0.0,0.001452805823688002,0.00035267030348371946
67,Lateral Side Display,Chase,Aggressive,0.0,0.002183406113537118,0.001879699248120301,0.0,0.0,0.00744047619047619,0.001597444089456869,0.0,0.0,0.0013386880856760374,0.0,0.006389776357827477,0.005597014925373134,0.009900990099009901,0.0028308355387884074,0.0007213153142967798
68,Lead,Dig Substrate,Reproductive,0.0,0.010917030567685589,0.005639097744360903,0.010843373493975903,0.0,0.0,0.001597444089456869,0.04285714285714286,0.0113314447592068,0.004016064257028112,0.014141414141414142,0.011182108626198084,0.007462686567164179,0.0,0.008189705374746921,0.0019775745104566107
69,Lead,Lateral Side Display,Reproductive,0.0,0.002183406113537118,0.0,0.0,0.0,0.001488095238095238,0.0,0.0020408163265306124,0.0,0.004016064257028112,0.0,0.0015974440894568692,0.0,0.0,0.0006866671012564516,0.00024072875023275185
70,Pot Dig,Scrape,Reproductive,0.0,0.002183406113537118,0.0,0.0,0.0,0.0,0.0,0.0,0.0,0.0,0.0,0.0,0.0,0.0,0.0001984914648670107,0.000136972123728137
71,Quiver,Quiver,Reproductive,0.0,0.002183406113537118,0.0,0.0,0.0,0.0,0.0,0.012244897959183673,0.0,0.0,0.0,0.0,0.0018656716417910447,0.009900990099009901,0.0018247742576299908,0.0007912359472181501
72,Scrape,Chase,Aggressive,0.0,0.039301310043668124,0.011278195488721806,0.007228915662650603,0.03205128205128205,0.005952380952380952,0.036741214057507986,0.0,0.0113314447592068,0.01740294511378849,0.014141414141414142,0.015974440894568693,0.009328358208955223,0.0,0.013544751627914704,0.0026888526338963645
73,Scrape,Dig Substrate,Aggressive,0.0,0.010917030567685589,0.001879699248120301,0.0036144578313253013,0.0,0.00744047619047619,0.006389776357827476,0.0326530612244898,0.00141643059490085,0.004016064257028112,0.006060606060606061,0.009584664536741215,0.0037313432835820895,0.0,0.005613245985492887,0.0015032125049987354
74,Scrape,Frontal Side Display,Aggressive,0.0,0.002183406113537118,0.0,0.0,0.0,0.0,0.0,0.0,0.0,0.0,0.0,0.0,0.0018656716417910447,0.0,0.0003680979777571057,0.0001710362559738802
75,Scrape,Quiver,Aggressive,0.0,0.002183406113537118,0.0,0.0012048192771084338,0.0,0.0,0.0,0.004081632653061225,0.0,0.0,0.0,0.0,0.0018656716417910447,0.009900990099009901,0.0015632457689070097,0.0006213305763018886
76,Biting,Dig Substrate,Aggressive,0.0,0.0,0.007518796992481204,0.004819277108433735,0.0,0.004464285714285714,0.003194888178913738,0.0163265306122449,0.0056657223796034,0.00535475234270415,0.00808080808080808,0.006389776357827477,0.011194029850746268,0.0,0.005045979818561155,0.0009531106077536627
77,Biting,Lateral Side Display,Aggressive,0.0,0.0,0.001879699248120301,0.0012048192771084338,0.0,0.001488095238095238,0.0,0.0,0.00141643059490085,0.004016064257028112,0.00404040404040404,0.0015974440894568692,0.0018656716417910447,0.0,0.0012771212128993442,0.0002911062266722329
78,Border Fight,Chase,Aggressive,0.0,0.0,0.001879699248120301,0.0,0.01282051282051282,0.001488095238095238,0.001597444089456869,0.0,0.0,0.0013386880856760374,0.0,0.0015974440894568692,0.0,0.0,0.0010999557685861501,0.0005819734755977451
79,Border Fight,Scrape,Aggressive,0.0,0.0,0.001879699248120301,0.0012048192771084338,0.0,0.0,0.0,0.0,0.0,0.0,0.0,0.004792332268370608,0.0,0.0,0.0007160773448726675,0.0003107794482646038
80,Charge,Border Fight,Aggressive,0.0,0.0,0.001879699248120301,0.0012048192771084338,0.0,0.002976190476190476,0.0,0.0,0.0,0.0,0.0,0.0015974440894568692,0.0,0.0,0.0005609143502528038,0.00019187689118416493
81,Charge,Charge,Aggressive,0.0,0.0,0.024436090225563915,0.004819277108433735,0.019230769230769232,0.05505952380952381,0.0,0.0,0.0,0.006693440428380187,0.010101010101010102,0.014376996805111822,0.016791044776119403,0.04950495049504951,0.01459283965869319,0.0036291168123184173
82,Charge,Dig Substrate,Aggressive,0.0,0.0,0.001879699248120301,0.0,0.00641025641025641,0.020833333333333332,0.0,0.0,0.0,0.0,0.00202020202020202,0.004792332268370608,0.005597014925373134,0.0,0.002537367575805539,0.0009948928377986213
83,Charge,Entry/Exit Pot,Aggressive,0.0,0.0,0.007518796992481204,0.0,0.0,0.00744047619047619,0.0,0.0020408163265306124,0.0,0.0,0.0,0.0015974440894568692,0.0037313432835820895,0.0,0.0015989300567294147,0.0005684623314777886
84,Charge,Foraging,Aggressive,0.0,0.0,0.015037593984962409,0.01927710843373494,0.0,0.019345238095238096,0.001597444089456869,0.0,0.0,0.0,0.00202020202020202,0.009584664536741215,0.0037313432835820895,0.009900990099009901,0.006365749404598187,0.001540619278046296
85,Charge,Frontal Side Display,Aggressive,0.0,0.0,0.005639097744360903,0.0,0.0,0.0,0.0,0.0,0.0,0.0013386880856760374,0.0,0.004792332268370608,0.0018656716417910447,0.0,0.0011787677906691428,0.0004357320404773292
86,Charge,Lateral Side Display,Aggressive,0.0,0.0,0.005639097744360903,0.0,0.01282051282051282,0.002976190476190476,0.0,0.0,0.0,0.004016064257028112,0.0,0.0015974440894568692,0.0018656716417910447,0.0,0.0017280542956795016,0.0006568325837531398
87,Chase,Border Fight,Aggressive,0.0,0.0,0.001879699248120301,0.0,0.019230769230769232,0.0,0.0,0.0,0.0,0.0,0.0,0.0015974440894568692,0.0,0.0,0.0011902298139056168,0.0008714152850587699
88,Chase,Entry/Exit Pot,Aggressive,0.0,0.0,0.001879699248120301,0.0012048192771084338,0.0,0.001488095238095238,0.004792332268370607,0.0,0.0,0.004016064257028112,0.0,0.0031948881789137383,0.0,0.0,0.0010388775078081318,0.0003221616790022663
89,Dig Substrate,Charge,Reproductive,0.0,0.0,0.009398496240601505,0.014457831325301205,0.0,0.028273809523809524,0.007987220447284345,0.0,0.00141643059490085,0.009370816599732263,0.01818181818181818,0.011182108626198084,0.014925373134328358,0.0,0.008333615099191893,0.0017261875737943576
90,Dig Substrate,Entry/Exit Pot,Reproductive,0.0,0.0,0.003759398496240602,0.0012048192771084338,0.0,0.0,0.004792332268370607,0.022448979591836733,0.0,0.00535475234270415,0.00202020202020202,0.004792332268370608,0.005597014925373134,0.0,0.003061072644431867,0.001037574046344929
91,Entry/Exit Pot,Dig Substrate,Reproductive,0.0,0.0,0.003759398496240602,0.0,0.0,0.0,0.003194888178913738,0.0163265306122449,0.0,0.004016064257028112,0.006060606060606061,0.0031948881789137383,0.0018656716417910447,0.0,0.0024226641728768016,0.0007961911156467524
92,Foraging,Biting,Reproductive,0.0,0.0,0.003759398496240602,0.016867469879518072,0.0,0.002976190476190476,0.006389776357827476,0.004081632653061225,0.015580736543909348,0.00535475234270415,0.00202020202020202,0.0031948881789137383,0.0037313432835820895,0.0,0.004251349640482078,0.0011337637115376084
93,Frontal Side Display,Biting,Aggressive,0.0,0.0,0.001879699248120301,0.0012048192771084338,0.0,0.0,0.001597444089456869,0.0,0.0,0.0,0.0,0.0,0.0037313432835820895,0.0,0.0006922348957762963,0.00025408024947515105
94,Lateral Side Display,Charge,Aggressive,0.0,0.0,0.003759398496240602,0.0,0.0,0.00744047619047619,0.001597444089456869,0.0,0.0,0.009370816599732263,0.00404040404040404,0.0031948881789137383,0.0018656716417910447,0.0,0.002005884617925644,0.0005611870441639598
95,Lateral Side Display,Foraging,Aggressive,0.0,0.0,0.001879699248120301,0.0,0.0,0.002976190476190476,0.001597444089456869,0.0,0.0,0.0,0.00202020202020202,0.0015974440894568692,0.0,0.0,0.0007076511491457149,0.00021180128451007366
96,Biting,Border Fight,Aggressive,0.0,0.0,0.0,0.0012048192771084338,0.0,0.0,0.001597444089456869,0.0,0.0,0.0013386880856760374,0.0,0.0031948881789137383,0.0,0.0,0.0005334339585080569,0.00021522953620696958
97,Border Fight,Biting,Aggressive,0.0,0.0,0.0,0.0012048192771084338,0.0,0.0,0.001597444089456869,0.0,0.0,0.0,0.0,0.0,0.0,0.0,0.000182140120166988,0.00010113164971995787
98,Dig Substrate,Biting,Reproductive,0.0,0.0,0.0,0.0012048192771084338,0.0,0.002976190476190476,0.0,0.018367346938775512,0.00424929178470255,0.002677376171352075,0.00808080808080808,0.0031948881789137383,0.0037313432835820895,0.0,0.002758814682356604,0.0009137729750039295
99,Entry/Exit Pot,Foraging,Reproductive,0.0,0.0,0.0,0.0012048192771084338,0.0,0.001488095238095238,0.0,0.0020408163265306124,0.00141643059490085,0.0,0.00202020202020202,0.0,0.0,0.0,0.0005179720342794367,0.00017124926207560487
100,Quiver,Biting,Reproductive,0.0,0.0,0.0,0.0012048192771084338,0.0,0.0,0.006389776357827476,0.0020408163265306124,0.00141643059490085,0.002677376171352075,0.00202020202020202,0.0,0.0,0.0,0.0008624746384196327,0.00032523527387609384
101,Quiver,Foraging,Reproductive,0.0,0.0,0.0,0.0012048192771084338,0.0,0.001488095238095238,0.0,0.00816326530612245,0.0,0.0,0.0,0.0,0.0,0.0,0.0005482272317470253,0.0003755064076468359
102,Border Fight,Foraging,Aggressive,0.0,0.0,0.0,0.0,0.00641025641025641,0.0,0.0,0.0,0.0,0.0,0.0,0.0,0.0,0.0,0.0002913752913752914,0.0002913752913752914
103,Border Fight,Lead,Aggressive,0.0,0.0,0.0,0.0,0.019230769230769232,0.0,0.0,0.0,0.0,0.002677376171352075,0.0,0.0015974440894568692,0.0,0.0,0.0011410469809561383,0.0008746684503920956
104,Foraging,Border Fight,Reproductive,0.0,0.0,0.0,0.0,0.00641025641025641,0.0,0.0,0.0,0.0,0.0,0.0,0.0,0.0,0.0,0.0002913752913752914,0.0002913752913752914
105,Lateral Side Display,Scrape,Aggressive,0.0,0.0,0.0,0.0,0.01282051282051282,0.0,0.0,0.0020408163265306124,0.0028328611898017,0.0013386880856760374,0.0,0.0015974440894568692,0.0018656716417910447,0.0,0.0011799595402280454,0.0005880889988345018
106,Lead,Border Fight,Reproductive,0.0,0.0,0.0,0.0,0.00641025641025641,0.0,0.001597444089456869,0.0,0.0,0.0013386880856760374,0.0,0.0,0.0,0.0,0.00042483584479042347,0.0002995834762307517
107,Scrape,Border Fight,Aggressive,0.0,0.0,0.0,0.0,0.00641025641025641,0.0,0.0,0.0,0.0,0.0013386880856760374,0.0,0.0015974440894568692,0.0,0.0,0.0004974469397657356,0.0003034546836392331
108,Border Fight,Border Fight,Aggressive,0.0,0.0,0.0,0.0,0.0,0.002976190476190476,0.0,0.0,0.0,0.0,0.0,0.0,0.0,0.0,0.00013528138528138528,0.00013528138528138528
109,Border Fight,Charge,Aggressive,0.0,0.0,0.0,0.0,0.0,0.002976190476190476,0.0,0.0,0.0,0.0,0.0,0.0,0.0,0.0,0.00013528138528138528,0.00013528138528138528
110,Border Fight,Dig Substrate,Aggressive,0.0,0.0,0.0,0.0,0.0,0.001488095238095238,0.0,0.0,0.0,0.0,0.0,0.0,0.0,0.0,6.764069264069264e-05,6.764069264069264e-05
111,Charge,Quiver,Aggressive,0.0,0.0,0.0,0.0,0.0,0.002976190476190476,0.0,0.0,0.0,0.0,0.0,0.0,0.0,0.0,0.00013528138528138528,0.00013528138528138528
112,Dig Substrate,Border Fight,Reproductive,0.0,0.0,0.0,0.0,0.0,0.001488095238095238,0.0,0.0,0.0,0.0,0.0,0.0,0.0,0.0,6.764069264069264e-05,6.764069264069264e-05
113,Dig Substrate,Lateral Side Display,Reproductive,0.0,0.0,0.0,0.0,0.0,0.005952380952380952,0.0,0.0,0.0,0.0,0.0,0.0,0.0,0.0,0.00027056277056277056,0.00027056277056277056
114,Frontal Side Display,Foraging,Aggressive,0.0,0.0,0.0,0.0,0.0,0.001488095238095238,0.0,0.0,0.0,0.0,0.0,0.0015974440894568692,0.0037313432835820895,0.0,0.0005520759083715071,0.0002481908404030034
115,Lateral Side Display,Border Fight,Aggressive,0.0,0.0,0.0,0.0,0.0,0.001488095238095238,0.0,0.0,0.0,0.0013386880856760374,0.0,0.0,0.0,0.0,0.00012849015108051253,8.8802755944099e-05
116,Lateral Side Display,Dig Substrate,Aggressive,0.0,0.0,0.0,0.0,0.0,0.001488095238095238,0.0,0.0,0.0,0.002677376171352075,0.0,0.0015974440894568692,0.0,0.0,0.00033456179947095687,0.00016132521192895182
117,Lateral Side Display,Lead,Aggressive,0.0,0.0,0.0,0.0,0.0,0.001488095238095238,0.0,0.0,0.0,0.00535475234270415,0.0,0.0015974440894568692,0.0018656716417910447,0.0,0.0006258672292406916,0.0002726148089181441
118,Lead,Frontal Side Display,Reproductive,0.0,0.0,0.0,0.0,0.0,0.001488095238095238,0.0,0.0,0.0,0.0,0.0,0.0,0.0,0.0,6.764069264069264e-05,6.764069264069264e-05
119,Pot Dig,Charge,Reproductive,0.0,0.0,0.0,0.0,0.0,0.001488095238095238,0.0,0.0,0.0,0.0,0.0,0.0,0.0,0.0,6.764069264069264e-05,6.764069264069264e-05
120,Quiver,Chase,Reproductive,0.0,0.0,0.0,0.0,0.0,0.001488095238095238,0.003194888178913738,0.0,0.0,0.0,0.0,0.0,0.0,0.0,0.00021286288259131708,0.00015725530407046897
121,Pot Dig,Dig Substrate,Reproductive,0.0,0.0,0.0,0.0,0.0,0.0,0.001597444089456869,0.00816326530612245,0.0,0.0,0.0,0.0,0.0,0.0,0.000443668608889969,0.0003746866157139419
122,Quiver,Dig Substrate,Reproductive,0.0,0.0,0.0,0.0,0.0,0.0,0.001597444089456869,0.004081632653061225,0.0,0.0013386880856760374,0.0,0.0,0.0,0.0,0.0003189893103724605,0.00020153655722704425
123,Dig Substrate,Quiver,Reproductive,0.0,0.0,0.0,0.0,0.0,0.0,0.0,0.004081632653061225,0.0,0.0013386880856760374,0.00404040404040404,0.0,0.0,0.0,0.0006136876736156974,0.0003044264502485128
124,Pot Dig,Biting,Reproductive,0.0,0.0,0.0,0.0,0.0,0.0,0.0,0.0020408163265306124,0.0,0.0,0.0,0.0,0.0,0.0,9.27643784786642e-05,9.276437847866418e-05
125,Pot Dig,Lead,Reproductive,0.0,0.0,0.0,0.0,0.0,0.0,0.0,0.0020408163265306124,0.0,0.0,0.0,0.0,0.0,0.0,9.27643784786642e-05,9.276437847866418e-05
126,Lead,Pot Dig,Reproductive,0.0,0.0,0.0,0.0,0.0,0.0,0.0,0.0,0.00141643059490085,0.0,0.0,0.0,0.0,0.0,6.438320885912955e-05,6.438320885912953e-05
127,Scrape,Lateral Side Display,Aggressive,0.0,0.0,0.0,0.0,0.0,0.0,0.0,0.0,0.00141643059490085,0.002677376171352075,0.0,0.0015974440894568692,0.0018656716417910447,0.0,0.0005009108285794887,0.00018445942373884497
128,Border Fight,Lateral Side Display,Aggressive,0.0,0.0,0.0,0.0,0.0,0.0,0.0,0.0,0.0,0.0013386880856760374,0.0,0.0,0.0,0.0,6.0849458439819885e-05,6.084945843981989e-05
129,Chase,Frontal Side Display,Aggressive,0.0,0.0,0.0,0.0,0.0,0.0,0.0,0.0,0.0,0.0013386880856760374,0.0,0.0031948881789137383,0.0018656716417910447,0.0,0.0005209003512311639,0.00022408423654860825
130,Frontal Side Display,Entry/Exit Pot,Aggressive,0.0,0.0,0.0,0.0,0.0,0.0,0.0,0.0,0.0,0.0013386880856760374,0.0,0.0,0.0,0.0,6.0849458439819885e-05,6.084945843981989e-05
131,Frontal Side Display,Lateral Side Display,Aggressive,0.0,0.0,0.0,0.0,0.0,0.0,0.0,0.0,0.0,0.0013386880856760374,0.0,0.0,0.0,0.0,6.0849458439819885e-05,6.084945843981989e-05
132,Chase,Pot Dig,Aggressive,0.0,0.0,0.0,0.0,0.0,0.0,0.0,0.0,0.0,0.0,0.0,0.0015974440894568692,0.0,0.0,0.00014522218995062446,0.00010021283173719929
133,Foraging,Lateral Side Display,Reproductive,0.0,0.0,0.0,0.0,0.0,0.0,0.0,0.0,0.0,0.0,0.0,0.0015974440894568692,0.0,0.0,0.00014522218995062446,0.00010021283173719929
134,Frontal Side Display,Scrape,Aggressive,0.0,0.0,0.0,0.0,0.0,0.0,0.0,0.0,0.0,0.0,0.0,0.0015974440894568692,0.0,0.0,0.00014522218995062446,0.00010021283173719929
